-- MySQL dump 10.13  Distrib 8.0.41, for Win64 (x86_64)
--
-- Host: localhost    Database: industry_db
-- ------------------------------------------------------
-- Server version	8.0.41

/*!40101 SET @OLD_CHARACTER_SET_CLIENT=@@CHARACTER_SET_CLIENT */;
/*!40101 SET @OLD_CHARACTER_SET_RESULTS=@@CHARACTER_SET_RESULTS */;
/*!40101 SET @OLD_COLLATION_CONNECTION=@@COLLATION_CONNECTION */;
/*!50503 SET NAMES utf8mb4 */;
/*!40103 SET @OLD_TIME_ZONE=@@TIME_ZONE */;
/*!40103 SET TIME_ZONE='+00:00' */;
/*!40014 SET @OLD_UNIQUE_CHECKS=@@UNIQUE_CHECKS, UNIQUE_CHECKS=0 */;
/*!40014 SET @OLD_FOREIGN_KEY_CHECKS=@@FOREIGN_KEY_CHECKS, FOREIGN_KEY_CHECKS=0 */;
/*!40101 SET @OLD_SQL_MODE=@@SQL_MODE, SQL_MODE='NO_AUTO_VALUE_ON_ZERO' */;
/*!40111 SET @OLD_SQL_NOTES=@@SQL_NOTES, SQL_NOTES=0 */;

--
-- Current Database: `industry_db`
--

/*!40000 DROP DATABASE IF EXISTS `industry_db`*/;

CREATE DATABASE /*!32312 IF NOT EXISTS*/ `industry_db` /*!40100 DEFAULT CHARACTER SET utf8mb4 COLLATE utf8mb4_0900_ai_ci */ /*!80016 DEFAULT ENCRYPTION='N' */;

USE `industry_db`;

--
-- Table structure for table `attendance_records`
--

DROP TABLE IF EXISTS `attendance_records`;
/*!40101 SET @saved_cs_client     = @@character_set_client */;
/*!50503 SET character_set_client = utf8mb4 */;
CREATE TABLE `attendance_records` (
  `id` int NOT NULL AUTO_INCREMENT,
  `employee_id` varchar(20) NOT NULL COMMENT '员工工号',
  `check_in_time` datetime DEFAULT NULL COMMENT '上班打卡时间',
  `check_out_time` datetime DEFAULT NULL COMMENT '下班打卡时间',
  `date` date NOT NULL COMMENT '日期',
  `status` enum('正常','迟到','早退','缺勤') DEFAULT '正常' COMMENT '考勤状态',
  `notes` text COMMENT '备注',
  `created_at` timestamp NULL DEFAULT CURRENT_TIMESTAMP,
  `updated_at` timestamp NULL DEFAULT CURRENT_TIMESTAMP ON UPDATE CURRENT_TIMESTAMP,
  PRIMARY KEY (`id`),
  KEY `idx_employee_id` (`employee_id`),
  KEY `idx_date` (`date`)
) ENGINE=InnoDB AUTO_INCREMENT=11 DEFAULT CHARSET=utf8mb4 COLLATE=utf8mb4_0900_ai_ci COMMENT='打卡记录表';
/*!40101 SET character_set_client = @saved_cs_client */;

--
-- Dumping data for table `attendance_records`
--

LOCK TABLES `attendance_records` WRITE;
/*!40000 ALTER TABLE `attendance_records` DISABLE KEYS */;
INSERT INTO `attendance_records` VALUES (5,'WK0008','2025-04-20 15:50:15','2025-04-20 15:50:29','2025-04-20','正常',NULL,'2025-04-20 07:50:14','2025-04-20 07:50:29'),(6,'SF0009','2025-04-20 16:05:23','2025-04-20 16:05:26','2025-04-20','正常',NULL,'2025-04-20 08:05:23','2025-04-20 08:05:26'),(7,'FM0002','2025-04-20 18:23:29','2025-04-20 18:23:32','2025-04-20','正常',NULL,'2025-04-20 10:23:28','2025-04-20 10:23:32'),(8,'FM0002','2025-04-21 18:36:14','2025-04-21 19:25:00','2025-04-21','正常',NULL,'2025-04-21 10:36:14','2025-04-21 11:24:59'),(9,'SF0009','2025-04-21 15:57:30','2025-04-21 15:57:36','2025-04-21','正常',NULL,'2025-04-21 07:57:30','2025-04-21 07:57:36'),(10,'SF0009','2025-04-22 19:30:29','2025-04-22 19:30:32','2025-04-22','正常',NULL,'2025-04-22 11:30:28','2025-04-22 11:30:31');
/*!40000 ALTER TABLE `attendance_records` ENABLE KEYS */;
UNLOCK TABLES;

--
-- Table structure for table `equipment`
--

DROP TABLE IF EXISTS `equipment`;
/*!40101 SET @saved_cs_client     = @@character_set_client */;
/*!50503 SET character_set_client = utf8mb4 */;
CREATE TABLE `equipment` (
  `id` int NOT NULL AUTO_INCREMENT,
  `equipment_name` varchar(100) NOT NULL COMMENT '设备名称',
  `equipment_code` varchar(50) NOT NULL COMMENT '设备编码',
  `line_id` varchar(50) NOT NULL COMMENT '所属产线ID',
  `equipment_type` varchar(50) DEFAULT NULL COMMENT '设备类型',
  `status` varchar(20) DEFAULT '正常' COMMENT '运行状态',
  `worker_id` varchar(20) DEFAULT NULL COMMENT '负责工人的工号',
  `description` text COMMENT '设备描述',
  `location` varchar(100) DEFAULT NULL COMMENT '设备位置',
  `created_at` timestamp NULL DEFAULT CURRENT_TIMESTAMP COMMENT '创建时间',
  `updated_at` timestamp NULL DEFAULT CURRENT_TIMESTAMP ON UPDATE CURRENT_TIMESTAMP COMMENT '更新时间',
  `sensor_projects` json DEFAULT NULL COMMENT '传感器项目列表',
  PRIMARY KEY (`id`),
  UNIQUE KEY `equipment_code` (`equipment_code`),
  KEY `idx_line_id` (`line_id`),
  KEY `idx_status` (`status`),
  KEY `idx_worker_id` (`worker_id`)
) ENGINE=InnoDB AUTO_INCREMENT=13 DEFAULT CHARSET=utf8mb4 COLLATE=utf8mb4_0900_ai_ci COMMENT='设备静态信息表';
/*!40101 SET character_set_client = @saved_cs_client */;

--
-- Dumping data for table `equipment`
--

LOCK TABLES `equipment` WRITE;
/*!40000 ALTER TABLE `equipment` DISABLE KEYS */;
INSERT INTO `equipment` VALUES (1,'注塑机A-01','JSJ-A01','1','注塑机','停机','','用于生产塑料外壳的注塑设备','车间A区','2025-04-11 01:22:26','2025-04-21 10:36:40',NULL),(2,'压铸机B-02','YZJ-B02','1','压铸机','正常','','用于生产金属零件的压铸设备','车间A区','2025-04-11 01:22:26','2025-04-19 13:11:40',NULL),(3,'车床D-01','CD-D01','2','车床','正常','','用于加工金属零件的车床','车间B区','2025-04-11 01:22:26','2025-04-19 13:11:40',NULL),(4,'铣床E-01','XC-E01','2','铣床','正常','','用于精加工的铣床','车间B区','2025-04-11 01:22:26','2025-04-19 13:11:41',NULL),(5,'组装台G-01','ZZT-G01','3','组装设备','维修中','WK0003','用于产品组装的工作台','车间C区','2025-04-11 01:22:26','2025-04-21 10:37:10',NULL),(6,'包装机H-01','BZJ-H01','3','生产设备','停机','WK0008','','','2025-04-11 01:22:27','2025-04-21 11:31:54','{\"speed\": \"转速\", \"pressure\": \"压力\", \"vibration\": \"振动\", \"temperature\": \"温度\"}'),(10,'发发发发发','254','3','生产设备','正常',NULL,NULL,NULL,'2025-04-20 02:25:16','2025-04-20 02:25:16','{\"pressure\": \"压力\", \"vibration\": \"振动\", \"temperature\": \"温度\"}');
/*!40000 ALTER TABLE `equipment` ENABLE KEYS */;
UNLOCK TABLES;

--
-- Table structure for table `equipment_status`
--

DROP TABLE IF EXISTS `equipment_status`;
/*!40101 SET @saved_cs_client     = @@character_set_client */;
/*!50503 SET character_set_client = utf8mb4 */;
CREATE TABLE `equipment_status` (
  `id` int NOT NULL AUTO_INCREMENT,
  `equipment_id` int NOT NULL COMMENT '设备ID',
  `runtime_hours` float DEFAULT '0' COMMENT '运行时长(小时)',
  `collection_time` timestamp NULL DEFAULT CURRENT_TIMESTAMP COMMENT '数据采集时间',
  `sensor_data` json DEFAULT NULL COMMENT '传感器实时数据',
  `fault_probability` float DEFAULT '0' COMMENT '估计故障概率',
  PRIMARY KEY (`id`),
  KEY `idx_equipment_id` (`equipment_id`),
  KEY `idx_collection_time` (`collection_time`),
  CONSTRAINT `equipment_status_ibfk_1` FOREIGN KEY (`equipment_id`) REFERENCES `equipment` (`id`) ON DELETE CASCADE
) ENGINE=InnoDB AUTO_INCREMENT=1695 DEFAULT CHARSET=utf8mb4 COLLATE=utf8mb4_0900_ai_ci COMMENT='设备实时状态表';
/*!40101 SET character_set_client = @saved_cs_client */;

--
-- Dumping data for table `equipment_status`
--

LOCK TABLES `equipment_status` WRITE;
/*!40000 ALTER TABLE `equipment_status` DISABLE KEYS */;
INSERT INTO `equipment_status` VALUES (1,1,574,'2025-04-11 10:22:30','{\"noise\": 67.0, \"pressure\": 24.0, \"vibration\": 0.88, \"cycle_time\": 44.5, \"temperature\": 73.2, \"mold_temperature\": 200.1}',0.021),(2,1,573,'2025-04-11 09:22:30','{\"noise\": 89.9, \"pressure\": 23.5, \"vibration\": 2.13, \"cycle_time\": 20.3, \"temperature\": 20.3, \"mold_temperature\": 238.6}',0.092),(3,1,572,'2025-04-11 08:22:30','{\"noise\": 88.2, \"pressure\": 22.6, \"vibration\": 2.14, \"cycle_time\": 19.1, \"temperature\": 48.0, \"mold_temperature\": 210.1}',0.098),(4,1,571,'2025-04-11 07:22:30','{\"noise\": 61.5, \"pressure\": 23.7, \"vibration\": 0.9, \"cycle_time\": 39.0, \"temperature\": 77.8, \"mold_temperature\": 168.7}',0.079),(5,1,570,'2025-04-11 06:22:30','{\"noise\": 76.1, \"pressure\": 16.7, \"vibration\": 4.99, \"cycle_time\": 29.8, \"temperature\": 83.4, \"mold_temperature\": 177.0}',0.283),(6,1,569,'2025-04-11 05:22:30','{\"noise\": 91.6, \"pressure\": 26.7, \"vibration\": 3.34, \"cycle_time\": 25.9, \"temperature\": 74.2, \"mold_temperature\": 153.7}',0.123),(7,1,568,'2025-04-11 04:22:30','{\"noise\": 85.5, \"pressure\": 17.5, \"vibration\": 3.57, \"cycle_time\": 36.8, \"temperature\": 73.9, \"mold_temperature\": 214.7}',0.096),(8,1,567,'2025-04-11 03:22:30','{\"noise\": 66.0, \"pressure\": 26.7, \"vibration\": 1.92, \"cycle_time\": 16.7, \"temperature\": 32.4, \"mold_temperature\": 234.0}',0.077),(9,1,566,'2025-04-11 02:22:30','{\"noise\": 92.3, \"pressure\": 17.4, \"vibration\": 2.7, \"cycle_time\": 30.3, \"temperature\": 78.1, \"mold_temperature\": 215.9}',0.089),(10,1,565,'2025-04-11 01:22:30','{\"noise\": 76.3, \"pressure\": 29.8, \"vibration\": 1.05, \"cycle_time\": 37.4, \"temperature\": 34.4, \"mold_temperature\": 232.4}',0.079),(11,1,564,'2025-04-11 00:22:30','{\"noise\": 65.6, \"pressure\": 22.7, \"vibration\": 4.08, \"cycle_time\": 32.0, \"temperature\": 45.1, \"mold_temperature\": 180.8}',0.149),(12,1,563,'2025-04-10 23:22:30','{\"noise\": 72.7, \"pressure\": 27.5, \"vibration\": 2.88, \"cycle_time\": 36.7, \"temperature\": 70.1, \"mold_temperature\": 249.7}',0.1),(13,1,562,'2025-04-10 22:22:30','{\"noise\": 92.5, \"pressure\": 15.1, \"vibration\": 4.76, \"cycle_time\": 23.5, \"temperature\": 40.2, \"mold_temperature\": 217.5}',0.161),(14,1,561,'2025-04-10 21:22:30','{\"noise\": 67.3, \"pressure\": 25.7, \"vibration\": 0.46, \"cycle_time\": 35.1, \"temperature\": 54.7, \"mold_temperature\": 189.4}',0.063),(15,1,560,'2025-04-10 20:22:30','{\"noise\": 66.6, \"pressure\": 18.8, \"vibration\": 4.33, \"cycle_time\": 40.1, \"temperature\": 80.0, \"mold_temperature\": 179.9}',0.201),(16,1,559,'2025-04-10 19:22:30','{\"noise\": 87.7, \"pressure\": 19.4, \"vibration\": 3.73, \"cycle_time\": 17.2, \"temperature\": 25.6, \"mold_temperature\": 209.6}',0.133),(17,1,558,'2025-04-10 18:22:30','{\"noise\": 69.5, \"pressure\": 21.6, \"vibration\": 3.71, \"cycle_time\": 25.9, \"temperature\": 37.9, \"mold_temperature\": 192.1}',0.091),(18,1,557,'2025-04-10 17:22:30','{\"noise\": 81.0, \"pressure\": 14.1, \"vibration\": 4.23, \"cycle_time\": 19.8, \"temperature\": 71.5, \"mold_temperature\": 188.1}',0.156),(19,1,556,'2025-04-10 16:22:30','{\"noise\": 68.2, \"pressure\": 12.6, \"vibration\": 2.88, \"cycle_time\": 39.0, \"temperature\": 66.4, \"mold_temperature\": 209.7}',0.012),(20,1,555,'2025-04-10 15:22:30','{\"noise\": 84.3, \"pressure\": 21.4, \"vibration\": 0.37, \"cycle_time\": 34.2, \"temperature\": 56.9, \"mold_temperature\": 200.6}',0.046),(21,1,554,'2025-04-10 14:22:30','{\"noise\": 61.2, \"pressure\": 23.6, \"vibration\": 0.4, \"cycle_time\": 38.3, \"temperature\": 71.0, \"mold_temperature\": 203.1}',0.037),(22,1,553,'2025-04-10 13:22:30','{\"noise\": 78.3, \"pressure\": 24.3, \"vibration\": 4.04, \"cycle_time\": 33.2, \"temperature\": 82.4, \"mold_temperature\": 172.2}',0.287),(23,1,552,'2025-04-10 12:22:30','{\"noise\": 64.1, \"pressure\": 21.0, \"vibration\": 4.45, \"cycle_time\": 19.0, \"temperature\": 27.2, \"mold_temperature\": 249.5}',0.119),(24,1,551,'2025-04-10 11:22:30','{\"noise\": 85.5, \"pressure\": 21.1, \"vibration\": 0.44, \"cycle_time\": 34.1, \"temperature\": 24.4, \"mold_temperature\": 204.5}',0.032),(25,2,624,'2025-04-11 10:22:30','{\"noise\": 85.9, \"pressure\": 27.8, \"vibration\": 1.42, \"cycle_time\": 73.7, \"temperature\": 36.8, \"metal_temperature\": 738.5}',0.076),(26,2,623,'2025-04-11 09:22:30','{\"noise\": 79.3, \"pressure\": 41.9, \"vibration\": 4.17, \"cycle_time\": 87.7, \"temperature\": 72.5, \"metal_temperature\": 632.4}',0.267),(27,2,622,'2025-04-11 08:22:30','{\"noise\": 79.1, \"pressure\": 45.9, \"vibration\": 4.26, \"cycle_time\": 65.4, \"temperature\": 39.4, \"metal_temperature\": 749.9}',0.336),(28,2,621,'2025-04-11 07:22:30','{\"noise\": 87.8, \"pressure\": 23.5, \"vibration\": 4.46, \"cycle_time\": 69.8, \"temperature\": 39.3, \"metal_temperature\": 705.6}',0.114),(29,2,620,'2025-04-11 06:22:30','{\"noise\": 94.0, \"pressure\": 23.1, \"vibration\": 3.93, \"cycle_time\": 44.3, \"temperature\": 21.2, \"metal_temperature\": 724.9}',0.127),(30,2,619,'2025-04-11 05:22:30','{\"noise\": 80.3, \"pressure\": 44.3, \"vibration\": 2.3, \"cycle_time\": 33.5, \"temperature\": 52.2, \"metal_temperature\": 665.2}',0.281),(31,2,618,'2025-04-11 04:22:30','{\"noise\": 62.1, \"pressure\": 49.7, \"vibration\": 0.84, \"cycle_time\": 52.2, \"temperature\": 79.1, \"metal_temperature\": 735.7}',0.354),(32,2,617,'2025-04-11 03:22:30','{\"noise\": 67.5, \"pressure\": 34.4, \"vibration\": 4.1, \"cycle_time\": 57.9, \"temperature\": 26.0, \"metal_temperature\": 611.7}',0.181),(33,2,616,'2025-04-11 02:22:30','{\"noise\": 93.5, \"pressure\": 36.9, \"vibration\": 2.38, \"cycle_time\": 69.0, \"temperature\": 31.2, \"metal_temperature\": 687.8}',0.197),(34,2,615,'2025-04-11 01:22:30','{\"noise\": 81.2, \"pressure\": 47.6, \"vibration\": 3.14, \"cycle_time\": 64.4, \"temperature\": 53.6, \"metal_temperature\": 632.0}',0.246),(35,2,614,'2025-04-11 00:22:30','{\"noise\": 69.3, \"pressure\": 43.7, \"vibration\": 2.52, \"cycle_time\": 58.4, \"temperature\": 32.2, \"metal_temperature\": 637.7}',0.226),(36,2,613,'2025-04-10 23:22:30','{\"noise\": 82.7, \"pressure\": 30.1, \"vibration\": 3.51, \"cycle_time\": 30.2, \"temperature\": 78.3, \"metal_temperature\": 733.6}',0.238),(37,2,612,'2025-04-10 22:22:30','{\"noise\": 87.8, \"pressure\": 36.1, \"vibration\": 1.68, \"cycle_time\": 60.0, \"temperature\": 45.0, \"metal_temperature\": 605.9}',0.124),(38,2,611,'2025-04-10 21:22:30','{\"noise\": 89.2, \"pressure\": 38.7, \"vibration\": 3.13, \"cycle_time\": 38.1, \"temperature\": 29.3, \"metal_temperature\": 702.4}',0.208),(39,2,610,'2025-04-10 20:22:30','{\"noise\": 64.6, \"pressure\": 42.7, \"vibration\": 4.95, \"cycle_time\": 47.2, \"temperature\": 63.2, \"metal_temperature\": 617.2}',0.372),(40,2,609,'2025-04-10 19:22:30','{\"noise\": 92.0, \"pressure\": 27.2, \"vibration\": 0.37, \"cycle_time\": 89.4, \"temperature\": 37.6, \"metal_temperature\": 665.9}',0.053),(41,2,608,'2025-04-10 18:22:30','{\"noise\": 83.9, \"pressure\": 28.1, \"vibration\": 2.45, \"cycle_time\": 49.8, \"temperature\": 22.4, \"metal_temperature\": 671.9}',0.093),(42,2,607,'2025-04-10 17:22:30','{\"noise\": 83.8, \"pressure\": 21.3, \"vibration\": 3.12, \"cycle_time\": 57.0, \"temperature\": 38.2, \"metal_temperature\": 604.0}',0.031),(43,2,606,'2025-04-10 16:22:30','{\"noise\": 86.2, \"pressure\": 40.2, \"vibration\": 3.12, \"cycle_time\": 47.1, \"temperature\": 33.6, \"metal_temperature\": 693.3}',0.215),(44,2,605,'2025-04-10 15:22:30','{\"noise\": 72.7, \"pressure\": 41.1, \"vibration\": 4.28, \"cycle_time\": 32.7, \"temperature\": 78.4, \"metal_temperature\": 692.2}',0.313),(45,2,604,'2025-04-10 14:22:30','{\"noise\": 81.4, \"pressure\": 27.4, \"vibration\": 4.47, \"cycle_time\": 38.3, \"temperature\": 21.2, \"metal_temperature\": 665.4}',0.129),(46,2,603,'2025-04-10 13:22:30','{\"noise\": 72.6, \"pressure\": 20.4, \"vibration\": 4.95, \"cycle_time\": 79.8, \"temperature\": 55.5, \"metal_temperature\": 699.3}',0.132),(47,2,602,'2025-04-10 12:22:30','{\"noise\": 91.2, \"pressure\": 32.6, \"vibration\": 4.67, \"cycle_time\": 65.7, \"temperature\": 78.4, \"metal_temperature\": 618.8}',0.3),(48,2,601,'2025-04-10 11:22:30','{\"noise\": 63.8, \"pressure\": 31.1, \"vibration\": 0.88, \"cycle_time\": 67.4, \"temperature\": 82.9, \"metal_temperature\": 736.4}',0.236),(49,3,674,'2025-04-11 10:22:30','{\"noise\": 66.3, \"feed_rate\": 191.9, \"vibration\": 1.84, \"temperature\": 60.9, \"cutting_force\": 492.3, \"spindle_speed\": 2816.0}',0.249),(50,3,673,'2025-04-11 09:22:30','{\"noise\": 91.8, \"feed_rate\": 149.5, \"vibration\": 1.42, \"temperature\": 72.0, \"cutting_force\": 389.8, \"spindle_speed\": 2305.0}',0.038),(51,3,672,'2025-04-11 08:22:30','{\"noise\": 73.4, \"feed_rate\": 245.2, \"vibration\": 0.45, \"temperature\": 62.6, \"cutting_force\": 430.2, \"spindle_speed\": 714.0}',0.058),(52,3,671,'2025-04-11 07:22:30','{\"noise\": 82.8, \"feed_rate\": 258.5, \"vibration\": 0.54, \"temperature\": 61.0, \"cutting_force\": 280.7, \"spindle_speed\": 793.0}',0.078),(53,3,670,'2025-04-11 06:22:30','{\"noise\": 81.9, \"feed_rate\": 269.0, \"vibration\": 3.92, \"temperature\": 46.5, \"cutting_force\": 228.6, \"spindle_speed\": 1360.0}',0.067),(54,3,669,'2025-04-11 05:22:30','{\"noise\": 68.7, \"feed_rate\": 71.0, \"vibration\": 4.08, \"temperature\": 71.9, \"cutting_force\": 455.0, \"spindle_speed\": 2731.0}',0.196),(55,3,668,'2025-04-11 04:22:30','{\"noise\": 92.1, \"feed_rate\": 190.3, \"vibration\": 2.04, \"temperature\": 52.4, \"cutting_force\": 265.0, \"spindle_speed\": 2508.0}',0.019),(56,3,667,'2025-04-11 03:22:30','{\"noise\": 69.3, \"feed_rate\": 269.0, \"vibration\": 0.44, \"temperature\": 70.7, \"cutting_force\": 328.1, \"spindle_speed\": 2633.0}',0.137),(57,3,666,'2025-04-11 02:22:30','{\"noise\": 93.4, \"feed_rate\": 277.9, \"vibration\": 2.81, \"temperature\": 41.4, \"cutting_force\": 448.4, \"spindle_speed\": 760.0}',0.029),(58,3,665,'2025-04-11 01:22:30','{\"noise\": 68.6, \"feed_rate\": 299.9, \"vibration\": 2.98, \"temperature\": 74.7, \"cutting_force\": 115.7, \"spindle_speed\": 2314.0}',0.067),(59,3,664,'2025-04-11 00:22:30','{\"noise\": 74.4, \"feed_rate\": 179.8, \"vibration\": 2.61, \"temperature\": 55.8, \"cutting_force\": 351.8, \"spindle_speed\": 1373.0}',0.034),(60,3,663,'2025-04-10 23:22:30','{\"noise\": 60.3, \"feed_rate\": 207.0, \"vibration\": 0.54, \"temperature\": 44.5, \"cutting_force\": 177.8, \"spindle_speed\": 2470.0}',0.031),(61,3,662,'2025-04-10 22:22:30','{\"noise\": 79.2, \"feed_rate\": 212.2, \"vibration\": 1.22, \"temperature\": 61.8, \"cutting_force\": 359.7, \"spindle_speed\": 1604.0}',0.094),(62,3,661,'2025-04-10 21:22:30','{\"noise\": 90.7, \"feed_rate\": 102.3, \"vibration\": 4.11, \"temperature\": 53.3, \"cutting_force\": 467.7, \"spindle_speed\": 1083.0}',0.126),(63,3,660,'2025-04-10 20:22:30','{\"noise\": 91.5, \"feed_rate\": 92.7, \"vibration\": 0.51, \"temperature\": 48.1, \"cutting_force\": 161.4, \"spindle_speed\": 1579.0}',0.05),(64,3,659,'2025-04-10 19:22:30','{\"noise\": 65.1, \"feed_rate\": 89.1, \"vibration\": 2.74, \"temperature\": 27.2, \"cutting_force\": 165.7, \"spindle_speed\": 1227.0}',0.023),(65,3,658,'2025-04-10 18:22:30','{\"noise\": 89.3, \"feed_rate\": 174.0, \"vibration\": 4.06, \"temperature\": 43.7, \"cutting_force\": 188.4, \"spindle_speed\": 2799.0}',0.279),(66,3,657,'2025-04-10 17:22:30','{\"noise\": 89.0, \"feed_rate\": 196.2, \"vibration\": 2.41, \"temperature\": 26.9, \"cutting_force\": 194.6, \"spindle_speed\": 1738.0}',0.061),(67,3,656,'2025-04-10 16:22:30','{\"noise\": 63.2, \"feed_rate\": 113.2, \"vibration\": 2.59, \"temperature\": 61.8, \"cutting_force\": 466.5, \"spindle_speed\": 1196.0}',0.073),(68,3,655,'2025-04-10 15:22:30','{\"noise\": 86.4, \"feed_rate\": 112.8, \"vibration\": 2.41, \"temperature\": 75.6, \"cutting_force\": 195.5, \"spindle_speed\": 2471.0}',0.06),(69,3,654,'2025-04-10 14:22:30','{\"noise\": 72.1, \"feed_rate\": 253.6, \"vibration\": 3.33, \"temperature\": 21.2, \"cutting_force\": 144.3, \"spindle_speed\": 794.0}',0.056),(70,3,653,'2025-04-10 13:22:30','{\"noise\": 82.2, \"feed_rate\": 54.6, \"vibration\": 4.6, \"temperature\": 77.6, \"cutting_force\": 327.0, \"spindle_speed\": 2778.0}',0.321),(71,3,652,'2025-04-10 12:22:30','{\"noise\": 61.5, \"feed_rate\": 210.7, \"vibration\": 4.63, \"temperature\": 57.9, \"cutting_force\": 473.5, \"spindle_speed\": 512.0}',0.176),(72,3,651,'2025-04-10 11:22:30','{\"noise\": 94.0, \"feed_rate\": 144.6, \"vibration\": 1.9, \"temperature\": 43.8, \"cutting_force\": 112.3, \"spindle_speed\": 2340.0}',0.064),(73,4,724,'2025-04-11 10:22:30','{\"noise\": 93.1, \"feed_rate\": 159.2, \"vibration\": 3.71, \"temperature\": 22.5, \"cutting_force\": 491.9, \"spindle_speed\": 1074.0}',0.106),(74,4,723,'2025-04-11 09:22:30','{\"noise\": 74.5, \"feed_rate\": 266.1, \"vibration\": 1.67, \"temperature\": 60.0, \"cutting_force\": 143.4, \"spindle_speed\": 2117.0}',0.09),(75,4,722,'2025-04-11 08:22:30','{\"noise\": 67.8, \"feed_rate\": 95.9, \"vibration\": 4.35, \"temperature\": 66.1, \"cutting_force\": 487.2, \"spindle_speed\": 2147.0}',0.154),(76,4,721,'2025-04-11 07:22:30','{\"noise\": 88.9, \"feed_rate\": 217.1, \"vibration\": 2.89, \"temperature\": 59.5, \"cutting_force\": 162.3, \"spindle_speed\": 1549.0}',0.037),(77,4,720,'2025-04-11 06:22:30','{\"noise\": 62.7, \"feed_rate\": 105.7, \"vibration\": 0.18, \"temperature\": 59.0, \"cutting_force\": 279.5, \"spindle_speed\": 2949.0}',0.235),(78,4,719,'2025-04-11 05:22:30','{\"noise\": 88.7, \"feed_rate\": 64.0, \"vibration\": 3.93, \"temperature\": 50.0, \"cutting_force\": 409.8, \"spindle_speed\": 1726.0}',0.062),(79,4,718,'2025-04-11 04:22:30','{\"noise\": 67.8, \"feed_rate\": 214.1, \"vibration\": 3.51, \"temperature\": 70.5, \"cutting_force\": 240.2, \"spindle_speed\": 766.0}',0.11),(80,4,717,'2025-04-11 03:22:30','{\"noise\": 84.2, \"feed_rate\": 57.9, \"vibration\": 3.35, \"temperature\": 64.7, \"cutting_force\": 193.9, \"spindle_speed\": 1226.0}',0.041),(81,4,716,'2025-04-11 02:22:30','{\"noise\": 90.9, \"feed_rate\": 51.7, \"vibration\": 0.55, \"temperature\": 21.2, \"cutting_force\": 320.2, \"spindle_speed\": 1578.0}',0.03),(82,4,715,'2025-04-11 01:22:30','{\"noise\": 60.6, \"feed_rate\": 79.9, \"vibration\": 1.49, \"temperature\": 72.1, \"cutting_force\": 479.1, \"spindle_speed\": 521.0}',0.026),(83,4,714,'2025-04-11 00:22:30','{\"noise\": 71.1, \"feed_rate\": 140.3, \"vibration\": 3.91, \"temperature\": 50.4, \"cutting_force\": 342.2, \"spindle_speed\": 2131.0}',0.099),(84,4,713,'2025-04-10 23:22:30','{\"noise\": 69.2, \"feed_rate\": 106.1, \"vibration\": 2.16, \"temperature\": 73.4, \"cutting_force\": 121.1, \"spindle_speed\": 1916.0}',0.087),(85,4,712,'2025-04-10 22:22:30','{\"noise\": 86.2, \"feed_rate\": 289.0, \"vibration\": 4.47, \"temperature\": 37.5, \"cutting_force\": 351.8, \"spindle_speed\": 977.0}',0.165),(86,4,711,'2025-04-10 21:22:30','{\"noise\": 77.6, \"feed_rate\": 257.5, \"vibration\": 3.51, \"temperature\": 34.1, \"cutting_force\": 193.9, \"spindle_speed\": 1814.0}',0.114),(87,4,710,'2025-04-10 20:22:30','{\"noise\": 66.9, \"feed_rate\": 126.6, \"vibration\": 3.55, \"temperature\": 44.5, \"cutting_force\": 348.6, \"spindle_speed\": 1939.0}',0.07),(88,4,709,'2025-04-10 19:22:30','{\"noise\": 84.9, \"feed_rate\": 190.7, \"vibration\": 4.86, \"temperature\": 34.4, \"cutting_force\": 378.0, \"spindle_speed\": 618.0}',0.111),(89,4,708,'2025-04-10 18:22:30','{\"noise\": 74.6, \"feed_rate\": 297.5, \"vibration\": 1.94, \"temperature\": 28.4, \"cutting_force\": 173.7, \"spindle_speed\": 899.0}',0.02),(90,4,707,'2025-04-10 17:22:30','{\"noise\": 79.1, \"feed_rate\": 121.1, \"vibration\": 4.46, \"temperature\": 34.8, \"cutting_force\": 145.7, \"spindle_speed\": 2244.0}',0.158),(91,4,706,'2025-04-10 16:22:30','{\"noise\": 67.6, \"feed_rate\": 262.7, \"vibration\": 2.61, \"temperature\": 53.8, \"cutting_force\": 295.5, \"spindle_speed\": 2716.0}',0.188),(92,4,705,'2025-04-10 15:22:30','{\"noise\": 68.5, \"feed_rate\": 186.8, \"vibration\": 4.24, \"temperature\": 63.6, \"cutting_force\": 211.9, \"spindle_speed\": 539.0}',0.102),(93,4,704,'2025-04-10 14:22:30','{\"noise\": 86.7, \"feed_rate\": 239.6, \"vibration\": 3.21, \"temperature\": 51.2, \"cutting_force\": 190.2, \"spindle_speed\": 650.0}',0.033),(94,4,703,'2025-04-10 13:22:30','{\"noise\": 81.4, \"feed_rate\": 208.7, \"vibration\": 3.41, \"temperature\": 53.7, \"cutting_force\": 189.1, \"spindle_speed\": 1326.0}',0.081),(95,4,702,'2025-04-10 12:22:30','{\"noise\": 80.5, \"feed_rate\": 224.6, \"vibration\": 2.36, \"temperature\": 72.9, \"cutting_force\": 350.4, \"spindle_speed\": 2959.0}',0.301),(96,4,701,'2025-04-10 11:22:30','{\"noise\": 83.6, \"feed_rate\": 228.2, \"vibration\": 2.71, \"temperature\": 48.8, \"cutting_force\": 289.6, \"spindle_speed\": 2842.0}',0.206),(97,5,774,'2025-04-11 10:22:30','{\"noise\": 69.5, \"vibration\": 1.38, \"cycle_time\": 61.8, \"temperature\": 40.8, \"air_pressure\": 0.55}',0.029),(98,5,773,'2025-04-11 09:22:30','{\"noise\": 64.9, \"vibration\": 3.64, \"cycle_time\": 91.7, \"temperature\": 78.5, \"air_pressure\": 0.51}',0.178),(99,5,772,'2025-04-11 08:22:30','{\"noise\": 92.0, \"vibration\": 3.92, \"cycle_time\": 40.3, \"temperature\": 26.1, \"air_pressure\": 0.44}',0.116),(100,5,771,'2025-04-11 07:22:30','{\"noise\": 69.4, \"vibration\": 0.47, \"cycle_time\": 95.5, \"temperature\": 57.5, \"air_pressure\": 0.62}',0.046),(101,5,770,'2025-04-11 06:22:30','{\"noise\": 86.4, \"vibration\": 3.35, \"cycle_time\": 82.1, \"temperature\": 61.4, \"air_pressure\": 0.75}',0.1),(102,5,769,'2025-04-11 05:22:30','{\"noise\": 91.8, \"vibration\": 2.61, \"cycle_time\": 65.7, \"temperature\": 35.2, \"air_pressure\": 0.68}',0.1),(103,5,768,'2025-04-11 04:22:30','{\"noise\": 71.8, \"vibration\": 4.45, \"cycle_time\": 51.6, \"temperature\": 54.8, \"air_pressure\": 0.64}',0.155),(104,5,767,'2025-04-11 03:22:30','{\"noise\": 68.7, \"vibration\": 1.68, \"cycle_time\": 96.9, \"temperature\": 79.9, \"air_pressure\": 0.62}',0.118),(105,5,766,'2025-04-11 02:22:30','{\"noise\": 89.6, \"vibration\": 4.64, \"cycle_time\": 78.4, \"temperature\": 56.9, \"air_pressure\": 0.74}',0.175),(106,5,765,'2025-04-11 01:22:30','{\"noise\": 66.3, \"vibration\": 4.72, \"cycle_time\": 58.1, \"temperature\": 48.6, \"air_pressure\": 0.6}',0.145),(107,5,764,'2025-04-11 00:22:30','{\"noise\": 85.7, \"vibration\": 0.87, \"cycle_time\": 59.4, \"temperature\": 53.1, \"air_pressure\": 0.51}',0.012),(108,5,763,'2025-04-10 23:22:30','{\"noise\": 72.1, \"vibration\": 1.16, \"cycle_time\": 81.8, \"temperature\": 24.1, \"air_pressure\": 0.6}',0.1),(109,5,762,'2025-04-10 22:22:30','{\"noise\": 89.1, \"vibration\": 3.64, \"cycle_time\": 59.4, \"temperature\": 25.0, \"air_pressure\": 0.74}',0.081),(110,5,761,'2025-04-10 21:22:30','{\"noise\": 75.8, \"vibration\": 0.87, \"cycle_time\": 106.2, \"temperature\": 79.9, \"air_pressure\": 0.64}',0.182),(111,5,760,'2025-04-10 20:22:30','{\"noise\": 65.5, \"vibration\": 2.77, \"cycle_time\": 105.2, \"temperature\": 44.7, \"air_pressure\": 0.45}',0.035),(112,5,759,'2025-04-10 19:22:30','{\"noise\": 81.3, \"vibration\": 0.37, \"cycle_time\": 98.2, \"temperature\": 21.4, \"air_pressure\": 0.43}',0.072),(113,5,758,'2025-04-10 18:22:30','{\"noise\": 72.7, \"vibration\": 4.71, \"cycle_time\": 110.5, \"temperature\": 69.0, \"air_pressure\": 0.63}',0.096),(114,5,757,'2025-04-10 17:22:30','{\"noise\": 65.3, \"vibration\": 4.48, \"cycle_time\": 88.9, \"temperature\": 74.2, \"air_pressure\": 0.77}',0.172),(115,5,756,'2025-04-10 16:22:30','{\"noise\": 88.8, \"vibration\": 1.58, \"cycle_time\": 98.4, \"temperature\": 50.9, \"air_pressure\": 0.69}',0.025),(116,5,755,'2025-04-10 15:22:30','{\"noise\": 62.9, \"vibration\": 1.35, \"cycle_time\": 28.7, \"temperature\": 64.2, \"air_pressure\": 0.58}',0.026),(117,5,754,'2025-04-10 14:22:30','{\"noise\": 85.1, \"vibration\": 4.07, \"cycle_time\": 87.6, \"temperature\": 24.0, \"air_pressure\": 0.59}',0.078),(118,5,753,'2025-04-10 13:22:30','{\"noise\": 86.3, \"vibration\": 2.36, \"cycle_time\": 45.9, \"temperature\": 27.9, \"air_pressure\": 0.68}',0.093),(119,5,752,'2025-04-10 12:22:30','{\"noise\": 63.1, \"vibration\": 3.98, \"cycle_time\": 31.9, \"temperature\": 72.6, \"air_pressure\": 0.57}',0.119),(120,5,751,'2025-04-10 11:22:30','{\"noise\": 70.7, \"vibration\": 4.6, \"cycle_time\": 117.4, \"temperature\": 65.7, \"air_pressure\": 0.6}',0.11),(121,6,824,'2025-04-11 10:22:30','{\"noise\": 62.5, \"speed\": 49.4, \"vibration\": 1.49, \"temperature\": 51.1, \"film_tension\": 14.1}',0.031),(122,6,823,'2025-04-11 09:22:30','{\"noise\": 80.3, \"speed\": 31.2, \"vibration\": 3.0, \"temperature\": 33.1, \"film_tension\": 15.4}',0.094),(123,6,822,'2025-04-11 08:22:30','{\"noise\": 75.7, \"speed\": 29.1, \"vibration\": 2.0, \"temperature\": 58.6, \"film_tension\": 21.1}',0.021),(124,6,821,'2025-04-11 07:22:30','{\"noise\": 90.4, \"speed\": 15.0, \"vibration\": 3.27, \"temperature\": 60.4, \"film_tension\": 28.1}',0.086),(125,6,820,'2025-04-11 06:22:30','{\"noise\": 63.2, \"speed\": 32.2, \"vibration\": 3.99, \"temperature\": 82.5, \"film_tension\": 28.1}',0.276),(126,6,819,'2025-04-11 05:22:30','{\"noise\": 73.5, \"speed\": 22.5, \"vibration\": 4.06, \"temperature\": 73.5, \"film_tension\": 16.4}',0.098),(127,6,818,'2025-04-11 04:22:30','{\"noise\": 87.1, \"speed\": 31.6, \"vibration\": 4.22, \"temperature\": 53.7, \"film_tension\": 20.9}',0.153),(128,6,817,'2025-04-11 03:22:30','{\"noise\": 66.7, \"speed\": 29.9, \"vibration\": 4.03, \"temperature\": 40.4, \"film_tension\": 28.8}',0.149),(129,6,816,'2025-04-11 02:22:30','{\"noise\": 91.8, \"speed\": 41.5, \"vibration\": 0.1, \"temperature\": 79.9, \"film_tension\": 20.2}',0.146),(130,6,815,'2025-04-11 01:22:30','{\"noise\": 82.8, \"speed\": 39.7, \"vibration\": 4.29, \"temperature\": 65.7, \"film_tension\": 22.6}',0.097),(131,6,814,'2025-04-11 00:22:30','{\"noise\": 65.2, \"speed\": 46.1, \"vibration\": 0.6, \"temperature\": 77.2, \"film_tension\": 11.3}',0.138),(132,6,813,'2025-04-10 23:22:30','{\"noise\": 88.1, \"speed\": 42.2, \"vibration\": 4.43, \"temperature\": 38.1, \"film_tension\": 24.5}',0.096),(133,6,812,'2025-04-10 22:22:30','{\"noise\": 91.6, \"speed\": 47.6, \"vibration\": 3.42, \"temperature\": 37.0, \"film_tension\": 27.6}',0.044),(134,6,811,'2025-04-10 21:22:30','{\"noise\": 80.7, \"speed\": 10.4, \"vibration\": 0.67, \"temperature\": 37.4, \"film_tension\": 17.3}',0.074),(135,6,810,'2025-04-10 20:22:30','{\"noise\": 77.1, \"speed\": 39.8, \"vibration\": 3.3, \"temperature\": 63.3, \"film_tension\": 11.6}',0.096),(136,6,809,'2025-04-10 19:22:30','{\"noise\": 62.2, \"speed\": 22.2, \"vibration\": 3.78, \"temperature\": 23.5, \"film_tension\": 11.4}',0.056),(137,6,808,'2025-04-10 18:22:30','{\"noise\": 69.2, \"speed\": 30.4, \"vibration\": 4.13, \"temperature\": 42.7, \"film_tension\": 25.1}',0.128),(138,6,807,'2025-04-10 17:22:30','{\"noise\": 79.6, \"speed\": 21.0, \"vibration\": 4.75, \"temperature\": 56.6, \"film_tension\": 22.6}',0.178),(139,6,806,'2025-04-10 16:22:30','{\"noise\": 83.5, \"speed\": 37.8, \"vibration\": 0.59, \"temperature\": 24.3, \"film_tension\": 19.9}',0.096),(140,6,805,'2025-04-10 15:22:30','{\"noise\": 92.1, \"speed\": 28.4, \"vibration\": 1.39, \"temperature\": 60.7, \"film_tension\": 25.7}',0.08),(141,6,804,'2025-04-10 14:22:30','{\"noise\": 78.9, \"speed\": 43.9, \"vibration\": 2.91, \"temperature\": 32.4, \"film_tension\": 21.1}',0.095),(142,6,803,'2025-04-10 13:22:30','{\"noise\": 84.7, \"speed\": 43.1, \"vibration\": 3.49, \"temperature\": 78.0, \"film_tension\": 27.4}',0.124),(143,6,802,'2025-04-10 12:22:30','{\"noise\": 73.3, \"speed\": 16.6, \"vibration\": 4.98, \"temperature\": 55.5, \"film_tension\": 17.5}',0.164),(144,6,801,'2025-04-10 11:22:30','{\"noise\": 88.2, \"speed\": 34.3, \"vibration\": 3.02, \"temperature\": 69.3, \"film_tension\": 15.3}',0.028),(145,6,823.937,'2025-04-17 12:50:06','{\"speed\": 861, \"pressure\": 16.24, \"vibration\": 0.072, \"temperature\": 88.2}',0.563),(146,6,823.923,'2025-04-17 12:50:18','{\"speed\": 867, \"pressure\": 21.33, \"vibration\": 0.051, \"temperature\": 66.6}',0.11),(147,6,823.969,'2025-04-17 12:50:30','{\"speed\": 800, \"pressure\": 18.12, \"vibration\": 0.05, \"temperature\": 83.6}',0.281),(148,6,823.915,'2025-04-17 12:50:41','{\"speed\": 864, \"pressure\": 18.67, \"vibration\": 0.045, \"temperature\": 67.3}',0.1),(149,6,823.965,'2025-04-17 12:50:48','{\"speed\": 865, \"pressure\": 15.85, \"vibration\": 0.028, \"temperature\": 70.3}',0.104),(150,6,823.959,'2025-04-17 12:53:05','{\"speed\": 892, \"pressure\": 15.53, \"vibration\": 0.071, \"temperature\": 84.6}',0.505),(151,6,824.06,'2025-04-17 12:53:18','{\"speed\": 857, \"pressure\": 19.47, \"vibration\": 0.047, \"temperature\": 88.7}',0.349),(152,6,824.028,'2025-04-17 12:53:30','{\"speed\": 805, \"pressure\": 20.86, \"vibration\": 0.024, \"temperature\": 86.4}',0.319),(153,6,824.011,'2025-04-17 12:53:42','{\"speed\": 893, \"pressure\": 18.06, \"vibration\": 0.071, \"temperature\": 79.1}',0.431),(154,6,824.096,'2025-04-17 12:58:57','{\"speed\": 892, \"pressure\": 21.69, \"vibration\": 0.022, \"temperature\": 84.5}',0.293),(155,6,824.116,'2025-04-17 12:59:09','{\"speed\": 873, \"pressure\": 15.07, \"vibration\": 0.061, \"temperature\": 89.3}',0.467),(156,6,824.071,'2025-04-17 12:59:22','{\"speed\": 866, \"pressure\": 16.3, \"vibration\": 0.03, \"temperature\": 73.7}',0.149),(157,6,824.047,'2025-04-17 12:59:34','{\"speed\": 818, \"pressure\": 16.94, \"vibration\": 0.064, \"temperature\": 67.8}',0.24),(158,6,823.985,'2025-04-17 12:59:46','{\"speed\": 866, \"pressure\": 16.68, \"vibration\": 0.055, \"temperature\": 83.6}',0.331),(159,6,823.957,'2025-04-17 12:59:58','{\"speed\": 898, \"pressure\": 17.85, \"vibration\": 0.057, \"temperature\": 76.5}',0.257),(160,6,823.87,'2025-04-17 13:00:10','{\"speed\": 856, \"pressure\": 21.6, \"vibration\": 0.067, \"temperature\": 82.9}',0.442),(161,6,823.907,'2025-04-17 13:00:22','{\"speed\": 812, \"pressure\": 18.62, \"vibration\": 0.062, \"temperature\": 73.9}',0.272),(162,6,823.919,'2025-04-17 13:00:34','{\"speed\": 874, \"pressure\": 18.38, \"vibration\": 0.039, \"temperature\": 81.1}',0.248),(163,6,823.926,'2025-04-17 13:00:46','{\"speed\": 888, \"pressure\": 15.81, \"vibration\": 0.045, \"temperature\": 68.2}',0.1),(164,6,823.972,'2025-04-17 13:00:58','{\"speed\": 817, \"pressure\": 20.81, \"vibration\": 0.026, \"temperature\": 61.7}',0.1),(165,6,823.933,'2025-04-17 13:01:10','{\"speed\": 818, \"pressure\": 16.06, \"vibration\": 0.038, \"temperature\": 61.4}',0.1),(166,6,824.03,'2025-04-17 13:01:22','{\"speed\": 820, \"pressure\": 19.48, \"vibration\": 0.069, \"temperature\": 71.5}',0.31),(167,6,824.124,'2025-04-17 13:01:34','{\"speed\": 828, \"pressure\": 15.47, \"vibration\": 0.053, \"temperature\": 63.8}',0.13),(168,6,824.174,'2025-04-17 13:01:46','{\"speed\": 806, \"pressure\": 15.64, \"vibration\": 0.042, \"temperature\": 87.2}',0.329),(169,6,824.129,'2025-04-17 13:01:58','{\"speed\": 821, \"pressure\": 19.49, \"vibration\": 0.069, \"temperature\": 69.7}',0.29),(170,6,824.197,'2025-04-17 13:02:10','{\"speed\": 836, \"pressure\": 21.79, \"vibration\": 0.064, \"temperature\": 74.4}',0.299),(171,6,824.128,'2025-04-17 13:02:22','{\"speed\": 868, \"pressure\": 16.42, \"vibration\": 0.069, \"temperature\": 80.1}',0.425),(172,6,824.088,'2025-04-17 13:02:34','{\"speed\": 866, \"pressure\": 17.07, \"vibration\": 0.066, \"temperature\": 68.4}',0.26),(173,6,824.087,'2025-04-17 14:47:59','{\"speed\": 811, \"pressure\": 19.93, \"vibration\": 0.034, \"temperature\": 69.6}',0.1),(174,6,824.171,'2025-04-17 14:48:11','{\"speed\": 854, \"pressure\": 17.46, \"vibration\": 0.056, \"temperature\": 68.5}',0.16),(175,6,824.224,'2025-04-17 14:48:24','{\"speed\": 840, \"pressure\": 20.68, \"vibration\": 0.078, \"temperature\": 71.1}',0.395),(176,6,824.179,'2025-04-17 14:48:37','{\"speed\": 811, \"pressure\": 17.81, \"vibration\": 0.048, \"temperature\": 70.4}',0.105),(177,6,824.193,'2025-04-17 14:48:49','{\"speed\": 866, \"pressure\": 16.24, \"vibration\": 0.029, \"temperature\": 85.8}',0.311),(178,6,824.177,'2025-04-17 14:49:01','{\"speed\": 809, \"pressure\": 17.39, \"vibration\": 0.049, \"temperature\": 60.9}',0.1),(179,6,824.098,'2025-04-17 14:49:14','{\"speed\": 865, \"pressure\": 20.18, \"vibration\": 0.029, \"temperature\": 88.4}',0.345),(180,6,824.105,'2025-04-17 14:49:26','{\"speed\": 822, \"pressure\": 16.63, \"vibration\": 0.08, \"temperature\": 69.9}',0.4),(181,6,824.016,'2025-04-17 14:49:38','{\"speed\": 843, \"pressure\": 21.53, \"vibration\": 0.046, \"temperature\": 64.5}',0.1),(182,6,824.072,'2025-04-17 14:49:51','{\"speed\": 804, \"pressure\": 15.16, \"vibration\": 0.02, \"temperature\": 68.7}',0.1),(183,6,824.162,'2025-04-17 14:50:03','{\"speed\": 847, \"pressure\": 20.02, \"vibration\": 0.064, \"temperature\": 73.9}',0.292),(184,6,824.149,'2025-04-17 14:50:15','{\"speed\": 820, \"pressure\": 17.51, \"vibration\": 0.028, \"temperature\": 85.0}',0.3),(185,6,824.1,'2025-04-17 14:50:27','{\"speed\": 818, \"pressure\": 16.27, \"vibration\": 0.064, \"temperature\": 77.1}',0.335),(186,6,824.145,'2025-04-17 14:50:39','{\"speed\": 853, \"pressure\": 21.84, \"vibration\": 0.056, \"temperature\": 88.7}',0.409),(187,6,824.135,'2025-04-17 14:50:52','{\"speed\": 888, \"pressure\": 18.95, \"vibration\": 0.068, \"temperature\": 86.0}',0.493),(188,6,824.137,'2025-04-17 14:51:04','{\"speed\": 819, \"pressure\": 19.92, \"vibration\": 0.039, \"temperature\": 65.2}',0.1),(189,6,824.181,'2025-04-17 14:51:16','{\"speed\": 854, \"pressure\": 19.94, \"vibration\": 0.059, \"temperature\": 88.9}',0.442),(190,6,824.157,'2025-04-17 14:51:28','{\"speed\": 862, \"pressure\": 20.72, \"vibration\": 0.021, \"temperature\": 70.0}',0.1),(191,6,824.226,'2025-04-17 14:51:40','{\"speed\": 870, \"pressure\": 16.47, \"vibration\": 0.078, \"temperature\": 75.1}',0.448),(192,6,824.278,'2025-04-17 14:51:52','{\"speed\": 868, \"pressure\": 20.78, \"vibration\": 0.069, \"temperature\": 67.2}',0.29),(193,6,824.349,'2025-04-17 14:52:04','{\"speed\": 895, \"pressure\": 21.18, \"vibration\": 0.042, \"temperature\": 64.1}',0.1),(194,6,824.448,'2025-04-17 14:52:16','{\"speed\": 847, \"pressure\": 19.49, \"vibration\": 0.065, \"temperature\": 66.0}',0.25),(195,6,824.382,'2025-04-17 14:52:28','{\"speed\": 890, \"pressure\": 16.74, \"vibration\": 0.05, \"temperature\": 72.3}',0.131),(196,6,824.483,'2025-04-17 14:52:40','{\"speed\": 831, \"pressure\": 15.04, \"vibration\": 0.073, \"temperature\": 60.8}',0.33),(197,6,824.452,'2025-04-17 14:52:52','{\"speed\": 813, \"pressure\": 20.46, \"vibration\": 0.071, \"temperature\": 83.4}',0.489),(198,6,824.39,'2025-04-17 14:53:04','{\"speed\": 870, \"pressure\": 20.07, \"vibration\": 0.034, \"temperature\": 62.7}',0.1),(199,6,824.383,'2025-04-17 14:53:17','{\"speed\": 895, \"pressure\": 16.35, \"vibration\": 0.073, \"temperature\": 85.3}',0.534),(200,6,824.287,'2025-04-17 14:53:30','{\"speed\": 813, \"pressure\": 19.74, \"vibration\": 0.031, \"temperature\": 74.0}',0.153),(201,6,824.308,'2025-04-17 14:53:42','{\"speed\": 808, \"pressure\": 20.18, \"vibration\": 0.065, \"temperature\": 67.4}',0.25),(202,6,824.351,'2025-04-17 14:53:56','{\"speed\": 825, \"pressure\": 21.14, \"vibration\": 0.072, \"temperature\": 65.0}',0.32),(203,6,824.385,'2025-04-17 14:54:09','{\"speed\": 851, \"pressure\": 21.16, \"vibration\": 0.03, \"temperature\": 72.4}',0.132),(204,6,824.467,'2025-04-17 14:54:21','{\"speed\": 800, \"pressure\": 16.64, \"vibration\": 0.029, \"temperature\": 83.8}',0.284),(205,6,824.552,'2025-04-17 14:54:33','{\"speed\": 875, \"pressure\": 18.91, \"vibration\": 0.079, \"temperature\": 75.0}',0.457),(206,6,824.472,'2025-04-17 14:54:46','{\"speed\": 856, \"pressure\": 21.54, \"vibration\": 0.047, \"temperature\": 73.8}',0.151),(207,6,824.524,'2025-04-17 14:54:58','{\"speed\": 812, \"pressure\": 21.0, \"vibration\": 0.037, \"temperature\": 79.2}',0.223),(208,6,824.575,'2025-04-17 14:55:10','{\"speed\": 833, \"pressure\": 17.91, \"vibration\": 0.071, \"temperature\": 76.6}',0.398),(209,6,824.546,'2025-04-17 14:55:22','{\"speed\": 862, \"pressure\": 18.73, \"vibration\": 0.066, \"temperature\": 68.5}',0.26),(210,6,824.555,'2025-04-17 14:55:36','{\"speed\": 842, \"pressure\": 18.26, \"vibration\": 0.06, \"temperature\": 87.2}',0.429),(211,6,824.49,'2025-04-17 14:55:49','{\"speed\": 861, \"pressure\": 18.17, \"vibration\": 0.059, \"temperature\": 72.9}',0.229),(212,6,824.452,'2025-04-17 14:56:01','{\"speed\": 844, \"pressure\": 18.4, \"vibration\": 0.048, \"temperature\": 65.3}',0.1),(213,6,824.495,'2025-04-17 14:56:13','{\"speed\": 865, \"pressure\": 20.33, \"vibration\": 0.049, \"temperature\": 88.8}',0.351),(214,6,824.566,'2025-04-17 14:56:25','{\"speed\": 874, \"pressure\": 16.58, \"vibration\": 0.029, \"temperature\": 83.6}',0.281),(215,6,824.648,'2025-04-17 14:56:37','{\"speed\": 868, \"pressure\": 17.03, \"vibration\": 0.052, \"temperature\": 76.5}',0.207),(216,6,824.742,'2025-04-17 14:56:50','{\"speed\": 817, \"pressure\": 15.52, \"vibration\": 0.047, \"temperature\": 81.3}',0.251),(217,6,824.662,'2025-04-17 14:57:02','{\"speed\": 874, \"pressure\": 20.61, \"vibration\": 0.034, \"temperature\": 81.9}',0.259),(218,6,824.744,'2025-04-17 14:57:16','{\"speed\": 813, \"pressure\": 18.4, \"vibration\": 0.077, \"temperature\": 71.1}',0.385),(219,6,824.697,'2025-04-17 14:57:28','{\"speed\": 865, \"pressure\": 18.42, \"vibration\": 0.022, \"temperature\": 78.3}',0.211),(220,6,824.791,'2025-04-17 14:57:40','{\"speed\": 814, \"pressure\": 16.23, \"vibration\": 0.053, \"temperature\": 78.4}',0.242),(221,6,824.789,'2025-04-17 14:57:52','{\"speed\": 899, \"pressure\": 19.42, \"vibration\": 0.059, \"temperature\": 87.8}',0.427),(222,6,824.725,'2025-04-17 14:58:04','{\"speed\": 838, \"pressure\": 20.18, \"vibration\": 0.072, \"temperature\": 87.9}',0.559),(223,6,824.762,'2025-04-17 14:58:16','{\"speed\": 875, \"pressure\": 15.48, \"vibration\": 0.055, \"temperature\": 84.5}',0.343),(224,6,824.845,'2025-04-17 14:58:28','{\"speed\": 888, \"pressure\": 18.33, \"vibration\": 0.03, \"temperature\": 81.1}',0.248),(225,6,824.879,'2025-04-17 14:58:40','{\"speed\": 886, \"pressure\": 15.37, \"vibration\": 0.062, \"temperature\": 74.8}',0.284),(226,6,824.939,'2025-04-17 14:58:52','{\"speed\": 830, \"pressure\": 18.91, \"vibration\": 0.038, \"temperature\": 65.0}',0.1),(227,6,824.916,'2025-04-17 14:59:04','{\"speed\": 870, \"pressure\": 16.85, \"vibration\": 0.027, \"temperature\": 74.7}',0.163),(228,6,824.982,'2025-04-17 14:59:17','{\"speed\": 882, \"pressure\": 17.81, \"vibration\": 0.069, \"temperature\": 67.3}',0.29),(229,6,824.885,'2025-04-17 14:59:30','{\"speed\": 882, \"pressure\": 15.09, \"vibration\": 0.029, \"temperature\": 67.5}',0.1),(230,6,824.845,'2025-04-17 14:59:42','{\"speed\": 891, \"pressure\": 15.56, \"vibration\": 0.076, \"temperature\": 71.9}',0.385),(231,6,824.905,'2025-04-17 14:59:54','{\"speed\": 887, \"pressure\": 19.19, \"vibration\": 0.075, \"temperature\": 67.9}',0.35),(232,6,824.81,'2025-04-17 15:00:06','{\"speed\": 872, \"pressure\": 19.09, \"vibration\": 0.076, \"temperature\": 82.4}',0.525),(233,6,824.724,'2025-04-17 15:00:18','{\"speed\": 853, \"pressure\": 15.43, \"vibration\": 0.023, \"temperature\": 89.1}',0.355),(234,6,824.796,'2025-04-17 15:00:30','{\"speed\": 822, \"pressure\": 17.65, \"vibration\": 0.034, \"temperature\": 67.4}',0.1),(235,6,824.774,'2025-04-17 15:00:42','{\"speed\": 871, \"pressure\": 21.99, \"vibration\": 0.064, \"temperature\": 81.0}',0.387),(236,6,824.756,'2025-04-17 15:00:54','{\"speed\": 898, \"pressure\": 16.65, \"vibration\": 0.044, \"temperature\": 75.8}',0.177),(237,6,824.753,'2025-04-17 15:01:06','{\"speed\": 870, \"pressure\": 18.82, \"vibration\": 0.08, \"temperature\": 67.3}',0.4),(238,6,824.67,'2025-04-17 15:01:19','{\"speed\": 830, \"pressure\": 17.4, \"vibration\": 0.047, \"temperature\": 73.0}',0.14),(239,6,824.595,'2025-04-17 15:01:32','{\"speed\": 817, \"pressure\": 21.57, \"vibration\": 0.071, \"temperature\": 87.7}',0.546),(240,6,824.66,'2025-04-17 15:01:44','{\"speed\": 892, \"pressure\": 15.82, \"vibration\": 0.027, \"temperature\": 61.8}',0.1),(241,6,824.615,'2025-04-17 15:01:57','{\"speed\": 804, \"pressure\": 15.69, \"vibration\": 0.05, \"temperature\": 83.4}',0.279),(242,6,824.597,'2025-04-17 15:02:10','{\"speed\": 848, \"pressure\": 20.13, \"vibration\": 0.051, \"temperature\": 89.3}',0.367),(243,6,824.693,'2025-04-17 15:02:23','{\"speed\": 821, \"pressure\": 19.46, \"vibration\": 0.073, \"temperature\": 84.5}',0.523),(244,6,824.698,'2025-04-17 15:02:36','{\"speed\": 848, \"pressure\": 15.38, \"vibration\": 0.069, \"temperature\": 67.7}',0.29),(245,6,824.748,'2025-04-17 15:02:48','{\"speed\": 806, \"pressure\": 19.27, \"vibration\": 0.033, \"temperature\": 78.8}',0.217),(246,6,824.716,'2025-04-17 15:03:01','{\"speed\": 849, \"pressure\": 19.96, \"vibration\": 0.06, \"temperature\": 82.2}',0.363),(247,6,824.799,'2025-04-17 15:03:13','{\"speed\": 856, \"pressure\": 20.11, \"vibration\": 0.064, \"temperature\": 82.5}',0.407),(248,6,824.822,'2025-04-17 15:03:25','{\"speed\": 864, \"pressure\": 16.71, \"vibration\": 0.062, \"temperature\": 62.9}',0.22),(249,6,824.755,'2025-04-17 15:03:37','{\"speed\": 900, \"pressure\": 16.23, \"vibration\": 0.021, \"temperature\": 71.3}',0.117),(250,6,824.792,'2025-04-17 15:03:49','{\"speed\": 854, \"pressure\": 20.35, \"vibration\": 0.043, \"temperature\": 60.5}',0.1),(251,6,824.807,'2025-04-17 15:04:01','{\"speed\": 872, \"pressure\": 20.73, \"vibration\": 0.022, \"temperature\": 68.9}',0.1),(252,6,824.736,'2025-04-17 15:04:12','{\"speed\": 821, \"pressure\": 18.51, \"vibration\": 0.065, \"temperature\": 87.7}',0.486),(253,6,824.8,'2025-04-17 15:04:24','{\"speed\": 885, \"pressure\": 21.4, \"vibration\": 0.054, \"temperature\": 64.2}',0.14),(254,6,824.857,'2025-04-17 15:04:36','{\"speed\": 806, \"pressure\": 21.64, \"vibration\": 0.076, \"temperature\": 71.1}',0.375),(255,6,824.902,'2025-04-17 15:04:48','{\"speed\": 897, \"pressure\": 19.62, \"vibration\": 0.076, \"temperature\": 77.1}',0.455),(256,6,824.988,'2025-04-17 15:05:00','{\"speed\": 839, \"pressure\": 20.15, \"vibration\": 0.065, \"temperature\": 66.2}',0.25),(257,6,824.901,'2025-04-17 15:05:13','{\"speed\": 864, \"pressure\": 19.89, \"vibration\": 0.057, \"temperature\": 83.9}',0.355),(258,6,824.935,'2025-04-17 15:05:25','{\"speed\": 855, \"pressure\": 15.72, \"vibration\": 0.062, \"temperature\": 61.1}',0.22),(259,6,824.958,'2025-04-17 15:05:37','{\"speed\": 838, \"pressure\": 20.1, \"vibration\": 0.034, \"temperature\": 68.2}',0.1),(260,6,824.881,'2025-04-17 15:05:49','{\"speed\": 833, \"pressure\": 17.41, \"vibration\": 0.041, \"temperature\": 83.6}',0.281),(261,6,824.865,'2025-04-17 15:06:01','{\"speed\": 867, \"pressure\": 15.68, \"vibration\": 0.022, \"temperature\": 64.7}',0.1),(262,6,824.873,'2025-04-17 15:06:13','{\"speed\": 861, \"pressure\": 19.49, \"vibration\": 0.066, \"temperature\": 82.8}',0.431),(263,6,824.835,'2025-04-17 15:06:25','{\"speed\": 849, \"pressure\": 17.66, \"vibration\": 0.022, \"temperature\": 79.1}',0.221),(264,6,824.849,'2025-04-17 15:06:37','{\"speed\": 858, \"pressure\": 19.15, \"vibration\": 0.029, \"temperature\": 69.1}',0.1),(265,6,824.752,'2025-04-17 15:06:49','{\"speed\": 817, \"pressure\": 15.03, \"vibration\": 0.045, \"temperature\": 70.4}',0.105),(266,6,824.725,'2025-04-17 15:07:01','{\"speed\": 824, \"pressure\": 19.9, \"vibration\": 0.032, \"temperature\": 78.0}',0.207),(267,6,824.671,'2025-04-17 15:07:13','{\"speed\": 815, \"pressure\": 16.07, \"vibration\": 0.024, \"temperature\": 86.5}',0.32),(268,6,824.735,'2025-04-17 15:07:25','{\"speed\": 834, \"pressure\": 18.47, \"vibration\": 0.069, \"temperature\": 87.4}',0.522),(269,6,824.764,'2025-04-17 15:07:37','{\"speed\": 857, \"pressure\": 18.28, \"vibration\": 0.036, \"temperature\": 83.9}',0.285),(270,6,824.697,'2025-04-17 15:07:49','{\"speed\": 854, \"pressure\": 17.7, \"vibration\": 0.032, \"temperature\": 87.6}',0.335),(271,6,824.657,'2025-04-17 15:08:01','{\"speed\": 896, \"pressure\": 15.72, \"vibration\": 0.03, \"temperature\": 69.9}',0.1),(272,6,824.632,'2025-04-17 15:08:13','{\"speed\": 832, \"pressure\": 21.79, \"vibration\": 0.051, \"temperature\": 84.5}',0.303),(273,6,824.575,'2025-04-17 15:08:25','{\"speed\": 887, \"pressure\": 17.19, \"vibration\": 0.033, \"temperature\": 86.6}',0.321),(274,6,824.525,'2025-04-17 15:08:37','{\"speed\": 811, \"pressure\": 20.47, \"vibration\": 0.035, \"temperature\": 79.8}',0.231),(275,6,824.546,'2025-04-17 15:08:49','{\"speed\": 827, \"pressure\": 18.25, \"vibration\": 0.064, \"temperature\": 64.0}',0.24),(276,6,824.608,'2025-04-17 15:09:01','{\"speed\": 845, \"pressure\": 21.87, \"vibration\": 0.066, \"temperature\": 86.4}',0.479),(277,6,824.654,'2025-04-17 15:09:13','{\"speed\": 821, \"pressure\": 16.55, \"vibration\": 0.073, \"temperature\": 87.0}',0.557),(278,6,824.602,'2025-04-17 15:09:25','{\"speed\": 833, \"pressure\": 15.8, \"vibration\": 0.066, \"temperature\": 88.6}',0.508),(279,6,824.602,'2025-04-17 15:09:37','{\"speed\": 855, \"pressure\": 20.06, \"vibration\": 0.074, \"temperature\": 80.9}',0.485),(280,6,824.541,'2025-04-17 15:09:49','{\"speed\": 814, \"pressure\": 21.92, \"vibration\": 0.045, \"temperature\": 84.5}',0.293),(281,6,824.465,'2025-04-17 15:10:01','{\"speed\": 866, \"pressure\": 15.53, \"vibration\": 0.073, \"temperature\": 62.3}',0.33),(282,6,824.375,'2025-04-17 15:10:13','{\"speed\": 805, \"pressure\": 19.33, \"vibration\": 0.036, \"temperature\": 72.3}',0.131),(283,6,824.436,'2025-04-17 15:10:25','{\"speed\": 894, \"pressure\": 15.96, \"vibration\": 0.073, \"temperature\": 88.4}',0.575),(284,6,824.401,'2025-04-17 15:10:38','{\"speed\": 807, \"pressure\": 16.0, \"vibration\": 0.031, \"temperature\": 65.9}',0.1),(285,6,824.428,'2025-04-17 15:10:49','{\"speed\": 895, \"pressure\": 17.58, \"vibration\": 0.077, \"temperature\": 87.5}',0.603),(286,6,824.355,'2025-04-17 15:11:01','{\"speed\": 854, \"pressure\": 21.23, \"vibration\": 0.064, \"temperature\": 65.8}',0.24),(287,6,824.38,'2025-04-17 15:11:13','{\"speed\": 819, \"pressure\": 18.86, \"vibration\": 0.044, \"temperature\": 83.1}',0.275),(288,6,824.325,'2025-04-17 15:11:25','{\"speed\": 894, \"pressure\": 18.56, \"vibration\": 0.067, \"temperature\": 72.3}',0.301),(289,6,824.403,'2025-04-17 15:11:37','{\"speed\": 884, \"pressure\": 20.74, \"vibration\": 0.073, \"temperature\": 74.5}',0.39),(290,6,824.5,'2025-04-17 15:11:49','{\"speed\": 825, \"pressure\": 15.81, \"vibration\": 0.028, \"temperature\": 66.8}',0.1),(291,6,824.575,'2025-04-17 15:12:01','{\"speed\": 801, \"pressure\": 17.89, \"vibration\": 0.077, \"temperature\": 83.9}',0.555),(292,6,824.623,'2025-04-17 15:12:13','{\"speed\": 850, \"pressure\": 15.13, \"vibration\": 0.074, \"temperature\": 73.8}',0.391),(293,6,824.532,'2025-04-17 15:12:25','{\"speed\": 820, \"pressure\": 16.62, \"vibration\": 0.046, \"temperature\": 69.2}',0.1),(294,6,824.596,'2025-04-17 15:12:37','{\"speed\": 805, \"pressure\": 16.72, \"vibration\": 0.055, \"temperature\": 89.7}',0.413),(295,6,824.541,'2025-04-17 15:12:50','{\"speed\": 833, \"pressure\": 15.12, \"vibration\": 0.032, \"temperature\": 83.5}',0.28),(296,6,824.544,'2025-04-17 15:13:02','{\"speed\": 805, \"pressure\": 18.63, \"vibration\": 0.046, \"temperature\": 85.7}',0.309),(297,6,824.517,'2025-04-17 15:13:14','{\"speed\": 814, \"pressure\": 19.34, \"vibration\": 0.04, \"temperature\": 88.4}',0.345),(298,6,824.589,'2025-04-17 15:13:26','{\"speed\": 885, \"pressure\": 20.34, \"vibration\": 0.04, \"temperature\": 71.6}',0.121),(299,6,824.67,'2025-04-17 15:13:38','{\"speed\": 896, \"pressure\": 15.78, \"vibration\": 0.077, \"temperature\": 70.8}',0.381),(300,6,824.644,'2025-04-17 15:13:50','{\"speed\": 895, \"pressure\": 20.72, \"vibration\": 0.05, \"temperature\": 83.4}',0.279),(301,6,824.687,'2025-04-17 15:14:02','{\"speed\": 803, \"pressure\": 18.17, \"vibration\": 0.066, \"temperature\": 66.2}',0.26),(302,6,824.592,'2025-04-17 15:14:14','{\"speed\": 888, \"pressure\": 21.13, \"vibration\": 0.032, \"temperature\": 60.4}',0.1),(303,6,824.551,'2025-04-17 15:14:26','{\"speed\": 850, \"pressure\": 21.9, \"vibration\": 0.058, \"temperature\": 63.5}',0.18),(304,6,824.591,'2025-04-17 15:14:38','{\"speed\": 853, \"pressure\": 17.58, \"vibration\": 0.057, \"temperature\": 67.4}',0.17),(305,6,824.682,'2025-04-17 15:14:49','{\"speed\": 837, \"pressure\": 15.19, \"vibration\": 0.045, \"temperature\": 61.4}',0.1),(306,6,824.64,'2025-04-17 15:15:02','{\"speed\": 836, \"pressure\": 19.04, \"vibration\": 0.053, \"temperature\": 70.3}',0.134),(307,6,824.621,'2025-04-17 15:15:13','{\"speed\": 819, \"pressure\": 15.69, \"vibration\": 0.047, \"temperature\": 78.2}',0.209),(308,6,824.536,'2025-04-17 15:15:25','{\"speed\": 809, \"pressure\": 15.61, \"vibration\": 0.058, \"temperature\": 84.0}',0.367),(309,6,824.442,'2025-04-17 15:15:37','{\"speed\": 825, \"pressure\": 15.45, \"vibration\": 0.032, \"temperature\": 82.2}',0.263),(310,6,824.395,'2025-04-18 09:59:31','{\"speed\": 816, \"pressure\": 16.41, \"vibration\": 0.023, \"temperature\": 62.5}',0.1),(311,6,824.418,'2025-04-18 09:59:44','{\"speed\": 878, \"pressure\": 16.07, \"vibration\": 0.062, \"temperature\": 67.0}',0.22),(312,6,824.431,'2025-04-18 09:59:57','{\"speed\": 842, \"pressure\": 16.93, \"vibration\": 0.077, \"temperature\": 85.2}',0.573),(313,6,824.367,'2025-04-18 10:00:09','{\"speed\": 816, \"pressure\": 18.42, \"vibration\": 0.074, \"temperature\": 80.5}',0.48),(314,6,824.437,'2025-04-18 10:00:22','{\"speed\": 806, \"pressure\": 18.66, \"vibration\": 0.065, \"temperature\": 85.5}',0.457),(315,6,824.375,'2025-04-18 10:00:35','{\"speed\": 825, \"pressure\": 20.95, \"vibration\": 0.038, \"temperature\": 88.0}',0.34),(316,6,824.46,'2025-04-18 10:00:48','{\"speed\": 815, \"pressure\": 20.04, \"vibration\": 0.072, \"temperature\": 82.9}',0.492),(317,6,824.446,'2025-04-18 10:01:00','{\"speed\": 835, \"pressure\": 18.83, \"vibration\": 0.023, \"temperature\": 65.4}',0.1),(318,6,824.359,'2025-04-18 10:01:13','{\"speed\": 811, \"pressure\": 15.77, \"vibration\": 0.068, \"temperature\": 86.5}',0.5),(319,6,824.432,'2025-04-18 10:01:26','{\"speed\": 803, \"pressure\": 19.36, \"vibration\": 0.02, \"temperature\": 71.9}',0.125),(320,6,824.472,'2025-04-18 10:01:39','{\"speed\": 872, \"pressure\": 21.64, \"vibration\": 0.07, \"temperature\": 79.9}',0.432),(321,6,824.516,'2025-04-18 10:01:51','{\"speed\": 826, \"pressure\": 18.39, \"vibration\": 0.059, \"temperature\": 68.6}',0.19),(322,6,824.606,'2025-04-18 10:02:04','{\"speed\": 884, \"pressure\": 16.92, \"vibration\": 0.032, \"temperature\": 66.7}',0.1),(323,6,824.688,'2025-04-18 10:02:16','{\"speed\": 829, \"pressure\": 18.21, \"vibration\": 0.075, \"temperature\": 62.1}',0.35),(324,6,824.702,'2025-04-18 10:02:29','{\"speed\": 848, \"pressure\": 20.3, \"vibration\": 0.032, \"temperature\": 87.8}',0.337),(325,6,824.741,'2025-04-18 10:02:42','{\"speed\": 818, \"pressure\": 17.63, \"vibration\": 0.043, \"temperature\": 60.8}',0.1),(326,6,824.822,'2025-04-18 10:02:54','{\"speed\": 894, \"pressure\": 15.98, \"vibration\": 0.021, \"temperature\": 84.2}',0.289),(327,6,824.744,'2025-04-18 10:03:07','{\"speed\": 864, \"pressure\": 19.0, \"vibration\": 0.078, \"temperature\": 63.9}',0.38),(328,6,824.843,'2025-04-18 10:03:20','{\"speed\": 879, \"pressure\": 15.33, \"vibration\": 0.051, \"temperature\": 85.9}',0.322),(329,6,824.854,'2025-04-18 10:03:32','{\"speed\": 867, \"pressure\": 21.08, \"vibration\": 0.07, \"temperature\": 61.2}',0.3),(330,6,824.781,'2025-04-18 10:03:45','{\"speed\": 855, \"pressure\": 15.57, \"vibration\": 0.045, \"temperature\": 88.4}',0.345),(331,6,824.746,'2025-04-18 10:03:58','{\"speed\": 834, \"pressure\": 16.29, \"vibration\": 0.057, \"temperature\": 69.7}',0.17),(332,6,824.708,'2025-04-18 10:04:10','{\"speed\": 842, \"pressure\": 20.28, \"vibration\": 0.07, \"temperature\": 62.6}',0.3),(333,6,824.645,'2025-04-18 10:04:23','{\"speed\": 821, \"pressure\": 21.63, \"vibration\": 0.025, \"temperature\": 81.4}',0.252),(334,6,824.687,'2025-04-18 10:04:35','{\"speed\": 877, \"pressure\": 18.62, \"vibration\": 0.057, \"temperature\": 72.5}',0.203),(335,6,824.784,'2025-04-18 10:04:48','{\"speed\": 811, \"pressure\": 21.96, \"vibration\": 0.041, \"temperature\": 66.9}',0.1),(336,6,824.84,'2025-04-18 10:05:01','{\"speed\": 890, \"pressure\": 17.02, \"vibration\": 0.041, \"temperature\": 73.5}',0.147),(337,6,824.808,'2025-04-18 10:05:13','{\"speed\": 864, \"pressure\": 20.45, \"vibration\": 0.057, \"temperature\": 83.4}',0.349),(338,6,824.816,'2025-04-18 10:05:26','{\"speed\": 883, \"pressure\": 20.86, \"vibration\": 0.06, \"temperature\": 86.6}',0.421),(339,6,824.79,'2025-04-18 10:05:39','{\"speed\": 878, \"pressure\": 20.98, \"vibration\": 0.067, \"temperature\": 65.7}',0.27),(340,6,824.811,'2025-04-18 10:05:51','{\"speed\": 874, \"pressure\": 17.59, \"vibration\": 0.058, \"temperature\": 82.7}',0.349),(341,6,824.905,'2025-04-18 10:06:04','{\"speed\": 887, \"pressure\": 15.15, \"vibration\": 0.044, \"temperature\": 64.3}',0.1),(342,6,824.903,'2025-04-18 10:06:16','{\"speed\": 818, \"pressure\": 16.33, \"vibration\": 0.052, \"temperature\": 74.1}',0.175),(343,6,824.896,'2025-04-18 10:06:29','{\"speed\": 854, \"pressure\": 16.12, \"vibration\": 0.037, \"temperature\": 74.4}',0.159),(344,6,824.973,'2025-04-18 10:06:42','{\"speed\": 829, \"pressure\": 21.18, \"vibration\": 0.022, \"temperature\": 63.3}',0.1),(345,6,824.944,'2025-04-18 10:06:54','{\"speed\": 810, \"pressure\": 20.16, \"vibration\": 0.029, \"temperature\": 71.9}',0.125),(346,6,824.981,'2025-04-18 10:07:07','{\"speed\": 857, \"pressure\": 18.43, \"vibration\": 0.031, \"temperature\": 74.7}',0.163),(347,6,824.979,'2025-04-18 10:07:19','{\"speed\": 828, \"pressure\": 15.3, \"vibration\": 0.069, \"temperature\": 71.3}',0.307),(348,6,824.913,'2025-04-18 10:07:32','{\"speed\": 810, \"pressure\": 20.37, \"vibration\": 0.028, \"temperature\": 83.6}',0.281),(349,6,824.855,'2025-04-18 10:07:45','{\"speed\": 834, \"pressure\": 20.78, \"vibration\": 0.069, \"temperature\": 84.5}',0.483),(350,6,824.796,'2025-04-18 10:07:57','{\"speed\": 835, \"pressure\": 19.73, \"vibration\": 0.067, \"temperature\": 80.8}',0.414),(351,6,824.705,'2025-04-18 10:08:10','{\"speed\": 825, \"pressure\": 21.79, \"vibration\": 0.067, \"temperature\": 73.8}',0.321),(352,6,824.652,'2025-04-18 10:08:23','{\"speed\": 823, \"pressure\": 15.31, \"vibration\": 0.07, \"temperature\": 82.6}',0.468),(353,6,824.728,'2025-04-18 10:08:35','{\"speed\": 851, \"pressure\": 17.19, \"vibration\": 0.066, \"temperature\": 79.0}',0.38),(354,6,824.809,'2025-04-18 10:08:48','{\"speed\": 850, \"pressure\": 20.15, \"vibration\": 0.067, \"temperature\": 60.5}',0.27),(355,6,824.849,'2025-04-18 10:09:00','{\"speed\": 829, \"pressure\": 20.12, \"vibration\": 0.037, \"temperature\": 75.0}',0.167),(356,6,824.858,'2025-04-18 10:09:13','{\"speed\": 821, \"pressure\": 16.91, \"vibration\": 0.051, \"temperature\": 63.5}',0.11),(357,6,824.798,'2025-04-18 10:09:26','{\"speed\": 840, \"pressure\": 21.87, \"vibration\": 0.038, \"temperature\": 68.0}',0.1),(358,6,824.846,'2025-04-18 10:09:38','{\"speed\": 803, \"pressure\": 17.26, \"vibration\": 0.038, \"temperature\": 73.9}',0.152),(359,6,824.784,'2025-04-18 10:09:51','{\"speed\": 805, \"pressure\": 20.59, \"vibration\": 0.034, \"temperature\": 77.7}',0.203),(360,6,824.713,'2025-04-18 10:10:04','{\"speed\": 828, \"pressure\": 19.2, \"vibration\": 0.036, \"temperature\": 84.5}',0.293),(361,6,824.748,'2025-04-18 10:10:16','{\"speed\": 843, \"pressure\": 20.79, \"vibration\": 0.043, \"temperature\": 72.5}',0.133),(362,6,824.708,'2025-04-18 10:10:29','{\"speed\": 858, \"pressure\": 15.97, \"vibration\": 0.043, \"temperature\": 78.5}',0.213),(363,6,824.64,'2025-04-18 10:10:42','{\"speed\": 896, \"pressure\": 16.38, \"vibration\": 0.078, \"temperature\": 73.5}',0.427),(364,6,824.651,'2025-04-18 10:10:55','{\"speed\": 815, \"pressure\": 15.13, \"vibration\": 0.077, \"temperature\": 84.3}',0.561),(365,6,824.62,'2025-04-18 10:11:07','{\"speed\": 896, \"pressure\": 19.03, \"vibration\": 0.043, \"temperature\": 85.7}',0.309),(366,6,824.707,'2025-04-18 10:11:20','{\"speed\": 888, \"pressure\": 16.58, \"vibration\": 0.053, \"temperature\": 81.0}',0.277),(367,6,824.692,'2025-04-18 10:11:32','{\"speed\": 884, \"pressure\": 17.68, \"vibration\": 0.044, \"temperature\": 88.2}',0.343),(368,6,824.707,'2025-04-18 10:11:45','{\"speed\": 809, \"pressure\": 18.51, \"vibration\": 0.079, \"temperature\": 82.3}',0.554),(369,6,824.69,'2025-04-18 10:11:58','{\"speed\": 815, \"pressure\": 18.1, \"vibration\": 0.07, \"temperature\": 86.0}',0.513),(370,6,824.629,'2025-04-18 10:12:11','{\"speed\": 812, \"pressure\": 21.25, \"vibration\": 0.074, \"temperature\": 79.1}',0.461),(371,6,824.604,'2025-04-18 10:12:24','{\"speed\": 885, \"pressure\": 20.9, \"vibration\": 0.048, \"temperature\": 68.7}',0.1),(372,6,824.51,'2025-04-18 10:12:36','{\"speed\": 892, \"pressure\": 19.61, \"vibration\": 0.079, \"temperature\": 70.3}',0.394),(373,6,824.476,'2025-04-18 10:12:49','{\"speed\": 865, \"pressure\": 16.6, \"vibration\": 0.072, \"temperature\": 74.7}',0.383),(374,6,824.47,'2025-04-18 10:13:03','{\"speed\": 866, \"pressure\": 17.71, \"vibration\": 0.058, \"temperature\": 78.6}',0.295),(375,6,824.447,'2025-04-18 10:13:16','{\"speed\": 862, \"pressure\": 21.4, \"vibration\": 0.056, \"temperature\": 73.0}',0.2),(376,6,824.356,'2025-04-18 10:13:29','{\"speed\": 853, \"pressure\": 15.26, \"vibration\": 0.027, \"temperature\": 76.6}',0.188),(377,6,824.424,'2025-04-18 10:13:42','{\"speed\": 806, \"pressure\": 16.16, \"vibration\": 0.026, \"temperature\": 85.5}',0.307),(378,6,824.347,'2025-04-18 10:13:55','{\"speed\": 887, \"pressure\": 15.42, \"vibration\": 0.073, \"temperature\": 79.1}',0.451),(379,6,824.396,'2025-04-18 10:14:08','{\"speed\": 815, \"pressure\": 18.21, \"vibration\": 0.065, \"temperature\": 80.8}',0.394),(380,6,824.367,'2025-04-18 10:14:20','{\"speed\": 874, \"pressure\": 21.83, \"vibration\": 0.023, \"temperature\": 85.1}',0.301),(381,6,824.276,'2025-04-18 10:14:33','{\"speed\": 840, \"pressure\": 16.66, \"vibration\": 0.056, \"temperature\": 60.3}',0.16),(382,6,824.338,'2025-04-18 10:14:46','{\"speed\": 882, \"pressure\": 20.4, \"vibration\": 0.026, \"temperature\": 66.4}',0.1),(383,6,824.293,'2025-04-18 10:14:59','{\"speed\": 847, \"pressure\": 17.65, \"vibration\": 0.053, \"temperature\": 67.9}',0.13),(384,6,824.287,'2025-04-18 10:15:12','{\"speed\": 865, \"pressure\": 19.33, \"vibration\": 0.068, \"temperature\": 71.1}',0.295),(385,6,824.28,'2025-04-18 10:15:25','{\"speed\": 864, \"pressure\": 20.57, \"vibration\": 0.024, \"temperature\": 74.7}',0.163),(386,6,824.28,'2025-04-18 10:15:40','{\"speed\": 839, \"pressure\": 21.45, \"vibration\": 0.027, \"temperature\": 66.3}',0.1),(387,6,824.351,'2025-04-18 10:15:54','{\"speed\": 815, \"pressure\": 16.42, \"vibration\": 0.024, \"temperature\": 81.3}',0.251),(388,6,824.331,'2025-04-18 10:16:09','{\"speed\": 813, \"pressure\": 19.68, \"vibration\": 0.032, \"temperature\": 83.3}',0.277),(389,6,824.286,'2025-04-18 10:16:22','{\"speed\": 822, \"pressure\": 18.56, \"vibration\": 0.074, \"temperature\": 81.1}',0.488),(390,6,824.199,'2025-04-18 10:16:37','{\"speed\": 887, \"pressure\": 20.7, \"vibration\": 0.035, \"temperature\": 67.8}',0.1),(391,6,824.298,'2025-04-18 10:16:49','{\"speed\": 869, \"pressure\": 19.25, \"vibration\": 0.072, \"temperature\": 86.1}',0.535),(392,6,824.236,'2025-04-18 10:17:02','{\"speed\": 828, \"pressure\": 19.2, \"vibration\": 0.035, \"temperature\": 68.5}',0.1),(393,6,824.262,'2025-04-18 10:17:15','{\"speed\": 895, \"pressure\": 19.14, \"vibration\": 0.071, \"temperature\": 66.2}',0.31),(394,6,824.271,'2025-04-18 10:17:28','{\"speed\": 890, \"pressure\": 17.57, \"vibration\": 0.066, \"temperature\": 74.1}',0.315),(395,6,824.301,'2025-04-18 10:17:41','{\"speed\": 894, \"pressure\": 16.41, \"vibration\": 0.052, \"temperature\": 75.7}',0.196),(396,6,824.327,'2025-04-18 10:17:54','{\"speed\": 835, \"pressure\": 19.42, \"vibration\": 0.067, \"temperature\": 70.8}',0.281),(397,6,824.352,'2025-04-18 10:18:06','{\"speed\": 899, \"pressure\": 17.01, \"vibration\": 0.024, \"temperature\": 79.0}',0.22),(398,6,824.391,'2025-04-18 10:18:20','{\"speed\": 840, \"pressure\": 20.41, \"vibration\": 0.063, \"temperature\": 89.7}',0.493),(399,6,824.462,'2025-04-18 10:18:33','{\"speed\": 828, \"pressure\": 17.63, \"vibration\": 0.038, \"temperature\": 80.9}',0.245),(400,6,824.545,'2025-04-18 10:18:46','{\"speed\": 839, \"pressure\": 15.47, \"vibration\": 0.054, \"temperature\": 65.2}',0.14),(401,6,824.594,'2025-04-18 10:18:59','{\"speed\": 831, \"pressure\": 17.21, \"vibration\": 0.055, \"temperature\": 77.2}',0.246),(402,6,824.597,'2025-04-18 10:19:12','{\"speed\": 856, \"pressure\": 17.37, \"vibration\": 0.022, \"temperature\": 78.4}',0.212),(403,6,824.583,'2025-04-18 10:19:26','{\"speed\": 895, \"pressure\": 17.54, \"vibration\": 0.048, \"temperature\": 71.8}',0.124),(404,6,824.58,'2025-04-18 10:19:40','{\"speed\": 884, \"pressure\": 19.8, \"vibration\": 0.067, \"temperature\": 70.5}',0.277),(405,6,824.544,'2025-04-18 10:19:53','{\"speed\": 884, \"pressure\": 16.02, \"vibration\": 0.034, \"temperature\": 70.6}',0.108),(406,6,824.635,'2025-04-18 10:20:06','{\"speed\": 832, \"pressure\": 16.14, \"vibration\": 0.05, \"temperature\": 73.4}',0.145),(407,6,824.672,'2025-04-18 10:20:19','{\"speed\": 844, \"pressure\": 15.92, \"vibration\": 0.04, \"temperature\": 85.4}',0.305),(408,6,824.681,'2025-04-18 10:20:34','{\"speed\": 801, \"pressure\": 18.29, \"vibration\": 0.049, \"temperature\": 62.1}',0.1),(409,6,824.759,'2025-04-18 10:20:46','{\"speed\": 807, \"pressure\": 19.62, \"vibration\": 0.07, \"temperature\": 69.9}',0.3),(410,6,824.832,'2025-04-18 10:20:59','{\"speed\": 892, \"pressure\": 19.39, \"vibration\": 0.024, \"temperature\": 62.4}',0.1),(411,6,824.844,'2025-04-18 10:21:12','{\"speed\": 811, \"pressure\": 17.68, \"vibration\": 0.065, \"temperature\": 80.3}',0.387),(412,6,824.77,'2025-04-18 10:21:26','{\"speed\": 817, \"pressure\": 21.07, \"vibration\": 0.04, \"temperature\": 65.0}',0.1),(413,6,824.718,'2025-04-18 10:21:41','{\"speed\": 881, \"pressure\": 20.51, \"vibration\": 0.064, \"temperature\": 63.1}',0.24),(414,6,824.809,'2025-04-18 10:21:54','{\"speed\": 829, \"pressure\": 16.93, \"vibration\": 0.053, \"temperature\": 81.0}',0.277),(415,6,824.872,'2025-04-18 10:22:07','{\"speed\": 879, \"pressure\": 17.16, \"vibration\": 0.073, \"temperature\": 81.1}',0.478),(416,6,824.914,'2025-04-18 10:22:20','{\"speed\": 843, \"pressure\": 19.63, \"vibration\": 0.059, \"temperature\": 61.7}',0.19),(417,6,824.956,'2025-04-18 10:22:32','{\"speed\": 855, \"pressure\": 21.13, \"vibration\": 0.024, \"temperature\": 82.2}',0.263),(418,6,824.966,'2025-04-18 10:22:45','{\"speed\": 900, \"pressure\": 18.19, \"vibration\": 0.043, \"temperature\": 71.9}',0.125),(419,6,824.893,'2025-04-18 10:22:58','{\"speed\": 808, \"pressure\": 19.9, \"vibration\": 0.035, \"temperature\": 71.0}',0.113),(420,6,824.877,'2025-04-18 10:23:10','{\"speed\": 890, \"pressure\": 19.6, \"vibration\": 0.055, \"temperature\": 83.2}',0.326),(421,6,824.973,'2025-04-18 10:23:23','{\"speed\": 852, \"pressure\": 21.98, \"vibration\": 0.043, \"temperature\": 70.0}',0.1),(422,6,824.99,'2025-04-18 10:23:35','{\"speed\": 821, \"pressure\": 15.57, \"vibration\": 0.025, \"temperature\": 77.1}',0.195),(423,6,825.082,'2025-04-18 10:23:48','{\"speed\": 806, \"pressure\": 15.68, \"vibration\": 0.068, \"temperature\": 70.7}',0.289),(424,6,825.062,'2025-04-18 10:24:00','{\"speed\": 887, \"pressure\": 20.01, \"vibration\": 0.078, \"temperature\": 67.8}',0.38),(425,6,824.985,'2025-04-18 10:24:13','{\"speed\": 877, \"pressure\": 17.25, \"vibration\": 0.068, \"temperature\": 72.6}',0.315),(426,6,825.063,'2025-04-18 10:24:25','{\"speed\": 839, \"pressure\": 20.01, \"vibration\": 0.027, \"temperature\": 81.8}',0.257),(427,6,825.135,'2025-04-18 10:24:38','{\"speed\": 893, \"pressure\": 21.04, \"vibration\": 0.068, \"temperature\": 72.1}',0.308),(428,6,825.105,'2025-04-18 10:24:51','{\"speed\": 879, \"pressure\": 21.82, \"vibration\": 0.046, \"temperature\": 68.9}',0.1),(429,6,825.076,'2025-04-18 10:25:03','{\"speed\": 821, \"pressure\": 16.87, \"vibration\": 0.033, \"temperature\": 84.5}',0.293),(430,6,825.051,'2025-04-18 10:25:16','{\"speed\": 837, \"pressure\": 16.8, \"vibration\": 0.021, \"temperature\": 86.1}',0.315),(431,6,824.988,'2025-04-18 10:25:29','{\"speed\": 821, \"pressure\": 18.97, \"vibration\": 0.039, \"temperature\": 62.7}',0.1),(432,6,825.009,'2025-04-18 10:25:41','{\"speed\": 867, \"pressure\": 19.18, \"vibration\": 0.051, \"temperature\": 67.0}',0.11),(433,6,824.918,'2025-04-18 10:25:54','{\"speed\": 849, \"pressure\": 21.64, \"vibration\": 0.049, \"temperature\": 80.7}',0.243),(434,6,824.909,'2025-04-18 10:26:07','{\"speed\": 839, \"pressure\": 21.43, \"vibration\": 0.04, \"temperature\": 63.0}',0.1),(435,6,824.993,'2025-04-18 10:26:19','{\"speed\": 873, \"pressure\": 15.99, \"vibration\": 0.072, \"temperature\": 70.3}',0.324),(436,6,825.037,'2025-04-18 10:26:32','{\"speed\": 887, \"pressure\": 15.31, \"vibration\": 0.037, \"temperature\": 67.3}',0.1),(437,6,825.14,'2025-04-18 10:26:44','{\"speed\": 812, \"pressure\": 17.19, \"vibration\": 0.056, \"temperature\": 67.2}',0.16),(438,6,825.096,'2025-04-18 10:26:57','{\"speed\": 836, \"pressure\": 16.73, \"vibration\": 0.023, \"temperature\": 85.6}',0.308),(439,6,825.019,'2025-04-18 10:27:10','{\"speed\": 818, \"pressure\": 17.7, \"vibration\": 0.044, \"temperature\": 75.2}',0.169),(440,6,825.032,'2025-04-18 10:27:22','{\"speed\": 879, \"pressure\": 21.46, \"vibration\": 0.032, \"temperature\": 87.6}',0.335),(441,6,825.099,'2025-04-18 10:27:35','{\"speed\": 859, \"pressure\": 17.73, \"vibration\": 0.071, \"temperature\": 64.4}',0.31),(442,6,825.192,'2025-04-18 10:27:47','{\"speed\": 829, \"pressure\": 16.65, \"vibration\": 0.056, \"temperature\": 72.7}',0.196),(443,6,825.206,'2025-04-18 10:28:00','{\"speed\": 895, \"pressure\": 15.99, \"vibration\": 0.056, \"temperature\": 77.6}',0.261),(444,6,825.172,'2025-04-18 10:28:12','{\"speed\": 869, \"pressure\": 16.84, \"vibration\": 0.075, \"temperature\": 72.4}',0.382),(445,6,825.229,'2025-04-18 10:28:25','{\"speed\": 878, \"pressure\": 16.1, \"vibration\": 0.056, \"temperature\": 66.4}',0.16),(446,6,825.309,'2025-04-18 10:28:38','{\"speed\": 800, \"pressure\": 15.06, \"vibration\": 0.046, \"temperature\": 68.8}',0.1),(447,6,825.381,'2025-04-18 10:28:51','{\"speed\": 879, \"pressure\": 20.25, \"vibration\": 0.08, \"temperature\": 66.7}',0.4),(448,6,825.413,'2025-04-18 10:29:03','{\"speed\": 858, \"pressure\": 21.83, \"vibration\": 0.075, \"temperature\": 82.9}',0.522),(449,6,825.494,'2025-04-18 10:29:16','{\"speed\": 869, \"pressure\": 20.57, \"vibration\": 0.044, \"temperature\": 85.2}',0.303),(450,6,825.524,'2025-04-18 10:29:29','{\"speed\": 823, \"pressure\": 18.99, \"vibration\": 0.037, \"temperature\": 83.3}',0.277),(451,6,825.555,'2025-04-18 10:29:42','{\"speed\": 801, \"pressure\": 20.68, \"vibration\": 0.078, \"temperature\": 70.9}',0.392),(452,6,825.588,'2025-04-18 10:29:54','{\"speed\": 800, \"pressure\": 20.01, \"vibration\": 0.043, \"temperature\": 88.6}',0.348),(453,6,825.576,'2025-04-18 10:30:07','{\"speed\": 898, \"pressure\": 20.61, \"vibration\": 0.053, \"temperature\": 65.3}',0.13),(454,6,825.583,'2025-04-18 10:30:20','{\"speed\": 840, \"pressure\": 18.61, \"vibration\": 0.078, \"temperature\": 69.5}',0.38),(455,6,825.618,'2025-04-18 10:30:32','{\"speed\": 856, \"pressure\": 19.5, \"vibration\": 0.052, \"temperature\": 73.7}',0.169),(456,6,825.608,'2025-04-18 10:30:45','{\"speed\": 856, \"pressure\": 21.35, \"vibration\": 0.056, \"temperature\": 71.8}',0.184),(457,6,825.607,'2025-04-18 10:30:58','{\"speed\": 821, \"pressure\": 15.39, \"vibration\": 0.024, \"temperature\": 81.9}',0.259),(458,6,825.565,'2025-04-18 10:31:11','{\"speed\": 885, \"pressure\": 20.83, \"vibration\": 0.031, \"temperature\": 69.3}',0.1),(459,6,825.647,'2025-04-18 10:31:23','{\"speed\": 820, \"pressure\": 15.78, \"vibration\": 0.054, \"temperature\": 88.7}',0.389),(460,6,825.573,'2025-04-18 10:31:36','{\"speed\": 803, \"pressure\": 15.02, \"vibration\": 0.062, \"temperature\": 63.8}',0.22),(461,6,825.49,'2025-04-18 10:31:49','{\"speed\": 856, \"pressure\": 15.59, \"vibration\": 0.036, \"temperature\": 72.6}',0.135),(462,6,825.561,'2025-04-18 10:32:02','{\"speed\": 883, \"pressure\": 19.61, \"vibration\": 0.029, \"temperature\": 62.5}',0.1),(463,6,825.487,'2025-04-18 10:32:14','{\"speed\": 807, \"pressure\": 19.08, \"vibration\": 0.067, \"temperature\": 62.9}',0.27),(464,6,825.523,'2025-04-18 10:32:27','{\"speed\": 876, \"pressure\": 18.77, \"vibration\": 0.053, \"temperature\": 70.9}',0.142),(465,6,825.49,'2025-04-18 10:32:40','{\"speed\": 803, \"pressure\": 17.4, \"vibration\": 0.044, \"temperature\": 75.9}',0.179),(466,6,825.489,'2025-04-18 10:32:52','{\"speed\": 835, \"pressure\": 17.22, \"vibration\": 0.046, \"temperature\": 74.5}',0.16),(467,6,825.495,'2025-04-18 10:33:05','{\"speed\": 847, \"pressure\": 21.76, \"vibration\": 0.077, \"temperature\": 85.3}',0.574),(468,6,825.406,'2025-04-18 10:33:18','{\"speed\": 877, \"pressure\": 18.11, \"vibration\": 0.07, \"temperature\": 65.1}',0.3),(469,6,825.411,'2025-04-18 10:33:31','{\"speed\": 898, \"pressure\": 19.94, \"vibration\": 0.041, \"temperature\": 60.7}',0.1),(470,6,825.375,'2025-04-18 10:33:43','{\"speed\": 872, \"pressure\": 17.91, \"vibration\": 0.067, \"temperature\": 80.1}',0.405),(471,6,825.401,'2025-04-18 10:33:56','{\"speed\": 824, \"pressure\": 16.3, \"vibration\": 0.048, \"temperature\": 79.3}',0.224),(472,6,825.455,'2025-04-18 10:34:09','{\"speed\": 885, \"pressure\": 20.6, \"vibration\": 0.071, \"temperature\": 71.0}',0.323),(473,6,825.463,'2025-04-18 10:34:22','{\"speed\": 841, \"pressure\": 21.2, \"vibration\": 0.036, \"temperature\": 81.2}',0.249),(474,6,825.505,'2025-04-18 10:34:35','{\"speed\": 896, \"pressure\": 18.33, \"vibration\": 0.053, \"temperature\": 70.4}',0.135),(475,6,825.44,'2025-04-18 10:34:48','{\"speed\": 823, \"pressure\": 20.66, \"vibration\": 0.04, \"temperature\": 77.0}',0.193),(476,6,825.401,'2025-04-18 10:35:00','{\"speed\": 889, \"pressure\": 20.22, \"vibration\": 0.061, \"temperature\": 84.4}',0.402),(477,6,825.35,'2025-04-18 10:35:13','{\"speed\": 872, \"pressure\": 20.24, \"vibration\": 0.055, \"temperature\": 81.0}',0.297),(478,6,825.409,'2025-04-18 10:35:26','{\"speed\": 802, \"pressure\": 15.83, \"vibration\": 0.026, \"temperature\": 74.1}',0.155),(479,6,825.445,'2025-04-18 10:35:39','{\"speed\": 842, \"pressure\": 21.22, \"vibration\": 0.025, \"temperature\": 60.5}',0.1),(480,6,825.467,'2025-04-18 10:35:51','{\"speed\": 854, \"pressure\": 16.44, \"vibration\": 0.068, \"temperature\": 88.3}',0.524),(481,6,825.404,'2025-04-18 10:36:04','{\"speed\": 815, \"pressure\": 18.26, \"vibration\": 0.045, \"temperature\": 79.8}',0.231),(482,6,825.308,'2025-04-18 10:36:17','{\"speed\": 862, \"pressure\": 19.19, \"vibration\": 0.029, \"temperature\": 61.5}',0.1),(483,6,825.267,'2025-04-18 10:36:29','{\"speed\": 824, \"pressure\": 15.77, \"vibration\": 0.056, \"temperature\": 71.4}',0.179),(484,6,825.314,'2025-04-18 10:36:42','{\"speed\": 809, \"pressure\": 18.35, \"vibration\": 0.053, \"temperature\": 78.7}',0.246),(485,6,825.302,'2025-04-18 10:36:55','{\"speed\": 810, \"pressure\": 19.48, \"vibration\": 0.053, \"temperature\": 87.8}',0.367),(486,6,825.318,'2025-04-18 10:37:07','{\"speed\": 815, \"pressure\": 15.26, \"vibration\": 0.073, \"temperature\": 85.3}',0.534),(487,6,825.354,'2025-04-18 10:37:20','{\"speed\": 809, \"pressure\": 19.03, \"vibration\": 0.027, \"temperature\": 83.2}',0.276),(488,6,825.416,'2025-04-18 10:37:32','{\"speed\": 845, \"pressure\": 18.66, \"vibration\": 0.031, \"temperature\": 80.7}',0.243),(489,6,825.373,'2025-04-18 10:37:45','{\"speed\": 843, \"pressure\": 20.68, \"vibration\": 0.06, \"temperature\": 80.7}',0.343),(490,6,825.366,'2025-04-18 10:37:57','{\"speed\": 885, \"pressure\": 18.61, \"vibration\": 0.06, \"temperature\": 60.8}',0.2),(491,6,825.324,'2025-04-18 10:38:10','{\"speed\": 825, \"pressure\": 15.39, \"vibration\": 0.059, \"temperature\": 74.5}',0.25),(492,6,825.332,'2025-04-18 10:38:23','{\"speed\": 865, \"pressure\": 18.62, \"vibration\": 0.032, \"temperature\": 62.2}',0.1),(493,6,825.39,'2025-04-18 10:38:36','{\"speed\": 822, \"pressure\": 18.75, \"vibration\": 0.038, \"temperature\": 62.9}',0.1),(494,6,825.467,'2025-04-18 10:38:49','{\"speed\": 809, \"pressure\": 19.13, \"vibration\": 0.029, \"temperature\": 84.7}',0.296),(495,6,825.481,'2025-04-18 10:39:02','{\"speed\": 887, \"pressure\": 16.56, \"vibration\": 0.027, \"temperature\": 75.0}',0.167),(496,6,825.478,'2025-04-18 10:39:15','{\"speed\": 893, \"pressure\": 19.86, \"vibration\": 0.063, \"temperature\": 77.9}',0.335),(497,6,825.48,'2025-04-18 10:39:28','{\"speed\": 821, \"pressure\": 18.09, \"vibration\": 0.036, \"temperature\": 87.0}',0.327),(498,6,825.571,'2025-04-18 10:39:41','{\"speed\": 836, \"pressure\": 17.07, \"vibration\": 0.044, \"temperature\": 85.0}',0.3),(499,6,825.476,'2025-04-18 10:39:54','{\"speed\": 833, \"pressure\": 18.44, \"vibration\": 0.068, \"temperature\": 89.3}',0.537),(500,6,825.412,'2025-04-18 10:40:09','{\"speed\": 887, \"pressure\": 16.37, \"vibration\": 0.056, \"temperature\": 66.6}',0.16),(501,6,825.435,'2025-04-18 10:40:22','{\"speed\": 890, \"pressure\": 15.25, \"vibration\": 0.028, \"temperature\": 62.4}',0.1),(502,6,825.358,'2025-04-18 10:40:34','{\"speed\": 895, \"pressure\": 16.15, \"vibration\": 0.074, \"temperature\": 67.3}',0.34),(503,6,825.291,'2025-04-18 10:40:47','{\"speed\": 806, \"pressure\": 18.89, \"vibration\": 0.065, \"temperature\": 83.2}',0.426),(504,6,825.32,'2025-04-18 10:41:01','{\"speed\": 826, \"pressure\": 18.0, \"vibration\": 0.076, \"temperature\": 86.9}',0.585),(505,6,825.421,'2025-04-18 10:41:14','{\"speed\": 882, \"pressure\": 21.54, \"vibration\": 0.067, \"temperature\": 75.8}',0.347),(506,6,825.478,'2025-04-18 10:41:30','{\"speed\": 827, \"pressure\": 21.44, \"vibration\": 0.058, \"temperature\": 81.9}',0.339),(507,6,825.541,'2025-04-18 10:41:45','{\"speed\": 898, \"pressure\": 21.59, \"vibration\": 0.077, \"temperature\": 86.0}',0.583),(508,6,825.469,'2025-04-18 10:41:59','{\"speed\": 832, \"pressure\": 18.28, \"vibration\": 0.032, \"temperature\": 69.9}',0.1),(509,6,825.489,'2025-04-18 10:42:13','{\"speed\": 832, \"pressure\": 21.15, \"vibration\": 0.065, \"temperature\": 71.9}',0.275),(510,6,825.559,'2025-04-18 10:42:26','{\"speed\": 893, \"pressure\": 20.39, \"vibration\": 0.048, \"temperature\": 85.8}',0.311),(511,6,825.648,'2025-04-18 10:42:40','{\"speed\": 843, \"pressure\": 21.72, \"vibration\": 0.034, \"temperature\": 65.0}',0.1),(512,6,825.596,'2025-04-18 10:42:53','{\"speed\": 860, \"pressure\": 16.47, \"vibration\": 0.05, \"temperature\": 81.2}',0.249),(513,6,825.528,'2025-04-18 10:43:07','{\"speed\": 824, \"pressure\": 16.66, \"vibration\": 0.054, \"temperature\": 73.8}',0.191),(514,6,825.482,'2025-04-18 10:43:20','{\"speed\": 819, \"pressure\": 20.38, \"vibration\": 0.039, \"temperature\": 70.5}',0.107),(515,6,825.451,'2025-04-18 10:43:34','{\"speed\": 828, \"pressure\": 19.75, \"vibration\": 0.04, \"temperature\": 87.0}',0.327),(516,6,825.448,'2025-04-18 10:43:47','{\"speed\": 887, \"pressure\": 17.14, \"vibration\": 0.027, \"temperature\": 73.7}',0.149),(517,6,825.547,'2025-04-18 10:44:01','{\"speed\": 826, \"pressure\": 17.81, \"vibration\": 0.077, \"temperature\": 62.6}',0.37),(518,6,825.554,'2025-04-18 10:44:14','{\"speed\": 845, \"pressure\": 17.61, \"vibration\": 0.06, \"temperature\": 62.8}',0.2),(519,6,825.463,'2025-04-18 10:44:27','{\"speed\": 821, \"pressure\": 19.2, \"vibration\": 0.028, \"temperature\": 72.1}',0.128),(520,6,825.451,'2025-04-18 10:44:40','{\"speed\": 804, \"pressure\": 15.77, \"vibration\": 0.026, \"temperature\": 81.8}',0.257),(521,6,825.381,'2025-04-18 10:44:54','{\"speed\": 813, \"pressure\": 16.7, \"vibration\": 0.057, \"temperature\": 63.2}',0.17),(522,6,825.427,'2025-04-18 10:45:07','{\"speed\": 831, \"pressure\": 17.08, \"vibration\": 0.07, \"temperature\": 85.4}',0.505),(523,6,825.526,'2025-04-18 10:45:20','{\"speed\": 877, \"pressure\": 20.56, \"vibration\": 0.06, \"temperature\": 79.0}',0.32),(524,6,825.588,'2025-04-18 10:45:33','{\"speed\": 812, \"pressure\": 21.13, \"vibration\": 0.078, \"temperature\": 69.1}',0.38),(525,6,825.677,'2025-04-18 10:45:47','{\"speed\": 883, \"pressure\": 17.82, \"vibration\": 0.079, \"temperature\": 80.3}',0.527),(526,6,825.665,'2025-04-18 10:46:00','{\"speed\": 873, \"pressure\": 16.98, \"vibration\": 0.062, \"temperature\": 75.3}',0.291),(527,6,825.619,'2025-04-18 10:46:14','{\"speed\": 845, \"pressure\": 20.57, \"vibration\": 0.069, \"temperature\": 73.1}',0.331),(528,6,825.685,'2025-04-18 10:46:27','{\"speed\": 821, \"pressure\": 19.25, \"vibration\": 0.036, \"temperature\": 70.0}',0.1),(529,6,825.606,'2025-04-18 10:46:40','{\"speed\": 875, \"pressure\": 18.97, \"vibration\": 0.074, \"temperature\": 71.8}',0.364),(530,6,825.702,'2025-04-18 10:46:53','{\"speed\": 821, \"pressure\": 17.67, \"vibration\": 0.023, \"temperature\": 85.7}',0.309),(531,6,825.607,'2025-04-18 10:47:06','{\"speed\": 892, \"pressure\": 19.32, \"vibration\": 0.062, \"temperature\": 67.9}',0.22),(532,6,825.599,'2025-04-18 10:47:19','{\"speed\": 862, \"pressure\": 20.85, \"vibration\": 0.048, \"temperature\": 83.2}',0.276),(533,6,825.537,'2025-04-18 10:47:33','{\"speed\": 862, \"pressure\": 17.83, \"vibration\": 0.067, \"temperature\": 69.0}',0.27),(534,6,825.592,'2025-04-18 10:47:46','{\"speed\": 856, \"pressure\": 21.71, \"vibration\": 0.072, \"temperature\": 85.0}',0.52),(535,6,825.662,'2025-04-18 10:47:58','{\"speed\": 820, \"pressure\": 16.51, \"vibration\": 0.048, \"temperature\": 63.9}',0.1),(536,6,825.633,'2025-04-18 10:48:11','{\"speed\": 814, \"pressure\": 19.59, \"vibration\": 0.061, \"temperature\": 65.5}',0.21),(537,6,825.705,'2025-04-18 10:48:23','{\"speed\": 841, \"pressure\": 15.52, \"vibration\": 0.058, \"temperature\": 72.6}',0.215),(538,6,825.639,'2025-04-18 10:48:36','{\"speed\": 824, \"pressure\": 19.16, \"vibration\": 0.073, \"temperature\": 73.0}',0.37),(539,6,825.73,'2025-04-18 10:48:49','{\"speed\": 841, \"pressure\": 18.13, \"vibration\": 0.07, \"temperature\": 78.0}',0.407),(540,6,825.815,'2025-04-18 10:49:03','{\"speed\": 886, \"pressure\": 20.33, \"vibration\": 0.063, \"temperature\": 84.9}',0.429),(541,6,825.862,'2025-04-18 10:49:16','{\"speed\": 864, \"pressure\": 19.64, \"vibration\": 0.079, \"temperature\": 79.2}',0.513),(542,6,825.879,'2025-04-18 10:49:30','{\"speed\": 874, \"pressure\": 15.44, \"vibration\": 0.026, \"temperature\": 64.1}',0.1),(543,6,825.958,'2025-04-18 10:49:45','{\"speed\": 855, \"pressure\": 18.27, \"vibration\": 0.038, \"temperature\": 83.1}',0.275),(544,6,825.905,'2025-04-18 10:49:58','{\"speed\": 857, \"pressure\": 20.97, \"vibration\": 0.032, \"temperature\": 73.2}',0.143),(545,6,825.834,'2025-04-18 10:50:13','{\"speed\": 873, \"pressure\": 17.23, \"vibration\": 0.045, \"temperature\": 69.8}',0.1),(546,6,825.805,'2025-04-18 10:50:28','{\"speed\": 856, \"pressure\": 18.89, \"vibration\": 0.049, \"temperature\": 86.3}',0.317),(547,6,825.831,'2025-04-18 10:50:42','{\"speed\": 886, \"pressure\": 16.75, \"vibration\": 0.064, \"temperature\": 86.2}',0.456),(548,6,825.829,'2025-04-18 10:50:55','{\"speed\": 867, \"pressure\": 15.37, \"vibration\": 0.031, \"temperature\": 68.2}',0.1),(549,6,825.82,'2025-04-18 10:51:10','{\"speed\": 860, \"pressure\": 16.04, \"vibration\": 0.026, \"temperature\": 79.4}',0.225),(550,6,825.871,'2025-04-18 10:51:25','{\"speed\": 891, \"pressure\": 20.3, \"vibration\": 0.068, \"temperature\": 88.2}',0.523),(551,6,825.811,'2025-04-18 10:51:40','{\"speed\": 821, \"pressure\": 18.21, \"vibration\": 0.027, \"temperature\": 81.9}',0.259),(552,6,825.878,'2025-04-18 10:51:55','{\"speed\": 800, \"pressure\": 16.25, \"vibration\": 0.036, \"temperature\": 86.3}',0.317),(553,6,825.781,'2025-04-18 10:52:10','{\"speed\": 857, \"pressure\": 17.44, \"vibration\": 0.058, \"temperature\": 71.5}',0.2),(554,6,825.711,'2025-04-18 10:52:26','{\"speed\": 837, \"pressure\": 15.68, \"vibration\": 0.071, \"temperature\": 61.3}',0.31),(555,6,825.639,'2025-04-18 10:52:40','{\"speed\": 847, \"pressure\": 15.23, \"vibration\": 0.077, \"temperature\": 89.1}',0.625),(556,6,825.572,'2025-04-18 10:52:52','{\"speed\": 808, \"pressure\": 17.1, \"vibration\": 0.064, \"temperature\": 62.6}',0.24),(557,6,825.53,'2025-04-18 10:53:05','{\"speed\": 807, \"pressure\": 17.54, \"vibration\": 0.077, \"temperature\": 72.5}',0.403),(558,6,825.5,'2025-04-18 10:53:18','{\"speed\": 859, \"pressure\": 18.33, \"vibration\": 0.057, \"temperature\": 83.3}',0.347),(559,6,825.548,'2025-04-18 10:53:31','{\"speed\": 833, \"pressure\": 19.52, \"vibration\": 0.042, \"temperature\": 74.3}',0.157),(560,6,825.483,'2025-04-18 10:53:44','{\"speed\": 887, \"pressure\": 20.78, \"vibration\": 0.036, \"temperature\": 85.7}',0.309),(561,6,825.421,'2025-04-18 10:53:57','{\"speed\": 870, \"pressure\": 20.03, \"vibration\": 0.059, \"temperature\": 87.1}',0.418),(562,6,825.422,'2025-04-18 10:54:11','{\"speed\": 824, \"pressure\": 15.85, \"vibration\": 0.072, \"temperature\": 65.1}',0.32),(563,6,825.507,'2025-04-18 10:54:26','{\"speed\": 807, \"pressure\": 16.98, \"vibration\": 0.06, \"temperature\": 75.7}',0.276),(564,6,825.45,'2025-04-18 10:54:40','{\"speed\": 840, \"pressure\": 18.32, \"vibration\": 0.076, \"temperature\": 69.5}',0.36),(565,6,825.538,'2025-04-18 10:54:55','{\"speed\": 876, \"pressure\": 17.65, \"vibration\": 0.034, \"temperature\": 68.4}',0.1),(566,6,825.594,'2025-04-18 10:55:08','{\"speed\": 870, \"pressure\": 15.22, \"vibration\": 0.029, \"temperature\": 61.0}',0.1),(567,6,825.596,'2025-04-18 10:55:20','{\"speed\": 817, \"pressure\": 18.49, \"vibration\": 0.062, \"temperature\": 65.5}',0.22),(568,6,825.643,'2025-04-18 10:55:33','{\"speed\": 858, \"pressure\": 20.05, \"vibration\": 0.074, \"temperature\": 83.2}',0.516),(569,6,825.58,'2025-04-18 10:55:46','{\"speed\": 802, \"pressure\": 16.66, \"vibration\": 0.022, \"temperature\": 74.7}',0.163),(570,6,825.508,'2025-04-18 10:55:58','{\"speed\": 810, \"pressure\": 19.06, \"vibration\": 0.026, \"temperature\": 74.2}',0.156),(571,6,825.559,'2025-04-18 10:56:12','{\"speed\": 821, \"pressure\": 18.53, \"vibration\": 0.065, \"temperature\": 85.8}',0.461),(572,6,825.631,'2025-04-18 10:56:26','{\"speed\": 842, \"pressure\": 21.29, \"vibration\": 0.057, \"temperature\": 74.7}',0.233),(573,6,825.59,'2025-04-18 10:56:38','{\"speed\": 831, \"pressure\": 20.99, \"vibration\": 0.079, \"temperature\": 72.3}',0.421),(574,6,825.633,'2025-04-18 10:56:51','{\"speed\": 885, \"pressure\": 21.66, \"vibration\": 0.072, \"temperature\": 74.8}',0.384),(575,6,825.66,'2025-04-18 10:57:07','{\"speed\": 888, \"pressure\": 16.4, \"vibration\": 0.077, \"temperature\": 64.0}',0.37),(576,6,825.72,'2025-04-18 10:57:19','{\"speed\": 855, \"pressure\": 20.28, \"vibration\": 0.044, \"temperature\": 70.8}',0.111),(577,6,825.808,'2025-04-18 10:57:32','{\"speed\": 802, \"pressure\": 17.24, \"vibration\": 0.054, \"temperature\": 79.0}',0.26),(578,6,825.825,'2025-04-18 10:57:46','{\"speed\": 856, \"pressure\": 15.93, \"vibration\": 0.062, \"temperature\": 69.4}',0.22),(579,6,825.79,'2025-04-18 10:58:00','{\"speed\": 855, \"pressure\": 16.99, \"vibration\": 0.048, \"temperature\": 85.1}',0.301),(580,6,825.743,'2025-04-18 10:58:13','{\"speed\": 818, \"pressure\": 19.19, \"vibration\": 0.05, \"temperature\": 63.1}',0.1),(581,6,825.84,'2025-04-18 10:58:26','{\"speed\": 802, \"pressure\": 16.81, \"vibration\": 0.056, \"temperature\": 75.3}',0.231),(582,6,825.893,'2025-04-18 10:58:41','{\"speed\": 884, \"pressure\": 17.52, \"vibration\": 0.07, \"temperature\": 68.2}',0.3),(583,6,825.865,'2025-04-18 10:58:54','{\"speed\": 857, \"pressure\": 16.48, \"vibration\": 0.028, \"temperature\": 60.9}',0.1),(584,6,825.769,'2025-04-18 10:59:07','{\"speed\": 828, \"pressure\": 20.72, \"vibration\": 0.058, \"temperature\": 80.9}',0.325),(585,6,825.808,'2025-04-18 10:59:19','{\"speed\": 837, \"pressure\": 20.21, \"vibration\": 0.028, \"temperature\": 84.6}',0.295),(586,6,825.907,'2025-04-18 10:59:32','{\"speed\": 876, \"pressure\": 20.52, \"vibration\": 0.045, \"temperature\": 71.7}',0.123),(587,6,825.857,'2025-04-18 10:59:45','{\"speed\": 830, \"pressure\": 17.79, \"vibration\": 0.031, \"temperature\": 77.3}',0.197),(588,6,825.827,'2025-04-18 10:59:59','{\"speed\": 821, \"pressure\": 15.78, \"vibration\": 0.033, \"temperature\": 66.3}',0.1),(589,6,825.771,'2025-04-18 11:00:12','{\"speed\": 807, \"pressure\": 17.46, \"vibration\": 0.076, \"temperature\": 86.0}',0.573),(590,6,825.732,'2025-04-18 11:00:25','{\"speed\": 892, \"pressure\": 19.56, \"vibration\": 0.056, \"temperature\": 75.0}',0.227),(591,6,825.833,'2025-04-18 11:00:38','{\"speed\": 879, \"pressure\": 16.08, \"vibration\": 0.056, \"temperature\": 65.8}',0.16),(592,6,825.919,'2025-04-18 11:00:50','{\"speed\": 811, \"pressure\": 15.94, \"vibration\": 0.022, \"temperature\": 84.7}',0.296),(593,6,825.864,'2025-04-18 11:01:03','{\"speed\": 821, \"pressure\": 18.91, \"vibration\": 0.063, \"temperature\": 60.8}',0.23),(594,6,825.781,'2025-04-18 11:01:16','{\"speed\": 866, \"pressure\": 15.01, \"vibration\": 0.036, \"temperature\": 78.7}',0.216),(595,6,825.845,'2025-04-18 11:01:28','{\"speed\": 853, \"pressure\": 15.62, \"vibration\": 0.079, \"temperature\": 76.1}',0.471),(596,6,825.89,'2025-04-18 11:01:41','{\"speed\": 828, \"pressure\": 15.6, \"vibration\": 0.036, \"temperature\": 87.2}',0.329),(597,6,825.857,'2025-04-18 11:01:54','{\"speed\": 819, \"pressure\": 15.41, \"vibration\": 0.054, \"temperature\": 67.4}',0.14),(598,6,825.849,'2025-04-18 11:02:07','{\"speed\": 815, \"pressure\": 16.89, \"vibration\": 0.035, \"temperature\": 73.4}',0.145),(599,6,825.839,'2025-04-18 11:02:20','{\"speed\": 807, \"pressure\": 16.68, \"vibration\": 0.05, \"temperature\": 76.2}',0.183),(600,6,825.823,'2025-04-18 11:02:33','{\"speed\": 858, \"pressure\": 19.19, \"vibration\": 0.07, \"temperature\": 65.8}',0.3),(601,6,825.751,'2025-04-18 11:02:46','{\"speed\": 834, \"pressure\": 16.29, \"vibration\": 0.051, \"temperature\": 88.0}',0.35),(602,6,825.728,'2025-04-18 11:03:01','{\"speed\": 814, \"pressure\": 18.14, \"vibration\": 0.023, \"temperature\": 82.7}',0.269),(603,6,825.657,'2025-04-18 11:03:16','{\"speed\": 839, \"pressure\": 21.92, \"vibration\": 0.028, \"temperature\": 74.4}',0.159),(604,6,825.648,'2025-04-18 11:03:29','{\"speed\": 852, \"pressure\": 18.57, \"vibration\": 0.052, \"temperature\": 83.7}',0.303),(605,6,825.558,'2025-04-18 11:03:42','{\"speed\": 808, \"pressure\": 15.29, \"vibration\": 0.033, \"temperature\": 68.9}',0.1),(606,6,825.528,'2025-04-18 11:03:55','{\"speed\": 818, \"pressure\": 15.85, \"vibration\": 0.046, \"temperature\": 83.2}',0.276),(607,6,825.502,'2025-04-18 11:04:08','{\"speed\": 804, \"pressure\": 15.32, \"vibration\": 0.053, \"temperature\": 62.2}',0.13),(608,6,825.604,'2025-04-18 11:04:21','{\"speed\": 801, \"pressure\": 18.99, \"vibration\": 0.045, \"temperature\": 85.2}',0.303),(609,6,825.621,'2025-04-18 11:04:33','{\"speed\": 812, \"pressure\": 21.43, \"vibration\": 0.074, \"temperature\": 72.2}',0.369),(610,6,825.671,'2025-04-18 11:04:47','{\"speed\": 880, \"pressure\": 19.01, \"vibration\": 0.025, \"temperature\": 87.4}',0.332),(611,6,825.695,'2025-04-18 11:04:59','{\"speed\": 805, \"pressure\": 20.95, \"vibration\": 0.04, \"temperature\": 67.5}',0.1),(612,6,825.662,'2025-04-18 11:05:13','{\"speed\": 804, \"pressure\": 21.84, \"vibration\": 0.02, \"temperature\": 63.7}',0.1),(613,6,825.689,'2025-04-18 11:05:26','{\"speed\": 836, \"pressure\": 15.16, \"vibration\": 0.027, \"temperature\": 86.2}',0.316),(614,6,825.697,'2025-04-18 11:05:39','{\"speed\": 867, \"pressure\": 17.49, \"vibration\": 0.069, \"temperature\": 79.3}',0.414),(615,6,825.741,'2025-04-18 11:05:51','{\"speed\": 898, \"pressure\": 21.67, \"vibration\": 0.026, \"temperature\": 61.7}',0.1),(616,6,825.815,'2025-04-18 11:06:04','{\"speed\": 836, \"pressure\": 20.96, \"vibration\": 0.069, \"temperature\": 71.3}',0.307),(617,6,825.862,'2025-04-18 11:06:17','{\"speed\": 814, \"pressure\": 16.28, \"vibration\": 0.038, \"temperature\": 87.7}',0.336),(618,6,825.833,'2025-04-18 11:06:30','{\"speed\": 878, \"pressure\": 19.38, \"vibration\": 0.052, \"temperature\": 69.5}',0.12),(619,6,825.747,'2025-04-18 11:06:46','{\"speed\": 888, \"pressure\": 21.13, \"vibration\": 0.033, \"temperature\": 76.4}',0.185),(620,6,825.689,'2025-04-18 11:07:01','{\"speed\": 900, \"pressure\": 16.11, \"vibration\": 0.023, \"temperature\": 69.9}',0.1),(621,6,825.64,'2025-04-18 11:07:14','{\"speed\": 834, \"pressure\": 17.03, \"vibration\": 0.062, \"temperature\": 90.0}',0.487),(622,6,825.646,'2025-04-18 11:07:28','{\"speed\": 815, \"pressure\": 16.77, \"vibration\": 0.038, \"temperature\": 75.5}',0.173),(623,6,825.72,'2025-04-18 11:07:40','{\"speed\": 835, \"pressure\": 20.5, \"vibration\": 0.073, \"temperature\": 75.0}',0.397),(624,6,825.767,'2025-04-18 11:07:53','{\"speed\": 857, \"pressure\": 16.2, \"vibration\": 0.046, \"temperature\": 81.0}',0.247),(625,6,825.746,'2025-04-18 11:08:06','{\"speed\": 856, \"pressure\": 20.25, \"vibration\": 0.043, \"temperature\": 63.6}',0.1),(626,6,825.817,'2025-04-18 11:08:19','{\"speed\": 869, \"pressure\": 15.23, \"vibration\": 0.027, \"temperature\": 66.7}',0.1),(627,6,825.86,'2025-04-18 11:08:31','{\"speed\": 818, \"pressure\": 17.68, \"vibration\": 0.02, \"temperature\": 63.0}',0.1),(628,6,825.899,'2025-04-18 11:08:44','{\"speed\": 807, \"pressure\": 19.39, \"vibration\": 0.059, \"temperature\": 88.4}',0.435),(629,6,825.868,'2025-04-18 11:08:57','{\"speed\": 825, \"pressure\": 15.8, \"vibration\": 0.046, \"temperature\": 81.0}',0.247),(630,6,825.963,'2025-04-18 11:09:09','{\"speed\": 844, \"pressure\": 18.02, \"vibration\": 0.062, \"temperature\": 66.7}',0.22),(631,6,825.919,'2025-04-18 11:09:22','{\"speed\": 805, \"pressure\": 16.21, \"vibration\": 0.061, \"temperature\": 86.5}',0.43),(632,6,825.873,'2025-04-18 11:09:35','{\"speed\": 823, \"pressure\": 17.54, \"vibration\": 0.033, \"temperature\": 87.6}',0.335),(633,6,825.796,'2025-04-18 11:09:47','{\"speed\": 890, \"pressure\": 15.05, \"vibration\": 0.03, \"temperature\": 61.8}',0.1),(634,6,825.826,'2025-04-18 11:10:00','{\"speed\": 823, \"pressure\": 21.41, \"vibration\": 0.059, \"temperature\": 89.8}',0.454),(635,6,825.876,'2025-04-18 11:10:13','{\"speed\": 829, \"pressure\": 15.52, \"vibration\": 0.067, \"temperature\": 89.8}',0.534),(636,6,825.82,'2025-04-18 11:10:26','{\"speed\": 868, \"pressure\": 16.13, \"vibration\": 0.02, \"temperature\": 87.8}',0.337),(637,6,825.792,'2025-04-18 11:10:38','{\"speed\": 811, \"pressure\": 17.58, \"vibration\": 0.063, \"temperature\": 63.3}',0.23),(638,6,825.715,'2025-04-18 11:10:51','{\"speed\": 850, \"pressure\": 17.9, \"vibration\": 0.059, \"temperature\": 60.6}',0.19),(639,6,825.736,'2025-04-18 11:11:05','{\"speed\": 824, \"pressure\": 21.61, \"vibration\": 0.065, \"temperature\": 68.4}',0.25),(640,6,825.79,'2025-04-18 11:11:18','{\"speed\": 847, \"pressure\": 15.63, \"vibration\": 0.036, \"temperature\": 87.2}',0.329),(641,6,825.796,'2025-04-18 11:11:30','{\"speed\": 883, \"pressure\": 21.64, \"vibration\": 0.066, \"temperature\": 71.9}',0.285),(642,6,825.812,'2025-04-18 11:11:44','{\"speed\": 864, \"pressure\": 21.06, \"vibration\": 0.021, \"temperature\": 67.0}',0.1),(643,6,825.874,'2025-04-18 11:11:57','{\"speed\": 861, \"pressure\": 15.59, \"vibration\": 0.068, \"temperature\": 79.6}',0.408),(644,6,825.806,'2025-04-18 11:12:10','{\"speed\": 849, \"pressure\": 20.6, \"vibration\": 0.03, \"temperature\": 82.9}',0.272),(645,6,825.795,'2025-04-18 11:12:23','{\"speed\": 866, \"pressure\": 18.61, \"vibration\": 0.073, \"temperature\": 69.3}',0.33),(646,6,825.84,'2025-04-18 11:12:35','{\"speed\": 873, \"pressure\": 19.26, \"vibration\": 0.026, \"temperature\": 72.2}',0.129),(647,6,825.931,'2025-04-18 11:12:48','{\"speed\": 861, \"pressure\": 17.89, \"vibration\": 0.021, \"temperature\": 60.5}',0.1),(648,6,825.996,'2025-04-18 11:13:00','{\"speed\": 823, \"pressure\": 19.8, \"vibration\": 0.07, \"temperature\": 69.2}',0.3),(649,6,825.946,'2025-04-18 11:13:14','{\"speed\": 837, \"pressure\": 16.41, \"vibration\": 0.068, \"temperature\": 65.0}',0.28),(650,6,826.047,'2025-04-18 11:13:27','{\"speed\": 851, \"pressure\": 20.48, \"vibration\": 0.077, \"temperature\": 82.8}',0.541),(651,6,826.107,'2025-04-18 11:13:41','{\"speed\": 845, \"pressure\": 18.9, \"vibration\": 0.068, \"temperature\": 88.5}',0.527),(652,6,826.14,'2025-04-18 11:13:57','{\"speed\": 822, \"pressure\": 20.19, \"vibration\": 0.04, \"temperature\": 79.2}',0.223),(653,6,826.24,'2025-04-18 11:14:11','{\"speed\": 886, \"pressure\": 20.77, \"vibration\": 0.027, \"temperature\": 61.5}',0.1),(654,6,826.282,'2025-04-18 11:14:25','{\"speed\": 837, \"pressure\": 18.46, \"vibration\": 0.051, \"temperature\": 78.2}',0.219),(655,6,826.205,'2025-04-18 11:14:39','{\"speed\": 876, \"pressure\": 18.88, \"vibration\": 0.078, \"temperature\": 65.4}',0.38),(656,6,826.187,'2025-04-18 11:14:52','{\"speed\": 886, \"pressure\": 17.33, \"vibration\": 0.05, \"temperature\": 82.2}',0.263),(657,6,826.097,'2025-04-18 11:15:05','{\"speed\": 872, \"pressure\": 19.32, \"vibration\": 0.049, \"temperature\": 71.7}',0.123),(658,6,826.118,'2025-04-18 11:15:18','{\"speed\": 830, \"pressure\": 21.45, \"vibration\": 0.034, \"temperature\": 63.5}',0.1),(659,6,826.132,'2025-04-18 11:15:30','{\"speed\": 897, \"pressure\": 20.46, \"vibration\": 0.06, \"temperature\": 70.6}',0.208),(660,6,826.213,'2025-04-18 11:15:43','{\"speed\": 859, \"pressure\": 18.68, \"vibration\": 0.028, \"temperature\": 72.5}',0.133),(661,6,826.311,'2025-04-18 11:15:55','{\"speed\": 813, \"pressure\": 21.36, \"vibration\": 0.022, \"temperature\": 65.1}',0.1),(662,6,826.366,'2025-04-18 11:16:08','{\"speed\": 834, \"pressure\": 19.22, \"vibration\": 0.064, \"temperature\": 62.1}',0.24),(663,6,826.351,'2025-04-18 11:16:20','{\"speed\": 806, \"pressure\": 21.3, \"vibration\": 0.036, \"temperature\": 70.5}',0.107),(664,6,826.452,'2025-04-18 11:16:33','{\"speed\": 879, \"pressure\": 18.89, \"vibration\": 0.039, \"temperature\": 65.5}',0.1),(665,6,826.365,'2025-04-18 11:16:46','{\"speed\": 887, \"pressure\": 17.03, \"vibration\": 0.028, \"temperature\": 85.7}',0.309),(666,6,826.308,'2025-04-18 11:16:58','{\"speed\": 891, \"pressure\": 17.69, \"vibration\": 0.059, \"temperature\": 77.0}',0.283),(667,6,826.36,'2025-04-18 11:17:11','{\"speed\": 876, \"pressure\": 19.2, \"vibration\": 0.04, \"temperature\": 84.2}',0.289),(668,6,826.38,'2025-04-18 11:17:23','{\"speed\": 861, \"pressure\": 15.7, \"vibration\": 0.035, \"temperature\": 71.9}',0.125),(669,6,826.332,'2025-04-18 11:17:36','{\"speed\": 807, \"pressure\": 20.15, \"vibration\": 0.029, \"temperature\": 63.7}',0.1),(670,6,826.394,'2025-04-18 11:17:48','{\"speed\": 806, \"pressure\": 20.29, \"vibration\": 0.045, \"temperature\": 86.2}',0.316),(671,6,826.317,'2025-04-18 11:18:01','{\"speed\": 837, \"pressure\": 15.09, \"vibration\": 0.057, \"temperature\": 83.2}',0.346),(672,6,826.296,'2025-04-18 11:18:13','{\"speed\": 828, \"pressure\": 17.36, \"vibration\": 0.024, \"temperature\": 65.7}',0.1),(673,6,826.374,'2025-04-18 11:18:26','{\"speed\": 867, \"pressure\": 15.7, \"vibration\": 0.053, \"temperature\": 73.0}',0.17),(674,6,826.351,'2025-04-18 11:18:39','{\"speed\": 894, \"pressure\": 17.05, \"vibration\": 0.067, \"temperature\": 65.6}',0.27),(675,6,826.35,'2025-04-18 11:18:51','{\"speed\": 815, \"pressure\": 17.5, \"vibration\": 0.054, \"temperature\": 78.5}',0.253),(676,6,826.449,'2025-04-18 11:19:05','{\"speed\": 882, \"pressure\": 15.59, \"vibration\": 0.04, \"temperature\": 84.9}',0.299),(677,6,826.455,'2025-04-18 11:19:17','{\"speed\": 823, \"pressure\": 17.96, \"vibration\": 0.063, \"temperature\": 84.9}',0.429),(678,6,826.52,'2025-04-18 11:19:30','{\"speed\": 817, \"pressure\": 17.38, \"vibration\": 0.072, \"temperature\": 76.2}',0.403),(679,6,826.481,'2025-04-18 11:19:42','{\"speed\": 876, \"pressure\": 19.21, \"vibration\": 0.053, \"temperature\": 74.4}',0.189),(680,6,826.563,'2025-04-18 11:19:55','{\"speed\": 897, \"pressure\": 17.42, \"vibration\": 0.056, \"temperature\": 68.9}',0.16),(681,6,826.502,'2025-04-18 11:20:08','{\"speed\": 841, \"pressure\": 19.29, \"vibration\": 0.063, \"temperature\": 66.8}',0.23),(682,6,826.558,'2025-04-18 11:20:20','{\"speed\": 807, \"pressure\": 18.27, \"vibration\": 0.064, \"temperature\": 81.7}',0.396),(683,6,826.587,'2025-04-18 11:20:33','{\"speed\": 821, \"pressure\": 18.77, \"vibration\": 0.048, \"temperature\": 62.3}',0.1),(684,6,826.591,'2025-04-18 11:20:45','{\"speed\": 864, \"pressure\": 15.3, \"vibration\": 0.075, \"temperature\": 85.9}',0.562),(685,6,826.689,'2025-04-18 11:20:58','{\"speed\": 898, \"pressure\": 16.91, \"vibration\": 0.031, \"temperature\": 69.9}',0.1),(686,6,826.733,'2025-04-18 11:21:11','{\"speed\": 829, \"pressure\": 18.21, \"vibration\": 0.034, \"temperature\": 73.7}',0.149),(687,6,826.722,'2025-04-18 11:21:23','{\"speed\": 826, \"pressure\": 21.19, \"vibration\": 0.021, \"temperature\": 71.9}',0.125),(688,6,826.817,'2025-04-18 11:21:36','{\"speed\": 865, \"pressure\": 16.64, \"vibration\": 0.031, \"temperature\": 80.5}',0.24),(689,6,826.752,'2025-04-18 11:21:48','{\"speed\": 808, \"pressure\": 19.9, \"vibration\": 0.052, \"temperature\": 72.7}',0.156),(690,6,826.743,'2025-04-18 11:22:01','{\"speed\": 834, \"pressure\": 16.34, \"vibration\": 0.053, \"temperature\": 69.5}',0.13),(691,6,826.805,'2025-04-18 11:22:13','{\"speed\": 833, \"pressure\": 21.61, \"vibration\": 0.058, \"temperature\": 88.2}',0.423),(692,6,826.76,'2025-04-18 11:22:26','{\"speed\": 801, \"pressure\": 17.62, \"vibration\": 0.055, \"temperature\": 63.9}',0.15),(693,6,826.693,'2025-04-18 11:22:39','{\"speed\": 876, \"pressure\": 17.33, \"vibration\": 0.056, \"temperature\": 67.3}',0.16),(694,6,826.707,'2025-04-18 11:22:51','{\"speed\": 811, \"pressure\": 15.57, \"vibration\": 0.02, \"temperature\": 86.1}',0.315),(695,6,826.668,'2025-04-18 11:23:04','{\"speed\": 802, \"pressure\": 18.06, \"vibration\": 0.076, \"temperature\": 68.2}',0.36),(696,6,826.721,'2025-04-18 11:23:17','{\"speed\": 848, \"pressure\": 21.88, \"vibration\": 0.044, \"temperature\": 86.0}',0.313),(697,6,826.644,'2025-04-18 11:23:30','{\"speed\": 812, \"pressure\": 16.24, \"vibration\": 0.079, \"temperature\": 77.5}',0.49),(698,6,826.6,'2025-04-18 11:23:43','{\"speed\": 832, \"pressure\": 20.87, \"vibration\": 0.047, \"temperature\": 87.3}',0.331),(699,6,826.58,'2025-04-18 11:23:55','{\"speed\": 845, \"pressure\": 15.33, \"vibration\": 0.067, \"temperature\": 82.0}',0.43),(700,6,826.595,'2025-04-18 11:24:08','{\"speed\": 900, \"pressure\": 15.06, \"vibration\": 0.068, \"temperature\": 85.1}',0.481),(701,6,826.633,'2025-04-18 11:24:20','{\"speed\": 806, \"pressure\": 21.67, \"vibration\": 0.056, \"temperature\": 76.2}',0.243),(702,6,826.675,'2025-04-18 11:24:33','{\"speed\": 878, \"pressure\": 17.48, \"vibration\": 0.037, \"temperature\": 63.4}',0.1),(703,6,826.726,'2025-04-18 11:24:46','{\"speed\": 812, \"pressure\": 15.88, \"vibration\": 0.042, \"temperature\": 65.9}',0.1),(704,6,826.732,'2025-04-18 11:24:58','{\"speed\": 878, \"pressure\": 18.07, \"vibration\": 0.022, \"temperature\": 86.0}',0.313),(705,6,826.718,'2025-04-18 11:25:11','{\"speed\": 879, \"pressure\": 19.45, \"vibration\": 0.054, \"temperature\": 65.9}',0.14),(706,6,826.704,'2025-04-18 11:25:23','{\"speed\": 898, \"pressure\": 21.18, \"vibration\": 0.021, \"temperature\": 79.5}',0.227),(707,6,826.612,'2025-04-18 11:25:36','{\"speed\": 862, \"pressure\": 15.12, \"vibration\": 0.059, \"temperature\": 79.8}',0.321),(708,6,826.7,'2025-04-18 11:25:48','{\"speed\": 834, \"pressure\": 21.91, \"vibration\": 0.044, \"temperature\": 76.8}',0.191),(709,6,826.794,'2025-04-18 11:26:01','{\"speed\": 832, \"pressure\": 19.88, \"vibration\": 0.052, \"temperature\": 78.9}',0.239),(710,6,826.805,'2025-04-18 11:26:13','{\"speed\": 888, \"pressure\": 16.09, \"vibration\": 0.068, \"temperature\": 74.6}',0.341),(711,6,826.851,'2025-04-18 11:26:26','{\"speed\": 855, \"pressure\": 16.71, \"vibration\": 0.052, \"temperature\": 63.5}',0.12),(712,6,826.893,'2025-04-18 11:26:39','{\"speed\": 864, \"pressure\": 17.69, \"vibration\": 0.05, \"temperature\": 70.2}',0.103),(713,6,826.92,'2025-04-18 11:26:51','{\"speed\": 816, \"pressure\": 17.28, \"vibration\": 0.021, \"temperature\": 71.8}',0.124),(714,6,826.873,'2025-04-18 11:27:04','{\"speed\": 835, \"pressure\": 15.03, \"vibration\": 0.053, \"temperature\": 66.5}',0.13),(715,6,826.839,'2025-04-18 11:27:16','{\"speed\": 867, \"pressure\": 21.96, \"vibration\": 0.026, \"temperature\": 72.7}',0.136),(716,6,826.828,'2025-04-18 11:27:29','{\"speed\": 866, \"pressure\": 17.68, \"vibration\": 0.042, \"temperature\": 87.3}',0.331),(717,6,826.901,'2025-04-18 11:27:41','{\"speed\": 821, \"pressure\": 21.03, \"vibration\": 0.04, \"temperature\": 77.2}',0.196),(718,6,826.843,'2025-04-18 11:27:54','{\"speed\": 814, \"pressure\": 16.39, \"vibration\": 0.062, \"temperature\": 74.5}',0.28),(719,6,826.872,'2025-04-18 11:28:07','{\"speed\": 858, \"pressure\": 18.65, \"vibration\": 0.067, \"temperature\": 65.4}',0.27),(720,6,826.965,'2025-04-18 11:28:19','{\"speed\": 863, \"pressure\": 16.95, \"vibration\": 0.028, \"temperature\": 79.4}',0.225),(721,6,827.033,'2025-04-18 11:28:32','{\"speed\": 877, \"pressure\": 19.14, \"vibration\": 0.063, \"temperature\": 86.5}',0.45),(722,6,827.037,'2025-04-18 11:28:44','{\"speed\": 829, \"pressure\": 16.27, \"vibration\": 0.037, \"temperature\": 66.7}',0.1),(723,6,827.047,'2025-04-18 11:28:57','{\"speed\": 871, \"pressure\": 17.85, \"vibration\": 0.076, \"temperature\": 88.9}',0.612),(724,6,827.037,'2025-04-18 11:29:10','{\"speed\": 817, \"pressure\": 15.13, \"vibration\": 0.03, \"temperature\": 60.9}',0.1),(725,6,827.123,'2025-04-18 11:29:22','{\"speed\": 839, \"pressure\": 18.23, \"vibration\": 0.035, \"temperature\": 84.6}',0.295),(726,6,827.217,'2025-04-18 11:29:35','{\"speed\": 833, \"pressure\": 20.01, \"vibration\": 0.046, \"temperature\": 63.5}',0.1),(727,6,827.3,'2025-04-18 11:29:47','{\"speed\": 885, \"pressure\": 17.11, \"vibration\": 0.08, \"temperature\": 65.6}',0.4),(728,6,827.232,'2025-04-18 11:30:00','{\"speed\": 851, \"pressure\": 20.93, \"vibration\": 0.025, \"temperature\": 64.1}',0.1),(729,6,827.138,'2025-04-18 11:30:13','{\"speed\": 841, \"pressure\": 20.23, \"vibration\": 0.057, \"temperature\": 84.9}',0.369),(730,6,827.229,'2025-04-18 11:30:25','{\"speed\": 889, \"pressure\": 20.97, \"vibration\": 0.031, \"temperature\": 89.7}',0.363),(731,6,827.234,'2025-04-18 11:30:39','{\"speed\": 812, \"pressure\": 17.67, \"vibration\": 0.024, \"temperature\": 77.2}',0.196),(732,6,827.279,'2025-04-18 11:30:54','{\"speed\": 823, \"pressure\": 19.3, \"vibration\": 0.068, \"temperature\": 74.4}',0.339),(733,6,827.216,'2025-04-18 11:31:08','{\"speed\": 900, \"pressure\": 17.82, \"vibration\": 0.059, \"temperature\": 85.2}',0.393),(734,6,827.147,'2025-04-18 11:31:21','{\"speed\": 896, \"pressure\": 15.01, \"vibration\": 0.078, \"temperature\": 65.9}',0.38),(735,6,827.185,'2025-04-18 11:31:34','{\"speed\": 852, \"pressure\": 19.78, \"vibration\": 0.066, \"temperature\": 73.6}',0.308),(736,6,827.245,'2025-04-18 11:31:46','{\"speed\": 833, \"pressure\": 15.88, \"vibration\": 0.047, \"temperature\": 87.6}',0.335),(737,6,827.282,'2025-04-18 11:31:59','{\"speed\": 887, \"pressure\": 17.67, \"vibration\": 0.044, \"temperature\": 84.9}',0.299),(738,6,827.221,'2025-04-18 11:32:12','{\"speed\": 830, \"pressure\": 19.35, \"vibration\": 0.052, \"temperature\": 83.1}',0.295),(739,6,827.204,'2025-04-18 11:32:24','{\"speed\": 898, \"pressure\": 19.26, \"vibration\": 0.04, \"temperature\": 73.9}',0.152),(740,6,827.214,'2025-04-18 11:32:37','{\"speed\": 869, \"pressure\": 18.07, \"vibration\": 0.065, \"temperature\": 73.0}',0.29),(741,6,827.287,'2025-04-18 11:32:50','{\"speed\": 870, \"pressure\": 17.99, \"vibration\": 0.024, \"temperature\": 85.7}',0.309),(742,6,827.34,'2025-04-18 11:33:04','{\"speed\": 826, \"pressure\": 21.51, \"vibration\": 0.023, \"temperature\": 80.1}',0.235),(743,6,827.354,'2025-04-18 11:33:16','{\"speed\": 811, \"pressure\": 18.31, \"vibration\": 0.02, \"temperature\": 77.7}',0.203),(744,6,827.427,'2025-04-18 11:33:29','{\"speed\": 820, \"pressure\": 21.38, \"vibration\": 0.062, \"temperature\": 84.8}',0.417),(745,6,827.402,'2025-04-18 11:33:42','{\"speed\": 889, \"pressure\": 17.49, \"vibration\": 0.022, \"temperature\": 61.0}',0.1),(746,6,827.368,'2025-04-18 11:33:55','{\"speed\": 884, \"pressure\": 19.71, \"vibration\": 0.048, \"temperature\": 64.0}',0.1),(747,6,827.284,'2025-04-18 11:34:07','{\"speed\": 812, \"pressure\": 15.32, \"vibration\": 0.049, \"temperature\": 72.7}',0.136),(748,6,827.306,'2025-04-18 11:34:20','{\"speed\": 898, \"pressure\": 21.33, \"vibration\": 0.048, \"temperature\": 78.6}',0.215),(749,6,827.339,'2025-04-18 11:34:33','{\"speed\": 891, \"pressure\": 16.62, \"vibration\": 0.069, \"temperature\": 63.5}',0.29),(750,6,827.351,'2025-04-18 11:34:45','{\"speed\": 837, \"pressure\": 18.89, \"vibration\": 0.038, \"temperature\": 76.8}',0.191),(751,6,827.301,'2025-04-18 11:34:58','{\"speed\": 877, \"pressure\": 18.47, \"vibration\": 0.076, \"temperature\": 79.1}',0.481),(752,6,827.329,'2025-04-18 11:35:11','{\"speed\": 823, \"pressure\": 17.12, \"vibration\": 0.034, \"temperature\": 79.4}',0.225),(753,6,827.336,'2025-04-18 11:35:25','{\"speed\": 815, \"pressure\": 21.4, \"vibration\": 0.057, \"temperature\": 80.3}',0.307),(754,6,827.433,'2025-04-18 11:35:38','{\"speed\": 860, \"pressure\": 18.65, \"vibration\": 0.021, \"temperature\": 86.3}',0.317),(755,6,827.48,'2025-04-18 11:35:51','{\"speed\": 885, \"pressure\": 19.25, \"vibration\": 0.036, \"temperature\": 82.2}',0.263),(756,6,827.422,'2025-04-18 11:36:05','{\"speed\": 878, \"pressure\": 20.09, \"vibration\": 0.021, \"temperature\": 80.6}',0.241),(757,6,827.488,'2025-04-18 11:36:19','{\"speed\": 846, \"pressure\": 18.45, \"vibration\": 0.066, \"temperature\": 61.3}',0.26),(758,6,827.516,'2025-04-18 11:36:33','{\"speed\": 803, \"pressure\": 15.48, \"vibration\": 0.041, \"temperature\": 60.6}',0.1),(759,6,827.602,'2025-04-18 11:36:46','{\"speed\": 808, \"pressure\": 20.86, \"vibration\": 0.067, \"temperature\": 87.2}',0.499),(760,6,827.595,'2025-04-18 11:37:02','{\"speed\": 835, \"pressure\": 20.26, \"vibration\": 0.05, \"temperature\": 64.2}',0.1),(761,6,827.652,'2025-04-18 11:37:20','{\"speed\": 836, \"pressure\": 19.39, \"vibration\": 0.073, \"temperature\": 86.3}',0.547),(762,6,827.66,'2025-04-18 11:37:39','{\"speed\": 836, \"pressure\": 20.49, \"vibration\": 0.074, \"temperature\": 66.8}',0.34),(763,6,827.581,'2025-04-18 11:37:54','{\"speed\": 861, \"pressure\": 17.36, \"vibration\": 0.054, \"temperature\": 87.6}',0.375),(764,6,827.593,'2025-04-18 11:38:08','{\"speed\": 898, \"pressure\": 15.86, \"vibration\": 0.049, \"temperature\": 66.6}',0.1),(765,6,827.563,'2025-04-18 11:38:22','{\"speed\": 867, \"pressure\": 17.89, \"vibration\": 0.053, \"temperature\": 60.9}',0.13),(766,6,827.655,'2025-04-18 11:38:35','{\"speed\": 876, \"pressure\": 20.19, \"vibration\": 0.027, \"temperature\": 73.6}',0.148),(767,6,827.732,'2025-04-18 11:38:47','{\"speed\": 855, \"pressure\": 16.87, \"vibration\": 0.041, \"temperature\": 68.0}',0.1),(768,6,827.641,'2025-04-18 11:39:00','{\"speed\": 819, \"pressure\": 20.58, \"vibration\": 0.023, \"temperature\": 60.5}',0.1),(769,6,827.58,'2025-04-18 11:39:15','{\"speed\": 888, \"pressure\": 16.66, \"vibration\": 0.051, \"temperature\": 64.4}',0.11),(770,6,827.585,'2025-04-18 11:39:28','{\"speed\": 831, \"pressure\": 17.33, \"vibration\": 0.067, \"temperature\": 64.1}',0.27),(771,6,827.617,'2025-04-18 11:39:40','{\"speed\": 801, \"pressure\": 21.46, \"vibration\": 0.047, \"temperature\": 71.3}',0.117),(772,6,827.528,'2025-04-18 11:39:54','{\"speed\": 893, \"pressure\": 17.8, \"vibration\": 0.04, \"temperature\": 87.2}',0.329),(773,6,827.477,'2025-04-18 11:40:06','{\"speed\": 851, \"pressure\": 15.24, \"vibration\": 0.074, \"temperature\": 61.1}',0.34),(774,6,827.558,'2025-04-18 11:40:19','{\"speed\": 881, \"pressure\": 19.04, \"vibration\": 0.075, \"temperature\": 86.7}',0.573),(775,6,827.504,'2025-04-18 11:40:32','{\"speed\": 839, \"pressure\": 16.43, \"vibration\": 0.076, \"temperature\": 67.3}',0.36),(776,6,827.445,'2025-04-18 11:40:44','{\"speed\": 845, \"pressure\": 15.64, \"vibration\": 0.022, \"temperature\": 84.1}',0.288),(777,6,827.44,'2025-04-18 11:40:58','{\"speed\": 817, \"pressure\": 20.64, \"vibration\": 0.073, \"temperature\": 69.6}',0.33),(778,6,827.469,'2025-04-18 11:41:12','{\"speed\": 812, \"pressure\": 16.48, \"vibration\": 0.079, \"temperature\": 69.3}',0.39),(779,6,827.524,'2025-04-18 11:41:28','{\"speed\": 813, \"pressure\": 20.63, \"vibration\": 0.022, \"temperature\": 80.8}',0.244),(780,6,827.49,'2025-04-18 11:41:43','{\"speed\": 877, \"pressure\": 20.8, \"vibration\": 0.053, \"temperature\": 66.9}',0.13),(781,6,827.437,'2025-04-18 11:42:00','{\"speed\": 842, \"pressure\": 18.29, \"vibration\": 0.047, \"temperature\": 72.1}',0.128),(782,6,827.499,'2025-04-18 11:42:15','{\"speed\": 890, \"pressure\": 21.41, \"vibration\": 0.075, \"temperature\": 84.4}',0.542),(783,6,827.493,'2025-04-18 11:42:30','{\"speed\": 871, \"pressure\": 16.94, \"vibration\": 0.054, \"temperature\": 87.7}',0.376),(784,6,827.523,'2025-04-18 11:42:43','{\"speed\": 837, \"pressure\": 19.29, \"vibration\": 0.048, \"temperature\": 77.7}',0.203),(785,6,827.487,'2025-04-18 11:42:59','{\"speed\": 872, \"pressure\": 19.35, \"vibration\": 0.064, \"temperature\": 62.5}',0.24),(786,6,827.454,'2025-04-18 11:43:12','{\"speed\": 881, \"pressure\": 15.08, \"vibration\": 0.032, \"temperature\": 63.0}',0.1),(787,6,827.371,'2025-04-18 11:43:25','{\"speed\": 881, \"pressure\": 20.63, \"vibration\": 0.054, \"temperature\": 85.9}',0.352),(788,6,827.453,'2025-04-18 11:43:39','{\"speed\": 898, \"pressure\": 19.86, \"vibration\": 0.027, \"temperature\": 83.0}',0.273),(789,6,827.429,'2025-04-18 11:43:51','{\"speed\": 896, \"pressure\": 20.88, \"vibration\": 0.062, \"temperature\": 64.7}',0.22),(790,6,827.413,'2025-04-18 11:44:04','{\"speed\": 880, \"pressure\": 17.9, \"vibration\": 0.021, \"temperature\": 69.9}',0.1),(791,6,827.487,'2025-04-18 11:44:17','{\"speed\": 859, \"pressure\": 21.82, \"vibration\": 0.021, \"temperature\": 68.1}',0.1),(792,6,827.499,'2025-04-18 11:44:29','{\"speed\": 827, \"pressure\": 17.58, \"vibration\": 0.067, \"temperature\": 69.6}',0.27),(793,6,827.471,'2025-04-18 11:44:42','{\"speed\": 892, \"pressure\": 17.88, \"vibration\": 0.073, \"temperature\": 77.8}',0.434),(794,6,827.414,'2025-04-18 11:44:54','{\"speed\": 841, \"pressure\": 17.05, \"vibration\": 0.056, \"temperature\": 64.2}',0.16),(795,6,827.444,'2025-04-18 11:45:07','{\"speed\": 811, \"pressure\": 18.05, \"vibration\": 0.021, \"temperature\": 70.6}',0.108),(796,6,827.409,'2025-04-18 11:45:20','{\"speed\": 867, \"pressure\": 20.83, \"vibration\": 0.033, \"temperature\": 82.2}',0.263),(797,6,827.435,'2025-04-18 11:45:32','{\"speed\": 884, \"pressure\": 17.69, \"vibration\": 0.041, \"temperature\": 71.5}',0.12),(798,6,827.361,'2025-04-18 11:45:45','{\"speed\": 806, \"pressure\": 15.3, \"vibration\": 0.068, \"temperature\": 72.1}',0.308),(799,6,827.337,'2025-04-18 11:45:58','{\"speed\": 867, \"pressure\": 19.09, \"vibration\": 0.054, \"temperature\": 77.2}',0.236),(800,6,827.37,'2025-04-18 11:46:10','{\"speed\": 806, \"pressure\": 15.44, \"vibration\": 0.061, \"temperature\": 86.1}',0.425),(801,6,827.322,'2025-04-18 11:46:23','{\"speed\": 893, \"pressure\": 21.78, \"vibration\": 0.071, \"temperature\": 86.8}',0.534),(802,6,827.256,'2025-04-18 11:46:36','{\"speed\": 818, \"pressure\": 17.09, \"vibration\": 0.059, \"temperature\": 80.0}',0.323),(803,6,827.242,'2025-04-18 11:46:50','{\"speed\": 851, \"pressure\": 19.08, \"vibration\": 0.027, \"temperature\": 67.9}',0.1),(804,6,827.283,'2025-04-18 11:47:04','{\"speed\": 820, \"pressure\": 18.08, \"vibration\": 0.05, \"temperature\": 87.2}',0.329),(805,6,827.303,'2025-04-18 11:47:18','{\"speed\": 813, \"pressure\": 18.35, \"vibration\": 0.04, \"temperature\": 62.0}',0.1),(806,6,827.209,'2025-04-18 11:47:32','{\"speed\": 891, \"pressure\": 17.44, \"vibration\": 0.044, \"temperature\": 83.4}',0.279),(807,6,827.116,'2025-04-18 11:47:46','{\"speed\": 812, \"pressure\": 15.13, \"vibration\": 0.039, \"temperature\": 79.1}',0.221),(808,6,827.133,'2025-04-18 11:48:00','{\"speed\": 823, \"pressure\": 20.54, \"vibration\": 0.077, \"temperature\": 66.1}',0.37),(809,6,827.143,'2025-04-18 11:48:14','{\"speed\": 880, \"pressure\": 15.81, \"vibration\": 0.073, \"temperature\": 82.4}',0.495),(810,6,827.11,'2025-04-18 11:48:27','{\"speed\": 854, \"pressure\": 20.59, \"vibration\": 0.066, \"temperature\": 71.2}',0.276),(811,6,827.021,'2025-04-18 11:48:39','{\"speed\": 866, \"pressure\": 19.6, \"vibration\": 0.022, \"temperature\": 84.9}',0.299),(812,6,826.98,'2025-04-18 11:48:52','{\"speed\": 863, \"pressure\": 17.23, \"vibration\": 0.027, \"temperature\": 85.4}',0.305),(813,6,827.006,'2025-04-18 11:49:06','{\"speed\": 813, \"pressure\": 15.35, \"vibration\": 0.078, \"temperature\": 82.0}',0.54),(814,6,826.91,'2025-04-18 11:49:20','{\"speed\": 852, \"pressure\": 21.1, \"vibration\": 0.058, \"temperature\": 60.6}',0.18),(815,6,826.92,'2025-04-18 11:49:32','{\"speed\": 884, \"pressure\": 20.54, \"vibration\": 0.063, \"temperature\": 75.8}',0.307),(816,6,826.843,'2025-04-18 11:49:45','{\"speed\": 835, \"pressure\": 17.61, \"vibration\": 0.025, \"temperature\": 83.6}',0.281),(817,6,826.795,'2025-04-18 11:49:58','{\"speed\": 863, \"pressure\": 17.73, \"vibration\": 0.031, \"temperature\": 81.0}',0.247),(818,6,826.765,'2025-04-18 11:50:11','{\"speed\": 817, \"pressure\": 20.06, \"vibration\": 0.063, \"temperature\": 72.0}',0.257),(819,6,826.669,'2025-04-18 11:50:23','{\"speed\": 841, \"pressure\": 18.79, \"vibration\": 0.052, \"temperature\": 68.3}',0.12),(820,6,826.705,'2025-04-18 11:50:36','{\"speed\": 805, \"pressure\": 16.62, \"vibration\": 0.029, \"temperature\": 82.0}',0.26),(821,6,826.793,'2025-04-18 11:50:49','{\"speed\": 846, \"pressure\": 20.73, \"vibration\": 0.023, \"temperature\": 81.5}',0.253),(822,6,826.879,'2025-04-18 11:51:02','{\"speed\": 861, \"pressure\": 19.33, \"vibration\": 0.076, \"temperature\": 72.2}',0.389),(823,6,826.801,'2025-04-18 11:51:15','{\"speed\": 877, \"pressure\": 18.36, \"vibration\": 0.04, \"temperature\": 80.3}',0.237),(824,6,826.856,'2025-04-18 11:51:28','{\"speed\": 821, \"pressure\": 18.13, \"vibration\": 0.063, \"temperature\": 77.2}',0.326),(825,6,826.81,'2025-04-18 11:51:41','{\"speed\": 834, \"pressure\": 21.04, \"vibration\": 0.02, \"temperature\": 65.4}',0.1),(826,6,826.88,'2025-04-18 11:51:57','{\"speed\": 876, \"pressure\": 19.37, \"vibration\": 0.039, \"temperature\": 72.3}',0.131),(827,6,826.813,'2025-04-18 11:52:13','{\"speed\": 837, \"pressure\": 15.01, \"vibration\": 0.044, \"temperature\": 72.3}',0.131),(828,6,826.855,'2025-04-18 11:52:27','{\"speed\": 844, \"pressure\": 16.81, \"vibration\": 0.028, \"temperature\": 83.3}',0.277),(829,6,826.776,'2025-04-18 11:52:40','{\"speed\": 820, \"pressure\": 19.98, \"vibration\": 0.047, \"temperature\": 88.5}',0.347),(830,6,826.813,'2025-04-18 11:52:54','{\"speed\": 868, \"pressure\": 19.62, \"vibration\": 0.035, \"temperature\": 86.6}',0.321),(831,6,826.791,'2025-04-18 11:53:10','{\"speed\": 891, \"pressure\": 15.58, \"vibration\": 0.072, \"temperature\": 68.3}',0.32),(832,6,826.707,'2025-04-18 11:53:24','{\"speed\": 894, \"pressure\": 18.57, \"vibration\": 0.074, \"temperature\": 88.4}',0.585),(833,6,826.779,'2025-04-18 11:53:38','{\"speed\": 875, \"pressure\": 17.36, \"vibration\": 0.03, \"temperature\": 71.8}',0.124),(834,6,826.726,'2025-04-18 11:53:52','{\"speed\": 812, \"pressure\": 21.93, \"vibration\": 0.032, \"temperature\": 80.4}',0.239),(835,6,826.685,'2025-04-18 11:54:05','{\"speed\": 872, \"pressure\": 20.4, \"vibration\": 0.061, \"temperature\": 88.2}',0.453),(836,6,826.778,'2025-04-18 11:54:20','{\"speed\": 888, \"pressure\": 15.95, \"vibration\": 0.024, \"temperature\": 67.5}',0.1),(837,6,826.872,'2025-04-18 11:54:34','{\"speed\": 816, \"pressure\": 16.87, \"vibration\": 0.026, \"temperature\": 78.5}',0.213),(838,6,826.847,'2025-04-18 11:54:47','{\"speed\": 865, \"pressure\": 21.9, \"vibration\": 0.057, \"temperature\": 83.2}',0.346),(839,6,826.835,'2025-04-18 11:55:02','{\"speed\": 851, \"pressure\": 20.95, \"vibration\": 0.062, \"temperature\": 68.5}',0.22),(840,6,826.795,'2025-04-18 11:55:17','{\"speed\": 844, \"pressure\": 18.23, \"vibration\": 0.052, \"temperature\": 83.5}',0.3),(841,6,826.811,'2025-04-18 11:55:30','{\"speed\": 805, \"pressure\": 15.9, \"vibration\": 0.038, \"temperature\": 75.8}',0.177),(842,6,826.886,'2025-04-18 11:55:43','{\"speed\": 860, \"pressure\": 16.17, \"vibration\": 0.027, \"temperature\": 68.7}',0.1),(843,6,826.989,'2025-04-18 11:55:56','{\"speed\": 867, \"pressure\": 19.67, \"vibration\": 0.026, \"temperature\": 60.4}',0.1),(844,6,827.042,'2025-04-18 11:56:09','{\"speed\": 803, \"pressure\": 20.01, \"vibration\": 0.078, \"temperature\": 83.0}',0.553),(845,6,826.949,'2025-04-18 11:56:21','{\"speed\": 880, \"pressure\": 16.47, \"vibration\": 0.051, \"temperature\": 74.3}',0.167),(846,6,826.877,'2025-04-18 11:56:34','{\"speed\": 840, \"pressure\": 15.94, \"vibration\": 0.049, \"temperature\": 61.6}',0.1),(847,6,826.952,'2025-04-18 11:56:47','{\"speed\": 817, \"pressure\": 18.03, \"vibration\": 0.064, \"temperature\": 89.0}',0.493),(848,6,827.013,'2025-04-18 11:56:59','{\"speed\": 858, \"pressure\": 21.54, \"vibration\": 0.023, \"temperature\": 76.2}',0.183),(849,6,827.039,'2025-04-18 11:57:12','{\"speed\": 859, \"pressure\": 18.2, \"vibration\": 0.027, \"temperature\": 60.7}',0.1),(850,6,827.02,'2025-04-18 11:57:25','{\"speed\": 867, \"pressure\": 16.98, \"vibration\": 0.058, \"temperature\": 61.4}',0.18),(851,6,826.975,'2025-04-18 11:57:37','{\"speed\": 887, \"pressure\": 20.35, \"vibration\": 0.066, \"temperature\": 87.1}',0.488),(852,6,826.944,'2025-04-18 11:57:50','{\"speed\": 894, \"pressure\": 19.45, \"vibration\": 0.045, \"temperature\": 85.8}',0.311),(853,6,827.026,'2025-04-18 11:58:03','{\"speed\": 850, \"pressure\": 20.77, \"vibration\": 0.039, \"temperature\": 78.5}',0.213),(854,6,827.125,'2025-04-18 11:58:15','{\"speed\": 835, \"pressure\": 21.01, \"vibration\": 0.04, \"temperature\": 67.7}',0.1),(855,6,827.218,'2025-04-18 11:58:28','{\"speed\": 885, \"pressure\": 19.44, \"vibration\": 0.036, \"temperature\": 89.3}',0.357),(856,6,827.245,'2025-04-18 11:58:41','{\"speed\": 848, \"pressure\": 17.27, \"vibration\": 0.072, \"temperature\": 73.7}',0.369),(857,6,827.195,'2025-04-18 11:58:54','{\"speed\": 887, \"pressure\": 17.82, \"vibration\": 0.05, \"temperature\": 68.4}',0.1),(858,6,827.202,'2025-04-18 11:59:06','{\"speed\": 857, \"pressure\": 19.47, \"vibration\": 0.077, \"temperature\": 76.8}',0.461),(859,6,827.215,'2025-04-18 11:59:19','{\"speed\": 900, \"pressure\": 21.18, \"vibration\": 0.023, \"temperature\": 65.2}',0.1),(860,6,827.31,'2025-04-18 11:59:32','{\"speed\": 805, \"pressure\": 17.92, \"vibration\": 0.054, \"temperature\": 67.3}',0.14),(861,6,827.404,'2025-04-18 11:59:44','{\"speed\": 856, \"pressure\": 17.35, \"vibration\": 0.069, \"temperature\": 61.3}',0.29),(862,6,827.494,'2025-04-18 11:59:57','{\"speed\": 878, \"pressure\": 18.71, \"vibration\": 0.046, \"temperature\": 88.0}',0.34),(863,6,827.424,'2025-04-18 12:00:10','{\"speed\": 823, \"pressure\": 17.32, \"vibration\": 0.034, \"temperature\": 60.4}',0.1),(864,6,827.331,'2025-04-18 12:00:22','{\"speed\": 811, \"pressure\": 19.99, \"vibration\": 0.028, \"temperature\": 60.6}',0.1),(865,6,827.257,'2025-04-18 12:00:35','{\"speed\": 835, \"pressure\": 21.21, \"vibration\": 0.067, \"temperature\": 71.8}',0.294),(866,6,827.29,'2025-04-18 12:00:48','{\"speed\": 887, \"pressure\": 19.6, \"vibration\": 0.068, \"temperature\": 74.7}',0.343),(867,6,827.255,'2025-04-18 12:01:00','{\"speed\": 889, \"pressure\": 19.16, \"vibration\": 0.052, \"temperature\": 86.6}',0.341),(868,6,827.294,'2025-04-18 12:01:13','{\"speed\": 801, \"pressure\": 15.36, \"vibration\": 0.038, \"temperature\": 72.1}',0.128),(869,6,827.211,'2025-04-18 12:01:27','{\"speed\": 891, \"pressure\": 20.46, \"vibration\": 0.075, \"temperature\": 70.5}',0.357),(870,6,827.119,'2025-04-18 12:01:41','{\"speed\": 872, \"pressure\": 20.19, \"vibration\": 0.033, \"temperature\": 72.9}',0.139),(871,6,827.09,'2025-04-18 12:01:53','{\"speed\": 814, \"pressure\": 20.39, \"vibration\": 0.053, \"temperature\": 79.2}',0.253),(872,6,827.144,'2025-04-18 12:02:07','{\"speed\": 826, \"pressure\": 17.05, \"vibration\": 0.021, \"temperature\": 81.2}',0.249),(873,6,827.185,'2025-04-18 12:02:19','{\"speed\": 872, \"pressure\": 16.91, \"vibration\": 0.072, \"temperature\": 79.6}',0.448),(874,6,827.244,'2025-04-18 12:02:32','{\"speed\": 801, \"pressure\": 15.05, \"vibration\": 0.029, \"temperature\": 68.2}',0.1),(875,6,827.15,'2025-04-18 12:02:45','{\"speed\": 826, \"pressure\": 17.16, \"vibration\": 0.044, \"temperature\": 87.9}',0.339),(876,6,827.17,'2025-04-18 12:02:57','{\"speed\": 832, \"pressure\": 19.36, \"vibration\": 0.069, \"temperature\": 88.7}',0.539),(877,6,827.212,'2025-04-18 12:03:10','{\"speed\": 843, \"pressure\": 15.68, \"vibration\": 0.08, \"temperature\": 73.6}',0.448),(878,6,827.312,'2025-04-18 12:03:23','{\"speed\": 833, \"pressure\": 21.08, \"vibration\": 0.046, \"temperature\": 64.3}',0.1),(879,6,827.41,'2025-04-18 12:03:36','{\"speed\": 861, \"pressure\": 17.64, \"vibration\": 0.048, \"temperature\": 73.5}',0.147),(880,6,827.402,'2025-04-18 12:03:50','{\"speed\": 819, \"pressure\": 17.96, \"vibration\": 0.048, \"temperature\": 62.7}',0.1),(881,6,827.403,'2025-04-18 12:04:06','{\"speed\": 879, \"pressure\": 18.34, \"vibration\": 0.073, \"temperature\": 88.0}',0.57),(882,6,827.389,'2025-04-18 12:04:21','{\"speed\": 832, \"pressure\": 21.04, \"vibration\": 0.024, \"temperature\": 79.7}',0.229),(883,6,827.441,'2025-04-18 12:04:38','{\"speed\": 839, \"pressure\": 20.89, \"vibration\": 0.078, \"temperature\": 76.0}',0.46),(884,6,827.392,'2025-04-18 12:04:58','{\"speed\": 892, \"pressure\": 21.56, \"vibration\": 0.077, \"temperature\": 70.9}',0.382),(885,6,827.44,'2025-04-18 12:05:14','{\"speed\": 893, \"pressure\": 17.42, \"vibration\": 0.061, \"temperature\": 80.0}',0.343),(886,6,827.489,'2025-04-18 12:05:30','{\"speed\": 801, \"pressure\": 18.75, \"vibration\": 0.058, \"temperature\": 73.8}',0.231),(887,6,827.446,'2025-04-18 12:05:45','{\"speed\": 803, \"pressure\": 17.27, \"vibration\": 0.073, \"temperature\": 78.6}',0.445),(888,6,827.464,'2025-04-18 12:06:03','{\"speed\": 801, \"pressure\": 20.2, \"vibration\": 0.044, \"temperature\": 84.6}',0.295),(889,6,827.48,'2025-04-18 12:06:18','{\"speed\": 898, \"pressure\": 19.66, \"vibration\": 0.037, \"temperature\": 85.7}',0.309),(890,6,827.47,'2025-04-18 12:06:30','{\"speed\": 808, \"pressure\": 18.27, \"vibration\": 0.037, \"temperature\": 78.9}',0.219),(891,6,827.46,'2025-04-18 12:06:43','{\"speed\": 895, \"pressure\": 17.0, \"vibration\": 0.062, \"temperature\": 84.8}',0.417),(892,6,827.41,'2025-04-18 12:06:56','{\"speed\": 860, \"pressure\": 15.63, \"vibration\": 0.02, \"temperature\": 68.4}',0.1),(893,6,827.37,'2025-04-18 12:07:09','{\"speed\": 877, \"pressure\": 16.02, \"vibration\": 0.065, \"temperature\": 71.8}',0.274),(894,6,827.414,'2025-04-18 12:07:21','{\"speed\": 882, \"pressure\": 19.33, \"vibration\": 0.059, \"temperature\": 81.6}',0.345),(895,6,827.393,'2025-04-18 12:07:34','{\"speed\": 850, \"pressure\": 19.05, \"vibration\": 0.063, \"temperature\": 67.4}',0.23),(896,6,827.437,'2025-04-18 12:07:47','{\"speed\": 894, \"pressure\": 17.39, \"vibration\": 0.025, \"temperature\": 75.0}',0.167),(897,6,827.497,'2025-04-18 12:07:59','{\"speed\": 800, \"pressure\": 20.48, \"vibration\": 0.058, \"temperature\": 63.7}',0.18),(898,6,827.568,'2025-04-18 12:08:12','{\"speed\": 892, \"pressure\": 16.3, \"vibration\": 0.061, \"temperature\": 81.8}',0.367),(899,6,827.553,'2025-04-18 12:08:25','{\"speed\": 841, \"pressure\": 19.51, \"vibration\": 0.024, \"temperature\": 63.4}',0.1),(900,6,827.616,'2025-04-18 12:08:38','{\"speed\": 839, \"pressure\": 21.59, \"vibration\": 0.024, \"temperature\": 64.1}',0.1),(901,6,827.572,'2025-04-18 12:08:51','{\"speed\": 816, \"pressure\": 16.65, \"vibration\": 0.021, \"temperature\": 89.4}',0.359),(902,6,827.583,'2025-04-18 12:09:03','{\"speed\": 869, \"pressure\": 18.28, \"vibration\": 0.075, \"temperature\": 80.9}',0.495),(903,6,827.552,'2025-04-18 12:09:16','{\"speed\": 831, \"pressure\": 18.75, \"vibration\": 0.043, \"temperature\": 78.3}',0.211),(904,6,827.513,'2025-04-18 12:09:29','{\"speed\": 842, \"pressure\": 18.52, \"vibration\": 0.052, \"temperature\": 73.5}',0.167),(905,6,827.54,'2025-04-18 12:09:41','{\"speed\": 838, \"pressure\": 17.22, \"vibration\": 0.041, \"temperature\": 86.0}',0.313),(906,6,827.483,'2025-04-18 12:09:54','{\"speed\": 831, \"pressure\": 17.53, \"vibration\": 0.078, \"temperature\": 82.6}',0.548),(907,6,827.542,'2025-04-18 12:10:08','{\"speed\": 806, \"pressure\": 20.97, \"vibration\": 0.077, \"temperature\": 74.4}',0.429),(908,6,827.535,'2025-04-18 12:10:21','{\"speed\": 832, \"pressure\": 19.18, \"vibration\": 0.022, \"temperature\": 72.9}',0.139),(909,6,827.612,'2025-04-18 12:10:34','{\"speed\": 845, \"pressure\": 19.26, \"vibration\": 0.052, \"temperature\": 81.9}',0.279),(910,6,827.622,'2025-04-18 12:10:47','{\"speed\": 813, \"pressure\": 21.7, \"vibration\": 0.035, \"temperature\": 62.7}',0.1),(911,6,827.545,'2025-04-18 12:11:00','{\"speed\": 869, \"pressure\": 17.03, \"vibration\": 0.046, \"temperature\": 76.0}',0.18),(912,6,827.633,'2025-04-18 12:11:14','{\"speed\": 869, \"pressure\": 18.05, \"vibration\": 0.064, \"temperature\": 78.2}',0.349),(913,6,827.556,'2025-04-18 12:11:27','{\"speed\": 879, \"pressure\": 16.32, \"vibration\": 0.078, \"temperature\": 71.9}',0.405),(914,6,827.603,'2025-04-18 12:11:40','{\"speed\": 829, \"pressure\": 18.13, \"vibration\": 0.065, \"temperature\": 85.0}',0.45),(915,6,827.51,'2025-04-18 12:11:53','{\"speed\": 802, \"pressure\": 15.6, \"vibration\": 0.075, \"temperature\": 70.9}',0.362),(916,6,827.603,'2025-04-18 12:12:10','{\"speed\": 843, \"pressure\": 18.4, \"vibration\": 0.065, \"temperature\": 87.7}',0.486),(917,6,827.642,'2025-04-18 12:12:25','{\"speed\": 871, \"pressure\": 16.62, \"vibration\": 0.079, \"temperature\": 85.4}',0.595),(918,6,827.618,'2025-04-18 12:12:40','{\"speed\": 897, \"pressure\": 21.07, \"vibration\": 0.03, \"temperature\": 62.0}',0.1),(919,6,827.692,'2025-04-18 12:12:54','{\"speed\": 897, \"pressure\": 20.17, \"vibration\": 0.07, \"temperature\": 72.0}',0.327),(920,6,827.651,'2025-04-18 12:13:08','{\"speed\": 826, \"pressure\": 21.28, \"vibration\": 0.052, \"temperature\": 74.0}',0.173),(921,6,827.689,'2025-04-18 12:13:21','{\"speed\": 898, \"pressure\": 15.92, \"vibration\": 0.028, \"temperature\": 76.0}',0.18),(922,6,827.594,'2025-04-18 12:13:34','{\"speed\": 804, \"pressure\": 16.59, \"vibration\": 0.053, \"temperature\": 74.1}',0.185),(923,6,827.628,'2025-04-18 12:13:47','{\"speed\": 854, \"pressure\": 21.42, \"vibration\": 0.067, \"temperature\": 73.3}',0.314),(924,6,827.583,'2025-04-18 12:13:59','{\"speed\": 831, \"pressure\": 18.14, \"vibration\": 0.055, \"temperature\": 76.8}',0.241),(925,6,827.561,'2025-04-18 12:14:12','{\"speed\": 884, \"pressure\": 18.68, \"vibration\": 0.045, \"temperature\": 82.2}',0.263),(926,6,827.534,'2025-04-18 12:14:24','{\"speed\": 816, \"pressure\": 16.17, \"vibration\": 0.035, \"temperature\": 64.3}',0.1),(927,6,827.44,'2025-04-18 12:14:38','{\"speed\": 899, \"pressure\": 15.18, \"vibration\": 0.054, \"temperature\": 66.4}',0.14),(928,6,827.427,'2025-04-18 12:14:51','{\"speed\": 842, \"pressure\": 18.1, \"vibration\": 0.073, \"temperature\": 88.5}',0.577),(929,6,827.509,'2025-04-18 12:15:04','{\"speed\": 890, \"pressure\": 15.78, \"vibration\": 0.02, \"temperature\": 78.5}',0.213),(930,6,827.461,'2025-04-18 12:15:17','{\"speed\": 802, \"pressure\": 17.71, \"vibration\": 0.051, \"temperature\": 60.5}',0.11),(931,6,827.512,'2025-04-18 12:15:31','{\"speed\": 883, \"pressure\": 16.86, \"vibration\": 0.064, \"temperature\": 70.2}',0.243),(932,6,827.545,'2025-04-18 12:15:46','{\"speed\": 849, \"pressure\": 15.56, \"vibration\": 0.049, \"temperature\": 71.0}',0.113),(933,6,827.579,'2025-04-18 12:15:59','{\"speed\": 867, \"pressure\": 21.79, \"vibration\": 0.079, \"temperature\": 83.5}',0.57),(934,6,827.607,'2025-04-18 12:16:12','{\"speed\": 880, \"pressure\": 15.19, \"vibration\": 0.049, \"temperature\": 79.0}',0.22),(935,6,827.636,'2025-04-18 12:16:26','{\"speed\": 871, \"pressure\": 19.97, \"vibration\": 0.037, \"temperature\": 72.5}',0.133),(936,6,827.572,'2025-04-18 12:16:39','{\"speed\": 883, \"pressure\": 21.21, \"vibration\": 0.059, \"temperature\": 67.1}',0.19),(937,6,827.531,'2025-04-18 12:16:52','{\"speed\": 869, \"pressure\": 20.3, \"vibration\": 0.074, \"temperature\": 61.9}',0.34),(938,6,827.581,'2025-04-18 12:17:06','{\"speed\": 828, \"pressure\": 20.7, \"vibration\": 0.031, \"temperature\": 79.5}',0.227),(939,6,827.61,'2025-04-18 12:17:18','{\"speed\": 865, \"pressure\": 19.87, \"vibration\": 0.045, \"temperature\": 64.8}',0.1),(940,6,827.682,'2025-04-18 12:17:33','{\"speed\": 873, \"pressure\": 21.41, \"vibration\": 0.063, \"temperature\": 62.6}',0.23),(941,6,827.745,'2025-04-18 12:17:49','{\"speed\": 813, \"pressure\": 21.83, \"vibration\": 0.077, \"temperature\": 68.9}',0.37),(942,6,827.78,'2025-04-18 12:18:05','{\"speed\": 840, \"pressure\": 19.88, \"vibration\": 0.076, \"temperature\": 83.1}',0.535),(943,6,827.748,'2025-04-18 12:18:20','{\"speed\": 814, \"pressure\": 15.08, \"vibration\": 0.032, \"temperature\": 66.7}',0.1),(944,6,827.676,'2025-04-18 12:18:33','{\"speed\": 835, \"pressure\": 17.81, \"vibration\": 0.049, \"temperature\": 82.0}',0.26),(945,6,827.667,'2025-04-18 12:18:47','{\"speed\": 824, \"pressure\": 15.02, \"vibration\": 0.036, \"temperature\": 85.9}',0.312),(946,6,827.635,'2025-04-18 12:19:02','{\"speed\": 878, \"pressure\": 21.93, \"vibration\": 0.064, \"temperature\": 74.0}',0.293),(947,6,827.587,'2025-04-18 12:19:18','{\"speed\": 854, \"pressure\": 18.33, \"vibration\": 0.066, \"temperature\": 64.7}',0.26),(948,6,827.623,'2025-04-18 12:19:34','{\"speed\": 878, \"pressure\": 16.21, \"vibration\": 0.025, \"temperature\": 83.3}',0.277),(949,6,827.643,'2025-04-18 12:19:51','{\"speed\": 843, \"pressure\": 15.88, \"vibration\": 0.052, \"temperature\": 77.7}',0.223),(950,6,827.688,'2025-04-18 12:20:05','{\"speed\": 831, \"pressure\": 16.18, \"vibration\": 0.022, \"temperature\": 81.2}',0.249),(951,6,827.609,'2025-04-18 12:20:20','{\"speed\": 851, \"pressure\": 15.02, \"vibration\": 0.068, \"temperature\": 67.1}',0.28),(952,6,827.628,'2025-04-18 12:20:35','{\"speed\": 856, \"pressure\": 19.78, \"vibration\": 0.079, \"temperature\": 81.2}',0.539),(953,6,827.596,'2025-04-18 12:20:51','{\"speed\": 813, \"pressure\": 16.01, \"vibration\": 0.031, \"temperature\": 83.8}',0.284),(954,6,827.523,'2025-04-18 12:21:06','{\"speed\": 893, \"pressure\": 21.28, \"vibration\": 0.08, \"temperature\": 65.6}',0.4),(955,6,827.507,'2025-04-18 12:21:22','{\"speed\": 825, \"pressure\": 19.54, \"vibration\": 0.023, \"temperature\": 75.9}',0.179),(956,6,827.596,'2025-04-18 12:21:36','{\"speed\": 850, \"pressure\": 20.84, \"vibration\": 0.064, \"temperature\": 74.5}',0.3),(957,6,827.682,'2025-04-18 12:21:52','{\"speed\": 866, \"pressure\": 19.55, \"vibration\": 0.076, \"temperature\": 72.9}',0.399),(958,6,827.683,'2025-04-18 12:22:05','{\"speed\": 852, \"pressure\": 21.14, \"vibration\": 0.066, \"temperature\": 68.8}',0.26),(959,6,827.736,'2025-04-18 12:22:18','{\"speed\": 801, \"pressure\": 18.81, \"vibration\": 0.056, \"temperature\": 85.4}',0.365),(960,6,827.747,'2025-04-18 12:22:30','{\"speed\": 855, \"pressure\": 21.36, \"vibration\": 0.03, \"temperature\": 82.6}',0.268),(961,6,827.742,'2025-04-18 12:22:43','{\"speed\": 879, \"pressure\": 17.97, \"vibration\": 0.033, \"temperature\": 63.3}',0.1),(962,6,827.796,'2025-04-18 12:22:55','{\"speed\": 858, \"pressure\": 15.63, \"vibration\": 0.041, \"temperature\": 62.5}',0.1),(963,6,827.898,'2025-04-18 12:23:08','{\"speed\": 872, \"pressure\": 21.92, \"vibration\": 0.072, \"temperature\": 61.0}',0.32),(964,6,827.835,'2025-04-18 12:23:21','{\"speed\": 865, \"pressure\": 18.79, \"vibration\": 0.07, \"temperature\": 84.3}',0.491),(965,6,827.791,'2025-04-18 12:23:33','{\"speed\": 842, \"pressure\": 19.22, \"vibration\": 0.039, \"temperature\": 78.9}',0.219),(966,6,827.769,'2025-04-18 12:23:46','{\"speed\": 875, \"pressure\": 20.79, \"vibration\": 0.047, \"temperature\": 82.7}',0.269),(967,6,827.82,'2025-04-18 12:23:59','{\"speed\": 827, \"pressure\": 21.14, \"vibration\": 0.044, \"temperature\": 83.0}',0.273),(968,6,827.864,'2025-04-18 12:24:12','{\"speed\": 814, \"pressure\": 21.32, \"vibration\": 0.067, \"temperature\": 71.2}',0.286),(969,6,827.826,'2025-04-18 12:24:25','{\"speed\": 800, \"pressure\": 18.93, \"vibration\": 0.045, \"temperature\": 66.8}',0.1),(970,6,827.898,'2025-04-18 12:24:38','{\"speed\": 871, \"pressure\": 15.41, \"vibration\": 0.071, \"temperature\": 62.5}',0.31),(971,6,827.869,'2025-04-18 12:24:54','{\"speed\": 892, \"pressure\": 17.18, \"vibration\": 0.025, \"temperature\": 83.7}',0.283),(972,6,827.875,'2025-04-18 12:25:07','{\"speed\": 846, \"pressure\": 15.65, \"vibration\": 0.058, \"temperature\": 65.2}',0.18),(973,6,827.826,'2025-04-18 12:25:20','{\"speed\": 831, \"pressure\": 19.48, \"vibration\": 0.074, \"temperature\": 68.6}',0.34),(974,6,827.927,'2025-04-18 12:25:35','{\"speed\": 868, \"pressure\": 20.77, \"vibration\": 0.036, \"temperature\": 80.6}',0.241),(975,6,827.951,'2025-04-18 12:25:50','{\"speed\": 860, \"pressure\": 16.38, \"vibration\": 0.075, \"temperature\": 87.7}',0.586),(976,6,827.936,'2025-04-18 12:26:04','{\"speed\": 854, \"pressure\": 16.76, \"vibration\": 0.038, \"temperature\": 79.8}',0.231),(977,6,828.02,'2025-04-18 12:26:19','{\"speed\": 887, \"pressure\": 17.86, \"vibration\": 0.048, \"temperature\": 66.7}',0.1),(978,6,828.028,'2025-04-18 12:26:35','{\"speed\": 840, \"pressure\": 21.23, \"vibration\": 0.045, \"temperature\": 68.9}',0.1),(979,6,828.024,'2025-04-18 12:26:52','{\"speed\": 865, \"pressure\": 19.29, \"vibration\": 0.077, \"temperature\": 76.9}',0.462),(980,6,827.97,'2025-04-18 12:27:07','{\"speed\": 862, \"pressure\": 18.87, \"vibration\": 0.032, \"temperature\": 70.4}',0.105),(981,6,828.013,'2025-04-18 12:27:21','{\"speed\": 817, \"pressure\": 19.85, \"vibration\": 0.039, \"temperature\": 60.8}',0.1),(982,6,827.957,'2025-04-18 12:27:34','{\"speed\": 850, \"pressure\": 20.79, \"vibration\": 0.023, \"temperature\": 81.1}',0.248),(983,6,828.027,'2025-04-18 12:27:48','{\"speed\": 886, \"pressure\": 17.18, \"vibration\": 0.035, \"temperature\": 66.2}',0.1),(984,6,827.995,'2025-04-18 12:28:02','{\"speed\": 862, \"pressure\": 21.04, \"vibration\": 0.056, \"temperature\": 77.1}',0.255),(985,6,828.079,'2025-04-18 12:28:15','{\"speed\": 896, \"pressure\": 16.82, \"vibration\": 0.051, \"temperature\": 71.9}',0.135),(986,6,828.151,'2025-04-18 12:28:31','{\"speed\": 842, \"pressure\": 18.34, \"vibration\": 0.047, \"temperature\": 83.2}',0.276),(987,6,828.121,'2025-04-18 12:28:44','{\"speed\": 822, \"pressure\": 15.17, \"vibration\": 0.063, \"temperature\": 84.8}',0.427),(988,6,828.141,'2025-04-18 12:28:56','{\"speed\": 803, \"pressure\": 17.67, \"vibration\": 0.033, \"temperature\": 65.5}',0.1),(989,6,828.212,'2025-04-18 12:29:09','{\"speed\": 849, \"pressure\": 18.96, \"vibration\": 0.03, \"temperature\": 68.4}',0.1),(990,6,828.245,'2025-04-18 12:29:22','{\"speed\": 822, \"pressure\": 19.51, \"vibration\": 0.021, \"temperature\": 66.9}',0.1),(991,6,828.226,'2025-04-18 12:29:34','{\"speed\": 858, \"pressure\": 21.78, \"vibration\": 0.059, \"temperature\": 75.5}',0.263),(992,6,828.315,'2025-04-18 12:29:47','{\"speed\": 884, \"pressure\": 20.36, \"vibration\": 0.071, \"temperature\": 69.9}',0.31),(993,6,828.304,'2025-04-18 12:30:00','{\"speed\": 814, \"pressure\": 17.48, \"vibration\": 0.032, \"temperature\": 82.9}',0.272),(994,6,828.301,'2025-04-18 12:30:13','{\"speed\": 848, \"pressure\": 20.23, \"vibration\": 0.044, \"temperature\": 88.2}',0.343),(995,6,828.226,'2025-04-18 12:30:26','{\"speed\": 848, \"pressure\": 19.3, \"vibration\": 0.044, \"temperature\": 85.6}',0.308),(996,6,828.136,'2025-04-18 12:30:41','{\"speed\": 833, \"pressure\": 18.5, \"vibration\": 0.022, \"temperature\": 71.7}',0.123),(997,6,828.192,'2025-04-18 12:30:58','{\"speed\": 886, \"pressure\": 18.68, \"vibration\": 0.053, \"temperature\": 66.0}',0.13),(998,6,828.194,'2025-04-18 12:31:13','{\"speed\": 883, \"pressure\": 21.71, \"vibration\": 0.061, \"temperature\": 75.5}',0.283),(999,6,828.175,'2025-04-18 12:31:29','{\"speed\": 811, \"pressure\": 18.72, \"vibration\": 0.069, \"temperature\": 70.9}',0.302),(1000,6,828.277,'2025-04-18 12:31:45','{\"speed\": 865, \"pressure\": 16.23, \"vibration\": 0.029, \"temperature\": 71.7}',0.123),(1001,6,828.25,'2025-04-18 12:32:05','{\"speed\": 809, \"pressure\": 15.84, \"vibration\": 0.049, \"temperature\": 83.4}',0.279),(1002,6,828.349,'2025-04-18 12:32:25','{\"speed\": 818, \"pressure\": 20.68, \"vibration\": 0.066, \"temperature\": 82.8}',0.431),(1003,6,828.286,'2025-04-18 12:32:41','{\"speed\": 833, \"pressure\": 19.3, \"vibration\": 0.077, \"temperature\": 72.4}',0.402),(1004,6,828.28,'2025-04-18 12:32:56','{\"speed\": 886, \"pressure\": 17.02, \"vibration\": 0.038, \"temperature\": 73.9}',0.152),(1005,6,828.222,'2025-04-18 12:33:12','{\"speed\": 832, \"pressure\": 17.15, \"vibration\": 0.04, \"temperature\": 77.1}',0.195),(1006,6,828.15,'2025-04-18 12:33:28','{\"speed\": 865, \"pressure\": 15.92, \"vibration\": 0.033, \"temperature\": 75.5}',0.173),(1007,6,828.081,'2025-04-18 12:33:45','{\"speed\": 864, \"pressure\": 15.39, \"vibration\": 0.079, \"temperature\": 72.5}',0.423),(1008,6,828.06,'2025-04-18 12:34:04','{\"speed\": 870, \"pressure\": 18.39, \"vibration\": 0.023, \"temperature\": 81.6}',0.255),(1009,6,827.992,'2025-04-18 12:34:21','{\"speed\": 883, \"pressure\": 16.05, \"vibration\": 0.072, \"temperature\": 61.4}',0.32),(1010,6,827.997,'2025-04-18 12:34:34','{\"speed\": 808, \"pressure\": 21.24, \"vibration\": 0.046, \"temperature\": 75.5}',0.173),(1011,6,827.95,'2025-04-18 12:34:46','{\"speed\": 816, \"pressure\": 16.38, \"vibration\": 0.029, \"temperature\": 70.6}',0.108),(1012,6,827.895,'2025-04-18 12:34:59','{\"speed\": 877, \"pressure\": 21.96, \"vibration\": 0.077, \"temperature\": 64.5}',0.37),(1013,6,827.929,'2025-04-18 12:35:12','{\"speed\": 847, \"pressure\": 15.32, \"vibration\": 0.042, \"temperature\": 60.2}',0.1),(1014,6,827.914,'2025-04-18 12:35:24','{\"speed\": 820, \"pressure\": 15.98, \"vibration\": 0.061, \"temperature\": 62.4}',0.21),(1015,6,827.994,'2025-04-18 12:35:37','{\"speed\": 890, \"pressure\": 15.62, \"vibration\": 0.073, \"temperature\": 82.5}',0.497),(1016,6,828.001,'2025-04-18 12:35:50','{\"speed\": 857, \"pressure\": 20.67, \"vibration\": 0.029, \"temperature\": 71.4}',0.119),(1017,6,827.944,'2025-04-18 12:36:02','{\"speed\": 842, \"pressure\": 17.33, \"vibration\": 0.047, \"temperature\": 66.8}',0.1),(1018,6,828.045,'2025-04-18 12:36:15','{\"speed\": 862, \"pressure\": 15.32, \"vibration\": 0.063, \"temperature\": 87.4}',0.462),(1019,6,827.978,'2025-04-18 12:36:28','{\"speed\": 876, \"pressure\": 20.83, \"vibration\": 0.055, \"temperature\": 81.5}',0.303),(1020,6,828.079,'2025-04-18 12:36:41','{\"speed\": 885, \"pressure\": 18.92, \"vibration\": 0.067, \"temperature\": 84.2}',0.459),(1021,6,828.047,'2025-04-18 12:36:55','{\"speed\": 865, \"pressure\": 17.51, \"vibration\": 0.026, \"temperature\": 89.3}',0.357),(1022,6,828.143,'2025-04-18 12:37:08','{\"speed\": 842, \"pressure\": 19.14, \"vibration\": 0.041, \"temperature\": 69.3}',0.1),(1023,6,828.163,'2025-04-18 12:37:24','{\"speed\": 805, \"pressure\": 17.58, \"vibration\": 0.071, \"temperature\": 66.1}',0.31),(1024,6,828.17,'2025-04-18 12:37:42','{\"speed\": 803, \"pressure\": 16.93, \"vibration\": 0.037, \"temperature\": 83.2}',0.276),(1025,6,828.134,'2025-04-18 12:37:56','{\"speed\": 899, \"pressure\": 18.38, \"vibration\": 0.033, \"temperature\": 85.8}',0.311),(1026,6,828.075,'2025-04-18 12:38:08','{\"speed\": 812, \"pressure\": 16.13, \"vibration\": 0.025, \"temperature\": 80.3}',0.237),(1027,6,828.048,'2025-04-18 12:38:25','{\"speed\": 883, \"pressure\": 16.39, \"vibration\": 0.029, \"temperature\": 79.9}',0.232),(1028,6,828.073,'2025-04-18 12:38:42','{\"speed\": 830, \"pressure\": 19.02, \"vibration\": 0.065, \"temperature\": 77.0}',0.343),(1029,6,828.109,'2025-04-18 12:38:57','{\"speed\": 809, \"pressure\": 21.06, \"vibration\": 0.03, \"temperature\": 83.1}',0.275),(1030,6,828.182,'2025-04-18 12:39:12','{\"speed\": 818, \"pressure\": 20.81, \"vibration\": 0.024, \"temperature\": 62.6}',0.1),(1031,6,828.236,'2025-04-18 12:39:27','{\"speed\": 817, \"pressure\": 19.66, \"vibration\": 0.034, \"temperature\": 64.9}',0.1),(1032,6,828.147,'2025-04-18 12:39:41','{\"speed\": 879, \"pressure\": 16.12, \"vibration\": 0.033, \"temperature\": 70.6}',0.108),(1033,6,828.246,'2025-04-18 12:39:55','{\"speed\": 814, \"pressure\": 21.89, \"vibration\": 0.048, \"temperature\": 61.4}',0.1),(1034,6,828.339,'2025-04-18 12:40:10','{\"speed\": 867, \"pressure\": 15.91, \"vibration\": 0.047, \"temperature\": 61.7}',0.1),(1035,6,828.36,'2025-04-18 12:40:26','{\"speed\": 887, \"pressure\": 18.26, \"vibration\": 0.057, \"temperature\": 79.2}',0.293),(1036,6,828.345,'2025-04-18 12:40:39','{\"speed\": 846, \"pressure\": 18.6, \"vibration\": 0.037, \"temperature\": 60.2}',0.1),(1037,6,828.337,'2025-04-18 12:40:54','{\"speed\": 893, \"pressure\": 19.87, \"vibration\": 0.065, \"temperature\": 82.8}',0.421),(1038,6,828.332,'2025-04-18 12:41:10','{\"speed\": 892, \"pressure\": 17.47, \"vibration\": 0.038, \"temperature\": 74.1}',0.155),(1039,6,828.298,'2025-04-18 12:41:23','{\"speed\": 841, \"pressure\": 19.76, \"vibration\": 0.024, \"temperature\": 61.7}',0.1),(1040,6,828.374,'2025-04-18 12:41:35','{\"speed\": 814, \"pressure\": 16.95, \"vibration\": 0.026, \"temperature\": 72.9}',0.139),(1041,6,828.281,'2025-04-18 12:41:48','{\"speed\": 845, \"pressure\": 19.33, \"vibration\": 0.04, \"temperature\": 88.9}',0.352),(1042,6,828.278,'2025-04-18 12:42:00','{\"speed\": 821, \"pressure\": 17.07, \"vibration\": 0.022, \"temperature\": 66.1}',0.1),(1043,6,828.34,'2025-04-18 12:42:13','{\"speed\": 822, \"pressure\": 21.65, \"vibration\": 0.051, \"temperature\": 65.2}',0.11),(1044,6,828.356,'2025-04-18 12:42:26','{\"speed\": 862, \"pressure\": 17.81, \"vibration\": 0.071, \"temperature\": 85.3}',0.514),(1045,6,828.404,'2025-04-18 12:42:38','{\"speed\": 832, \"pressure\": 17.21, \"vibration\": 0.077, \"temperature\": 89.1}',0.625),(1046,6,828.45,'2025-04-18 12:42:51','{\"speed\": 846, \"pressure\": 18.72, \"vibration\": 0.054, \"temperature\": 77.6}',0.241),(1047,6,828.542,'2025-04-18 12:43:03','{\"speed\": 824, \"pressure\": 19.05, \"vibration\": 0.036, \"temperature\": 78.9}',0.219),(1048,6,828.46,'2025-04-18 12:43:16','{\"speed\": 860, \"pressure\": 21.81, \"vibration\": 0.071, \"temperature\": 63.2}',0.31),(1049,6,828.388,'2025-04-18 12:43:28','{\"speed\": 850, \"pressure\": 20.63, \"vibration\": 0.03, \"temperature\": 67.8}',0.1),(1050,6,828.471,'2025-04-18 12:43:42','{\"speed\": 858, \"pressure\": 18.01, \"vibration\": 0.028, \"temperature\": 87.9}',0.339),(1051,6,828.4,'2025-04-18 12:43:56','{\"speed\": 805, \"pressure\": 15.19, \"vibration\": 0.029, \"temperature\": 66.5}',0.1),(1052,6,828.492,'2025-04-18 12:44:09','{\"speed\": 847, \"pressure\": 20.45, \"vibration\": 0.071, \"temperature\": 62.2}',0.31),(1053,6,828.487,'2025-04-18 12:44:23','{\"speed\": 805, \"pressure\": 17.11, \"vibration\": 0.064, \"temperature\": 66.9}',0.24),(1054,6,828.511,'2025-04-18 12:44:37','{\"speed\": 810, \"pressure\": 18.41, \"vibration\": 0.056, \"temperature\": 82.5}',0.327),(1055,6,828.558,'2025-04-18 12:44:50','{\"speed\": 832, \"pressure\": 19.21, \"vibration\": 0.047, \"temperature\": 73.0}',0.14),(1056,6,828.589,'2025-04-18 12:45:04','{\"speed\": 823, \"pressure\": 20.67, \"vibration\": 0.052, \"temperature\": 63.1}',0.12),(1057,6,828.61,'2025-04-18 12:45:16','{\"speed\": 890, \"pressure\": 15.27, \"vibration\": 0.063, \"temperature\": 68.8}',0.23),(1058,6,828.686,'2025-04-18 12:45:29','{\"speed\": 825, \"pressure\": 19.69, \"vibration\": 0.045, \"temperature\": 72.5}',0.133),(1059,6,828.667,'2025-04-18 12:45:42','{\"speed\": 880, \"pressure\": 16.32, \"vibration\": 0.065, \"temperature\": 73.9}',0.302),(1060,6,828.751,'2025-04-18 12:45:55','{\"speed\": 857, \"pressure\": 20.23, \"vibration\": 0.032, \"temperature\": 60.5}',0.1),(1061,6,828.757,'2025-04-18 12:46:08','{\"speed\": 823, \"pressure\": 17.49, \"vibration\": 0.073, \"temperature\": 79.6}',0.458),(1062,6,828.713,'2025-04-18 12:46:21','{\"speed\": 859, \"pressure\": 16.27, \"vibration\": 0.052, \"temperature\": 60.4}',0.12),(1063,6,828.75,'2025-04-18 12:46:34','{\"speed\": 802, \"pressure\": 18.07, \"vibration\": 0.065, \"temperature\": 67.7}',0.25),(1064,6,828.775,'2025-04-18 12:46:46','{\"speed\": 885, \"pressure\": 19.35, \"vibration\": 0.057, \"temperature\": 86.8}',0.394),(1065,6,828.773,'2025-04-18 12:46:59','{\"speed\": 810, \"pressure\": 21.64, \"vibration\": 0.066, \"temperature\": 84.2}',0.449),(1066,6,828.82,'2025-04-18 12:47:11','{\"speed\": 826, \"pressure\": 17.59, \"vibration\": 0.036, \"temperature\": 78.7}',0.216),(1067,6,828.911,'2025-04-18 12:47:24','{\"speed\": 890, \"pressure\": 19.74, \"vibration\": 0.038, \"temperature\": 74.7}',0.163),(1068,6,828.951,'2025-04-18 12:47:37','{\"speed\": 881, \"pressure\": 18.26, \"vibration\": 0.05, \"temperature\": 80.6}',0.241),(1069,6,829.041,'2025-04-18 12:47:49','{\"speed\": 876, \"pressure\": 20.94, \"vibration\": 0.038, \"temperature\": 62.4}',0.1),(1070,6,828.998,'2025-04-18 12:48:00','{\"speed\": 858, \"pressure\": 17.83, \"vibration\": 0.03, \"temperature\": 77.6}',0.201),(1071,6,828.998,'2025-04-18 12:53:00','{\"speed\": 808, \"pressure\": 15.04, \"vibration\": 0.078, \"temperature\": 87.2}',0.609),(1072,6,829.019,'2025-04-18 12:53:13','{\"speed\": 876, \"pressure\": 17.98, \"vibration\": 0.03, \"temperature\": 83.2}',0.276),(1073,6,829.041,'2025-04-18 12:53:25','{\"speed\": 833, \"pressure\": 15.07, \"vibration\": 0.068, \"temperature\": 73.5}',0.327),(1074,6,829.062,'2025-04-18 12:53:38','{\"speed\": 877, \"pressure\": 18.71, \"vibration\": 0.056, \"temperature\": 61.4}',0.16),(1075,6,829.083,'2025-04-18 12:53:52','{\"speed\": 881, \"pressure\": 18.62, \"vibration\": 0.023, \"temperature\": 67.4}',0.1),(1076,6,829.106,'2025-04-18 12:54:05','{\"speed\": 886, \"pressure\": 19.74, \"vibration\": 0.021, \"temperature\": 76.0}',0.18),(1077,6,829.128,'2025-04-18 12:54:18','{\"speed\": 830, \"pressure\": 20.34, \"vibration\": 0.052, \"temperature\": 77.2}',0.216),(1078,6,829.151,'2025-04-18 12:54:32','{\"speed\": 886, \"pressure\": 21.94, \"vibration\": 0.032, \"temperature\": 69.0}',0.1),(1079,6,829.175,'2025-04-18 12:54:45','{\"speed\": 813, \"pressure\": 17.76, \"vibration\": 0.037, \"temperature\": 85.7}',0.309),(1080,6,829.196,'2025-04-18 12:54:58','{\"speed\": 865, \"pressure\": 16.76, \"vibration\": 0.033, \"temperature\": 78.2}',0.209),(1081,6,829.217,'2025-04-18 12:55:10','{\"speed\": 865, \"pressure\": 21.75, \"vibration\": 0.046, \"temperature\": 73.9}',0.152),(1082,6,829.238,'2025-04-18 12:55:23','{\"speed\": 898, \"pressure\": 18.8, \"vibration\": 0.076, \"temperature\": 72.4}',0.392),(1083,6,829.26,'2025-04-18 12:55:36','{\"speed\": 830, \"pressure\": 19.94, \"vibration\": 0.024, \"temperature\": 61.1}',0.1),(1084,6,829.281,'2025-04-18 12:55:48','{\"speed\": 875, \"pressure\": 19.94, \"vibration\": 0.044, \"temperature\": 85.5}',0.307),(1085,6,829.302,'2025-04-18 12:56:01','{\"speed\": 856, \"pressure\": 20.19, \"vibration\": 0.053, \"temperature\": 73.4}',0.175),(1086,6,829.323,'2025-04-18 12:56:14','{\"speed\": 884, \"pressure\": 18.86, \"vibration\": 0.039, \"temperature\": 87.8}',0.337),(1087,6,829.344,'2025-04-18 12:56:26','{\"speed\": 891, \"pressure\": 16.46, \"vibration\": 0.077, \"temperature\": 88.0}',0.61),(1088,6,829.365,'2025-04-18 12:56:39','{\"speed\": 877, \"pressure\": 15.87, \"vibration\": 0.047, \"temperature\": 73.4}',0.145),(1089,6,829.386,'2025-04-18 12:56:51','{\"speed\": 802, \"pressure\": 19.86, \"vibration\": 0.068, \"temperature\": 82.5}',0.447),(1090,6,829.407,'2025-04-18 12:57:04','{\"speed\": 873, \"pressure\": 17.02, \"vibration\": 0.045, \"temperature\": 70.6}',0.108),(1091,6,829.428,'2025-04-18 12:57:17','{\"speed\": 896, \"pressure\": 20.12, \"vibration\": 0.024, \"temperature\": 65.8}',0.1),(1092,6,829.449,'2025-04-18 12:57:30','{\"speed\": 860, \"pressure\": 20.41, \"vibration\": 0.053, \"temperature\": 71.8}',0.154),(1093,6,829.472,'2025-04-18 12:57:43','{\"speed\": 871, \"pressure\": 20.86, \"vibration\": 0.077, \"temperature\": 89.0}',0.623),(1094,6,829.493,'2025-04-18 12:57:56','{\"speed\": 817, \"pressure\": 18.45, \"vibration\": 0.071, \"temperature\": 83.6}',0.491),(1095,6,829.514,'2025-04-18 12:58:10','{\"speed\": 831, \"pressure\": 21.81, \"vibration\": 0.043, \"temperature\": 70.0}',0.1),(1096,6,829.537,'2025-04-18 12:58:23','{\"speed\": 873, \"pressure\": 20.23, \"vibration\": 0.079, \"temperature\": 73.1}',0.431),(1097,6,829.559,'2025-04-18 12:58:35','{\"speed\": 818, \"pressure\": 16.38, \"vibration\": 0.041, \"temperature\": 72.6}',0.135),(1098,6,829.581,'2025-04-18 12:58:49','{\"speed\": 851, \"pressure\": 17.63, \"vibration\": 0.069, \"temperature\": 87.0}',0.517),(1099,6,829.602,'2025-04-18 12:59:02','{\"speed\": 815, \"pressure\": 17.23, \"vibration\": 0.043, \"temperature\": 60.5}',0.1),(1100,6,829.623,'2025-04-18 12:59:14','{\"speed\": 814, \"pressure\": 15.62, \"vibration\": 0.056, \"temperature\": 69.8}',0.16),(1101,6,829.644,'2025-04-18 12:59:27','{\"speed\": 834, \"pressure\": 17.77, \"vibration\": 0.057, \"temperature\": 67.5}',0.17),(1102,6,829.667,'2025-04-18 12:59:40','{\"speed\": 849, \"pressure\": 17.73, \"vibration\": 0.034, \"temperature\": 61.0}',0.1),(1103,6,829.688,'2025-04-18 12:59:53','{\"speed\": 867, \"pressure\": 16.88, \"vibration\": 0.032, \"temperature\": 87.6}',0.335),(1104,6,829.709,'2025-04-18 13:00:06','{\"speed\": 893, \"pressure\": 17.52, \"vibration\": 0.054, \"temperature\": 68.7}',0.14),(1105,6,829.729,'2025-04-18 13:00:18','{\"speed\": 823, \"pressure\": 15.58, \"vibration\": 0.032, \"temperature\": 76.3}',0.184),(1106,6,829.75,'2025-04-18 13:00:31','{\"speed\": 802, \"pressure\": 16.8, \"vibration\": 0.062, \"temperature\": 84.5}',0.413),(1107,6,829.772,'2025-04-18 13:00:43','{\"speed\": 849, \"pressure\": 21.28, \"vibration\": 0.037, \"temperature\": 78.9}',0.219),(1108,6,829.793,'2025-04-18 13:00:56','{\"speed\": 806, \"pressure\": 21.19, \"vibration\": 0.022, \"temperature\": 60.7}',0.1),(1109,6,829.814,'2025-04-18 13:01:09','{\"speed\": 861, \"pressure\": 20.81, \"vibration\": 0.054, \"temperature\": 78.2}',0.249),(1110,6,829.835,'2025-04-18 13:01:21','{\"speed\": 888, \"pressure\": 17.39, \"vibration\": 0.039, \"temperature\": 60.5}',0.1),(1111,6,829.857,'2025-04-18 13:01:34','{\"speed\": 882, \"pressure\": 18.95, \"vibration\": 0.041, \"temperature\": 87.9}',0.339),(1112,6,829.878,'2025-04-18 13:01:47','{\"speed\": 828, \"pressure\": 20.17, \"vibration\": 0.029, \"temperature\": 87.0}',0.327),(1113,6,829.901,'2025-04-18 13:02:02','{\"speed\": 822, \"pressure\": 18.39, \"vibration\": 0.077, \"temperature\": 70.7}',0.379),(1114,6,829.924,'2025-04-18 13:02:15','{\"speed\": 815, \"pressure\": 18.63, \"vibration\": 0.058, \"temperature\": 71.6}',0.201),(1115,6,829.946,'2025-04-18 13:02:27','{\"speed\": 843, \"pressure\": 17.68, \"vibration\": 0.027, \"temperature\": 65.8}',0.1),(1116,6,829.968,'2025-04-18 13:02:41','{\"speed\": 882, \"pressure\": 15.2, \"vibration\": 0.076, \"temperature\": 84.1}',0.548),(1117,6,829.99,'2025-04-18 13:02:53','{\"speed\": 825, \"pressure\": 17.11, \"vibration\": 0.054, \"temperature\": 68.2}',0.14),(1118,6,830.011,'2025-04-18 13:03:06','{\"speed\": 847, \"pressure\": 21.26, \"vibration\": 0.074, \"temperature\": 78.3}',0.451),(1119,6,830.032,'2025-04-18 13:03:19','{\"speed\": 888, \"pressure\": 19.32, \"vibration\": 0.078, \"temperature\": 83.8}',0.564),(1120,6,830.054,'2025-04-18 13:03:32','{\"speed\": 897, \"pressure\": 19.44, \"vibration\": 0.039, \"temperature\": 63.6}',0.1),(1121,6,830.075,'2025-04-18 13:03:44','{\"speed\": 806, \"pressure\": 17.76, \"vibration\": 0.069, \"temperature\": 73.6}',0.338),(1122,6,830.096,'2025-04-18 13:03:57','{\"speed\": 859, \"pressure\": 18.05, \"vibration\": 0.038, \"temperature\": 69.1}',0.1),(1123,6,830.117,'2025-04-18 13:04:10','{\"speed\": 816, \"pressure\": 16.22, \"vibration\": 0.047, \"temperature\": 65.4}',0.1),(1124,6,830.139,'2025-04-18 13:04:23','{\"speed\": 836, \"pressure\": 18.35, \"vibration\": 0.037, \"temperature\": 72.2}',0.129),(1125,6,830.16,'2025-04-18 13:04:36','{\"speed\": 879, \"pressure\": 19.04, \"vibration\": 0.08, \"temperature\": 75.5}',0.473),(1126,6,830.181,'2025-04-18 13:04:48','{\"speed\": 870, \"pressure\": 20.55, \"vibration\": 0.074, \"temperature\": 89.8}',0.604),(1127,6,830.202,'2025-04-18 13:05:01','{\"speed\": 880, \"pressure\": 17.91, \"vibration\": 0.049, \"temperature\": 86.3}',0.317),(1128,6,830.223,'2025-04-18 13:05:13','{\"speed\": 889, \"pressure\": 18.83, \"vibration\": 0.043, \"temperature\": 75.9}',0.179),(1129,6,830.244,'2025-04-18 13:05:26','{\"speed\": 839, \"pressure\": 18.07, \"vibration\": 0.039, \"temperature\": 87.8}',0.337),(1130,6,830.265,'2025-04-18 13:05:38','{\"speed\": 841, \"pressure\": 17.08, \"vibration\": 0.076, \"temperature\": 71.5}',0.38),(1131,6,830.286,'2025-04-18 13:05:51','{\"speed\": 885, \"pressure\": 16.55, \"vibration\": 0.041, \"temperature\": 88.3}',0.344),(1132,6,830.307,'2025-04-18 13:06:03','{\"speed\": 843, \"pressure\": 15.39, \"vibration\": 0.073, \"temperature\": 76.0}',0.41),(1133,6,830.328,'2025-04-18 13:06:16','{\"speed\": 829, \"pressure\": 17.35, \"vibration\": 0.026, \"temperature\": 71.3}',0.117),(1134,6,830.349,'2025-04-18 13:06:29','{\"speed\": 811, \"pressure\": 16.6, \"vibration\": 0.079, \"temperature\": 61.3}',0.39),(1135,6,830.37,'2025-04-18 13:06:41','{\"speed\": 818, \"pressure\": 20.97, \"vibration\": 0.053, \"temperature\": 61.7}',0.13),(1136,6,830.391,'2025-04-18 13:06:54','{\"speed\": 886, \"pressure\": 21.55, \"vibration\": 0.045, \"temperature\": 66.0}',0.1),(1137,6,830.412,'2025-04-18 13:07:06','{\"speed\": 875, \"pressure\": 18.64, \"vibration\": 0.049, \"temperature\": 75.0}',0.167),(1138,6,830.433,'2025-04-18 13:07:19','{\"speed\": 854, \"pressure\": 19.9, \"vibration\": 0.043, \"temperature\": 74.4}',0.159),(1139,6,830.454,'2025-04-18 13:07:31','{\"speed\": 869, \"pressure\": 21.0, \"vibration\": 0.063, \"temperature\": 83.8}',0.414),(1140,6,830.475,'2025-04-18 13:07:44','{\"speed\": 837, \"pressure\": 16.4, \"vibration\": 0.05, \"temperature\": 73.4}',0.145),(1141,6,830.496,'2025-04-18 13:07:56','{\"speed\": 801, \"pressure\": 18.82, \"vibration\": 0.048, \"temperature\": 66.8}',0.1),(1142,6,830.517,'2025-04-18 13:08:09','{\"speed\": 802, \"pressure\": 16.01, \"vibration\": 0.076, \"temperature\": 65.0}',0.36),(1143,6,830.538,'2025-04-18 13:08:21','{\"speed\": 848, \"pressure\": 21.92, \"vibration\": 0.025, \"temperature\": 75.5}',0.173),(1144,6,830.559,'2025-04-18 13:08:34','{\"speed\": 854, \"pressure\": 21.79, \"vibration\": 0.063, \"temperature\": 61.7}',0.23),(1145,6,830.579,'2025-04-18 13:08:47','{\"speed\": 848, \"pressure\": 16.53, \"vibration\": 0.048, \"temperature\": 89.7}',0.363),(1146,6,830.6,'2025-04-18 13:08:59','{\"speed\": 889, \"pressure\": 19.28, \"vibration\": 0.079, \"temperature\": 80.2}',0.526),(1147,6,830.621,'2025-04-18 13:09:12','{\"speed\": 876, \"pressure\": 16.17, \"vibration\": 0.051, \"temperature\": 80.3}',0.247),(1148,6,830.642,'2025-04-18 13:09:24','{\"speed\": 826, \"pressure\": 17.14, \"vibration\": 0.042, \"temperature\": 84.3}',0.291),(1149,6,830.662,'2025-04-18 13:09:37','{\"speed\": 819, \"pressure\": 17.87, \"vibration\": 0.025, \"temperature\": 73.9}',0.152),(1150,6,830.683,'2025-04-18 13:09:49','{\"speed\": 809, \"pressure\": 16.43, \"vibration\": 0.048, \"temperature\": 62.0}',0.1),(1151,6,830.704,'2025-04-18 13:10:02','{\"speed\": 892, \"pressure\": 19.81, \"vibration\": 0.029, \"temperature\": 84.8}',0.297),(1152,6,830.725,'2025-04-18 13:10:14','{\"speed\": 813, \"pressure\": 20.8, \"vibration\": 0.063, \"temperature\": 84.9}',0.429),(1153,6,830.746,'2025-04-18 13:10:27','{\"speed\": 834, \"pressure\": 17.13, \"vibration\": 0.079, \"temperature\": 72.2}',0.419),(1154,6,830.767,'2025-04-18 13:10:40','{\"speed\": 857, \"pressure\": 17.54, \"vibration\": 0.053, \"temperature\": 83.7}',0.313),(1155,6,830.788,'2025-04-18 13:10:52','{\"speed\": 853, \"pressure\": 16.85, \"vibration\": 0.039, \"temperature\": 66.0}',0.1),(1156,6,830.809,'2025-04-18 13:11:05','{\"speed\": 896, \"pressure\": 16.74, \"vibration\": 0.035, \"temperature\": 78.2}',0.209),(1157,6,830.83,'2025-04-18 13:11:17','{\"speed\": 820, \"pressure\": 19.3, \"vibration\": 0.025, \"temperature\": 78.1}',0.208),(1158,6,830.851,'2025-04-18 13:11:30','{\"speed\": 816, \"pressure\": 16.1, \"vibration\": 0.072, \"temperature\": 65.2}',0.32),(1159,6,830.872,'2025-04-18 13:11:42','{\"speed\": 811, \"pressure\": 21.88, \"vibration\": 0.075, \"temperature\": 75.1}',0.418),(1160,6,830.893,'2025-04-18 13:11:55','{\"speed\": 873, \"pressure\": 17.7, \"vibration\": 0.053, \"temperature\": 70.3}',0.134),(1161,6,830.914,'2025-04-18 13:12:07','{\"speed\": 825, \"pressure\": 18.62, \"vibration\": 0.032, \"temperature\": 60.8}',0.1),(1162,6,830.935,'2025-04-18 13:12:20','{\"speed\": 890, \"pressure\": 15.91, \"vibration\": 0.049, \"temperature\": 76.0}',0.18),(1163,6,830.956,'2025-04-18 13:12:32','{\"speed\": 856, \"pressure\": 16.42, \"vibration\": 0.057, \"temperature\": 64.1}',0.17),(1164,6,830.977,'2025-04-18 13:12:45','{\"speed\": 854, \"pressure\": 16.48, \"vibration\": 0.057, \"temperature\": 66.1}',0.17),(1165,6,830.998,'2025-04-18 13:12:58','{\"speed\": 850, \"pressure\": 21.22, \"vibration\": 0.068, \"temperature\": 84.3}',0.471),(1166,6,831.019,'2025-04-18 13:13:11','{\"speed\": 897, \"pressure\": 20.63, \"vibration\": 0.064, \"temperature\": 84.4}',0.432),(1167,6,831.04,'2025-04-18 13:13:23','{\"speed\": 878, \"pressure\": 16.48, \"vibration\": 0.04, \"temperature\": 75.6}',0.175),(1168,6,831.061,'2025-04-18 13:13:36','{\"speed\": 897, \"pressure\": 18.51, \"vibration\": 0.062, \"temperature\": 84.6}',0.415),(1169,6,831.082,'2025-04-18 13:13:49','{\"speed\": 810, \"pressure\": 21.86, \"vibration\": 0.049, \"temperature\": 88.6}',0.348),(1170,6,831.103,'2025-04-18 13:14:01','{\"speed\": 839, \"pressure\": 18.49, \"vibration\": 0.062, \"temperature\": 71.4}',0.239),(1171,6,831.124,'2025-04-18 13:14:14','{\"speed\": 867, \"pressure\": 15.74, \"vibration\": 0.072, \"temperature\": 73.9}',0.372),(1172,6,831.146,'2025-04-18 13:14:27','{\"speed\": 838, \"pressure\": 19.27, \"vibration\": 0.049, \"temperature\": 69.0}',0.1),(1173,6,831.167,'2025-04-18 13:14:39','{\"speed\": 801, \"pressure\": 17.45, \"vibration\": 0.063, \"temperature\": 82.5}',0.397),(1174,6,831.188,'2025-04-18 13:14:52','{\"speed\": 871, \"pressure\": 18.54, \"vibration\": 0.026, \"temperature\": 89.6}',0.361),(1175,6,831.209,'2025-04-18 13:15:05','{\"speed\": 807, \"pressure\": 20.44, \"vibration\": 0.03, \"temperature\": 68.6}',0.1),(1176,6,831.23,'2025-04-18 13:15:17','{\"speed\": 807, \"pressure\": 18.57, \"vibration\": 0.074, \"temperature\": 67.2}',0.34),(1177,6,831.251,'2025-04-18 13:15:30','{\"speed\": 890, \"pressure\": 16.81, \"vibration\": 0.053, \"temperature\": 76.5}',0.217),(1178,6,831.272,'2025-04-18 13:15:43','{\"speed\": 876, \"pressure\": 19.3, \"vibration\": 0.052, \"temperature\": 68.6}',0.12),(1179,6,831.293,'2025-04-18 13:15:55','{\"speed\": 892, \"pressure\": 20.43, \"vibration\": 0.044, \"temperature\": 86.1}',0.315),(1180,6,831.314,'2025-04-18 13:16:08','{\"speed\": 875, \"pressure\": 20.97, \"vibration\": 0.076, \"temperature\": 67.6}',0.36),(1181,6,831.335,'2025-04-18 13:16:20','{\"speed\": 864, \"pressure\": 21.92, \"vibration\": 0.028, \"temperature\": 69.5}',0.1),(1182,6,831.356,'2025-04-18 13:16:33','{\"speed\": 812, \"pressure\": 17.36, \"vibration\": 0.055, \"temperature\": 67.4}',0.15),(1183,6,831.385,'2025-04-18 13:16:51','{\"speed\": 841, \"pressure\": 19.8, \"vibration\": 0.026, \"temperature\": 68.0}',0.1),(1184,6,831.408,'2025-04-18 13:17:04','{\"speed\": 876, \"pressure\": 17.1, \"vibration\": 0.078, \"temperature\": 88.2}',0.623),(1185,6,831.43,'2025-04-18 13:17:17','{\"speed\": 867, \"pressure\": 20.21, \"vibration\": 0.046, \"temperature\": 70.9}',0.112),(1186,6,831.451,'2025-04-18 13:17:29','{\"speed\": 807, \"pressure\": 15.03, \"vibration\": 0.058, \"temperature\": 75.1}',0.248),(1187,6,831.472,'2025-04-18 13:17:42','{\"speed\": 844, \"pressure\": 20.9, \"vibration\": 0.032, \"temperature\": 70.7}',0.109),(1188,6,831.493,'2025-04-18 13:17:54','{\"speed\": 823, \"pressure\": 17.97, \"vibration\": 0.053, \"temperature\": 72.5}',0.163),(1189,6,831.513,'2025-04-18 13:18:07','{\"speed\": 818, \"pressure\": 16.3, \"vibration\": 0.049, \"temperature\": 64.2}',0.1),(1190,6,831.534,'2025-04-18 13:18:20','{\"speed\": 883, \"pressure\": 16.56, \"vibration\": 0.046, \"temperature\": 84.9}',0.299),(1191,6,831.555,'2025-04-18 13:18:32','{\"speed\": 809, \"pressure\": 16.29, \"vibration\": 0.076, \"temperature\": 88.9}',0.612),(1192,6,831.576,'2025-04-18 13:18:45','{\"speed\": 853, \"pressure\": 17.74, \"vibration\": 0.057, \"temperature\": 84.3}',0.361),(1193,6,831.597,'2025-04-18 13:18:58','{\"speed\": 825, \"pressure\": 15.81, \"vibration\": 0.07, \"temperature\": 72.9}',0.339),(1194,6,831.618,'2025-04-18 13:19:10','{\"speed\": 861, \"pressure\": 17.18, \"vibration\": 0.069, \"temperature\": 71.1}',0.305),(1195,6,831.639,'2025-04-18 13:19:23','{\"speed\": 840, \"pressure\": 18.47, \"vibration\": 0.068, \"temperature\": 79.7}',0.409),(1196,6,831.661,'2025-04-18 13:19:36','{\"speed\": 823, \"pressure\": 15.33, \"vibration\": 0.036, \"temperature\": 82.5}',0.267),(1197,6,831.683,'2025-04-18 13:19:48','{\"speed\": 833, \"pressure\": 18.26, \"vibration\": 0.078, \"temperature\": 89.4}',0.639),(1198,6,831.704,'2025-04-18 13:20:01','{\"speed\": 859, \"pressure\": 19.15, \"vibration\": 0.041, \"temperature\": 77.4}',0.199),(1199,6,831.725,'2025-04-18 13:20:14','{\"speed\": 848, \"pressure\": 18.07, \"vibration\": 0.039, \"temperature\": 72.8}',0.137),(1200,6,831.746,'2025-04-18 13:20:26','{\"speed\": 874, \"pressure\": 15.67, \"vibration\": 0.047, \"temperature\": 64.8}',0.1),(1201,6,831.767,'2025-04-18 13:20:39','{\"speed\": 804, \"pressure\": 17.43, \"vibration\": 0.072, \"temperature\": 61.7}',0.32),(1202,6,831.788,'2025-04-18 13:20:52','{\"speed\": 839, \"pressure\": 15.73, \"vibration\": 0.07, \"temperature\": 76.0}',0.38),(1203,6,831.809,'2025-04-18 13:21:04','{\"speed\": 818, \"pressure\": 19.37, \"vibration\": 0.067, \"temperature\": 85.2}',0.473),(1204,6,831.83,'2025-04-18 13:21:17','{\"speed\": 884, \"pressure\": 19.87, \"vibration\": 0.067, \"temperature\": 89.1}',0.525),(1205,6,831.851,'2025-04-18 13:21:29','{\"speed\": 816, \"pressure\": 18.53, \"vibration\": 0.035, \"temperature\": 87.3}',0.331),(1206,6,831.872,'2025-04-18 13:21:42','{\"speed\": 859, \"pressure\": 18.5, \"vibration\": 0.045, \"temperature\": 64.4}',0.1),(1207,6,831.893,'2025-04-18 13:21:54','{\"speed\": 827, \"pressure\": 21.72, \"vibration\": 0.057, \"temperature\": 88.1}',0.411),(1208,6,831.914,'2025-04-18 13:22:08','{\"speed\": 859, \"pressure\": 15.56, \"vibration\": 0.028, \"temperature\": 75.6}',0.175),(1209,6,831.938,'2025-04-18 13:22:23','{\"speed\": 857, \"pressure\": 18.9, \"vibration\": 0.031, \"temperature\": 73.8}',0.151),(1210,6,831.962,'2025-04-18 13:22:36','{\"speed\": 864, \"pressure\": 16.74, \"vibration\": 0.072, \"temperature\": 75.0}',0.387),(1211,6,831.983,'2025-04-18 13:22:48','{\"speed\": 866, \"pressure\": 16.58, \"vibration\": 0.046, \"temperature\": 82.0}',0.26),(1212,6,832.004,'2025-04-18 13:23:01','{\"speed\": 849, \"pressure\": 15.11, \"vibration\": 0.075, \"temperature\": 86.9}',0.575),(1213,6,832.025,'2025-04-18 13:23:14','{\"speed\": 851, \"pressure\": 15.8, \"vibration\": 0.022, \"temperature\": 83.3}',0.277),(1214,6,832.046,'2025-04-18 13:23:26','{\"speed\": 881, \"pressure\": 19.12, \"vibration\": 0.064, \"temperature\": 69.0}',0.24),(1215,6,832.067,'2025-04-18 13:23:39','{\"speed\": 896, \"pressure\": 19.01, \"vibration\": 0.073, \"temperature\": 80.9}',0.475),(1216,6,832.088,'2025-04-18 13:23:52','{\"speed\": 858, \"pressure\": 19.91, \"vibration\": 0.047, \"temperature\": 83.6}',0.281),(1217,6,832.11,'2025-04-18 13:24:06','{\"speed\": 870, \"pressure\": 16.92, \"vibration\": 0.069, \"temperature\": 82.8}',0.461),(1218,6,832.134,'2025-04-18 13:24:21','{\"speed\": 853, \"pressure\": 18.0, \"vibration\": 0.04, \"temperature\": 77.6}',0.201),(1219,6,832.158,'2025-04-18 13:24:35','{\"speed\": 859, \"pressure\": 19.05, \"vibration\": 0.047, \"temperature\": 80.0}',0.233),(1220,6,832.184,'2025-04-18 13:24:49','{\"speed\": 819, \"pressure\": 19.53, \"vibration\": 0.061, \"temperature\": 76.5}',0.297),(1221,6,832.205,'2025-04-18 13:25:02','{\"speed\": 818, \"pressure\": 17.44, \"vibration\": 0.049, \"temperature\": 68.0}',0.1),(1222,6,832.227,'2025-04-18 13:25:15','{\"speed\": 825, \"pressure\": 21.91, \"vibration\": 0.044, \"temperature\": 66.4}',0.1),(1223,6,832.249,'2025-04-18 13:25:28','{\"speed\": 838, \"pressure\": 21.22, \"vibration\": 0.033, \"temperature\": 64.6}',0.1),(1224,6,832.271,'2025-04-18 13:25:42','{\"speed\": 859, \"pressure\": 17.44, \"vibration\": 0.065, \"temperature\": 63.3}',0.25),(1225,6,832.293,'2025-04-18 13:25:55','{\"speed\": 850, \"pressure\": 20.6, \"vibration\": 0.042, \"temperature\": 65.5}',0.1),(1226,6,832.314,'2025-04-18 13:26:07','{\"speed\": 882, \"pressure\": 15.62, \"vibration\": 0.049, \"temperature\": 68.8}',0.1),(1227,6,832.335,'2025-04-18 13:26:20','{\"speed\": 832, \"pressure\": 21.59, \"vibration\": 0.063, \"temperature\": 73.0}',0.27),(1228,6,832.357,'2025-04-18 13:26:34','{\"speed\": 832, \"pressure\": 17.09, \"vibration\": 0.023, \"temperature\": 68.2}',0.1),(1229,6,832.378,'2025-04-18 13:26:46','{\"speed\": 865, \"pressure\": 19.25, \"vibration\": 0.06, \"temperature\": 87.5}',0.433),(1230,6,832.399,'2025-04-18 13:26:59','{\"speed\": 880, \"pressure\": 15.09, \"vibration\": 0.023, \"temperature\": 61.0}',0.1),(1231,6,832.42,'2025-04-18 13:27:12','{\"speed\": 900, \"pressure\": 21.14, \"vibration\": 0.051, \"temperature\": 84.1}',0.298),(1232,6,832.441,'2025-04-18 13:27:24','{\"speed\": 853, \"pressure\": 15.71, \"vibration\": 0.051, \"temperature\": 67.2}',0.11),(1233,6,832.462,'2025-04-18 13:27:37','{\"speed\": 855, \"pressure\": 18.29, \"vibration\": 0.051, \"temperature\": 63.4}',0.11),(1234,6,832.484,'2025-04-18 13:27:50','{\"speed\": 860, \"pressure\": 19.48, \"vibration\": 0.064, \"temperature\": 62.5}',0.24),(1235,6,832.505,'2025-04-18 13:28:03','{\"speed\": 879, \"pressure\": 17.42, \"vibration\": 0.043, \"temperature\": 74.2}',0.156),(1236,6,832.526,'2025-04-18 13:28:15','{\"speed\": 885, \"pressure\": 19.11, \"vibration\": 0.056, \"temperature\": 64.5}',0.16),(1237,6,832.547,'2025-04-18 13:28:28','{\"speed\": 881, \"pressure\": 21.49, \"vibration\": 0.02, \"temperature\": 72.0}',0.127),(1238,6,832.568,'2025-04-18 13:28:40','{\"speed\": 885, \"pressure\": 15.66, \"vibration\": 0.061, \"temperature\": 67.6}',0.21),(1239,6,832.589,'2025-04-18 13:28:53','{\"speed\": 805, \"pressure\": 16.55, \"vibration\": 0.027, \"temperature\": 82.1}',0.261),(1240,6,832.61,'2025-04-18 13:29:06','{\"speed\": 802, \"pressure\": 17.24, \"vibration\": 0.064, \"temperature\": 64.4}',0.24),(1241,6,832.631,'2025-04-18 13:29:18','{\"speed\": 809, \"pressure\": 18.94, \"vibration\": 0.036, \"temperature\": 65.4}',0.1),(1242,6,832.652,'2025-04-18 13:29:31','{\"speed\": 877, \"pressure\": 19.72, \"vibration\": 0.067, \"temperature\": 77.2}',0.366),(1243,6,832.673,'2025-04-18 13:29:43','{\"speed\": 851, \"pressure\": 16.24, \"vibration\": 0.077, \"temperature\": 84.6}',0.565),(1244,6,832.694,'2025-04-18 13:29:56','{\"speed\": 874, \"pressure\": 17.3, \"vibration\": 0.061, \"temperature\": 84.5}',0.403),(1245,6,832.715,'2025-04-18 13:30:08','{\"speed\": 894, \"pressure\": 18.27, \"vibration\": 0.059, \"temperature\": 89.5}',0.45),(1246,6,832.736,'2025-04-18 13:30:21','{\"speed\": 832, \"pressure\": 15.07, \"vibration\": 0.043, \"temperature\": 63.1}',0.1),(1247,6,832.757,'2025-04-18 13:30:34','{\"speed\": 882, \"pressure\": 21.77, \"vibration\": 0.056, \"temperature\": 84.4}',0.352),(1248,6,832.779,'2025-04-18 13:30:50','{\"speed\": 848, \"pressure\": 21.73, \"vibration\": 0.06, \"temperature\": 79.8}',0.331),(1249,6,832.806,'2025-04-18 13:31:05','{\"speed\": 845, \"pressure\": 21.78, \"vibration\": 0.076, \"temperature\": 61.5}',0.36),(1250,6,832.831,'2025-04-18 13:31:19','{\"speed\": 822, \"pressure\": 17.89, \"vibration\": 0.05, \"temperature\": 77.3}',0.197),(1251,6,832.854,'2025-04-18 13:31:32','{\"speed\": 857, \"pressure\": 18.2, \"vibration\": 0.022, \"temperature\": 88.3}',0.344),(1252,6,832.875,'2025-04-18 13:31:44','{\"speed\": 810, \"pressure\": 18.7, \"vibration\": 0.04, \"temperature\": 89.6}',0.361),(1253,6,832.896,'2025-04-18 13:31:57','{\"speed\": 896, \"pressure\": 20.91, \"vibration\": 0.05, \"temperature\": 80.6}',0.241),(1254,6,832.917,'2025-04-18 13:32:10','{\"speed\": 861, \"pressure\": 20.78, \"vibration\": 0.052, \"temperature\": 83.5}',0.3),(1255,6,832.938,'2025-04-18 13:32:23','{\"speed\": 878, \"pressure\": 17.61, \"vibration\": 0.03, \"temperature\": 71.5}',0.12),(1256,6,832.96,'2025-04-18 13:32:38','{\"speed\": 832, \"pressure\": 18.15, \"vibration\": 0.056, \"temperature\": 88.9}',0.412),(1257,6,832.985,'2025-04-18 13:32:53','{\"speed\": 815, \"pressure\": 21.13, \"vibration\": 0.039, \"temperature\": 64.1}',0.1),(1258,6,833.01,'2025-04-18 13:33:06','{\"speed\": 821, \"pressure\": 16.91, \"vibration\": 0.067, \"temperature\": 75.6}',0.345),(1259,6,833.032,'2025-04-18 13:33:19','{\"speed\": 802, \"pressure\": 15.3, \"vibration\": 0.027, \"temperature\": 79.8}',0.231),(1260,6,833.055,'2025-04-18 13:33:33','{\"speed\": 846, \"pressure\": 16.1, \"vibration\": 0.05, \"temperature\": 61.2}',0.1),(1261,6,833.077,'2025-04-18 13:33:47','{\"speed\": 898, \"pressure\": 20.65, \"vibration\": 0.028, \"temperature\": 77.2}',0.196),(1262,6,833.101,'2025-04-18 13:34:02','{\"speed\": 816, \"pressure\": 20.76, \"vibration\": 0.044, \"temperature\": 61.1}',0.1),(1263,6,833.126,'2025-04-18 13:34:17','{\"speed\": 873, \"pressure\": 19.3, \"vibration\": 0.036, \"temperature\": 76.7}',0.189),(1264,6,833.152,'2025-04-18 13:34:31','{\"speed\": 898, \"pressure\": 18.92, \"vibration\": 0.062, \"temperature\": 68.5}',0.22),(1265,6,833.174,'2025-04-18 13:34:44','{\"speed\": 813, \"pressure\": 19.27, \"vibration\": 0.043, \"temperature\": 86.4}',0.319),(1266,6,833.195,'2025-04-18 13:34:56','{\"speed\": 876, \"pressure\": 19.31, \"vibration\": 0.059, \"temperature\": 63.8}',0.19),(1267,6,833.216,'2025-04-18 13:35:09','{\"speed\": 870, \"pressure\": 21.39, \"vibration\": 0.07, \"temperature\": 60.9}',0.3),(1268,6,833.237,'2025-04-18 13:35:22','{\"speed\": 852, \"pressure\": 21.48, \"vibration\": 0.027, \"temperature\": 69.8}',0.1),(1269,6,833.258,'2025-04-18 13:35:35','{\"speed\": 885, \"pressure\": 19.71, \"vibration\": 0.052, \"temperature\": 61.6}',0.12),(1270,6,833.281,'2025-04-18 13:35:48','{\"speed\": 804, \"pressure\": 17.44, \"vibration\": 0.067, \"temperature\": 67.5}',0.27),(1271,6,833.302,'2025-04-18 13:36:00','{\"speed\": 817, \"pressure\": 19.1, \"vibration\": 0.039, \"temperature\": 65.2}',0.1),(1272,6,833.323,'2025-04-18 13:36:13','{\"speed\": 891, \"pressure\": 20.89, \"vibration\": 0.07, \"temperature\": 89.8}',0.564),(1273,6,833.346,'2025-04-18 13:36:29','{\"speed\": 885, \"pressure\": 17.02, \"vibration\": 0.078, \"temperature\": 83.8}',0.564),(1274,6,833.372,'2025-04-18 13:36:42','{\"speed\": 900, \"pressure\": 17.48, \"vibration\": 0.053, \"temperature\": 86.8}',0.354),(1275,6,833.393,'2025-04-18 13:36:55','{\"speed\": 828, \"pressure\": 21.05, \"vibration\": 0.029, \"temperature\": 88.4}',0.345),(1276,6,833.414,'2025-04-18 13:37:11','{\"speed\": 862, \"pressure\": 17.19, \"vibration\": 0.055, \"temperature\": 75.2}',0.219),(1277,6,833.442,'2025-04-18 13:37:29','{\"speed\": 838, \"pressure\": 21.25, \"vibration\": 0.045, \"temperature\": 66.6}',0.1),(1278,6,833.471,'2025-04-18 13:37:44','{\"speed\": 801, \"pressure\": 18.85, \"vibration\": 0.035, \"temperature\": 70.1}',0.101),(1279,6,833.496,'2025-04-18 13:37:57','{\"speed\": 868, \"pressure\": 20.67, \"vibration\": 0.059, \"temperature\": 88.3}',0.434),(1280,6,833.517,'2025-04-18 13:38:10','{\"speed\": 813, \"pressure\": 16.71, \"vibration\": 0.02, \"temperature\": 61.3}',0.1),(1281,6,833.538,'2025-04-18 13:38:23','{\"speed\": 840, \"pressure\": 21.06, \"vibration\": 0.066, \"temperature\": 64.5}',0.26),(1282,6,833.56,'2025-04-18 13:38:36','{\"speed\": 895, \"pressure\": 18.93, \"vibration\": 0.036, \"temperature\": 62.6}',0.1),(1283,6,833.581,'2025-04-18 13:38:49','{\"speed\": 803, \"pressure\": 16.76, \"vibration\": 0.028, \"temperature\": 66.6}',0.1),(1284,6,833.602,'2025-04-18 13:39:01','{\"speed\": 869, \"pressure\": 21.29, \"vibration\": 0.021, \"temperature\": 60.7}',0.1),(1285,6,833.623,'2025-04-18 13:39:14','{\"speed\": 850, \"pressure\": 15.9, \"vibration\": 0.033, \"temperature\": 73.8}',0.151),(1286,6,833.644,'2025-04-18 13:39:27','{\"speed\": 862, \"pressure\": 17.71, \"vibration\": 0.074, \"temperature\": 78.2}',0.449),(1287,6,833.665,'2025-04-18 13:39:40','{\"speed\": 853, \"pressure\": 21.56, \"vibration\": 0.05, \"temperature\": 83.5}',0.28),(1288,6,833.686,'2025-04-18 13:39:52','{\"speed\": 874, \"pressure\": 15.53, \"vibration\": 0.076, \"temperature\": 84.0}',0.547),(1289,6,833.707,'2025-04-18 13:40:05','{\"speed\": 854, \"pressure\": 16.35, \"vibration\": 0.026, \"temperature\": 76.5}',0.187),(1290,6,833.728,'2025-04-18 13:40:19','{\"speed\": 862, \"pressure\": 17.9, \"vibration\": 0.057, \"temperature\": 64.0}',0.17),(1291,6,833.752,'2025-04-18 13:40:33','{\"speed\": 866, \"pressure\": 15.33, \"vibration\": 0.053, \"temperature\": 77.2}',0.226),(1292,6,833.773,'2025-04-18 13:40:45','{\"speed\": 812, \"pressure\": 20.91, \"vibration\": 0.049, \"temperature\": 78.1}',0.208),(1293,6,833.794,'2025-04-18 13:40:58','{\"speed\": 804, \"pressure\": 21.95, \"vibration\": 0.061, \"temperature\": 75.0}',0.277),(1294,6,833.815,'2025-04-18 13:41:13','{\"speed\": 880, \"pressure\": 16.32, \"vibration\": 0.049, \"temperature\": 75.0}',0.167),(1295,6,833.84,'2025-04-18 13:41:28','{\"speed\": 850, \"pressure\": 21.97, \"vibration\": 0.033, \"temperature\": 87.1}',0.328),(1296,6,833.866,'2025-04-18 13:41:42','{\"speed\": 804, \"pressure\": 18.61, \"vibration\": 0.03, \"temperature\": 79.2}',0.223),(1297,6,833.888,'2025-04-18 13:41:55','{\"speed\": 896, \"pressure\": 21.83, \"vibration\": 0.071, \"temperature\": 64.9}',0.31),(1298,6,833.909,'2025-04-18 13:42:07','{\"speed\": 882, \"pressure\": 15.27, \"vibration\": 0.022, \"temperature\": 73.8}',0.151),(1299,6,833.93,'2025-04-18 13:42:21','{\"speed\": 872, \"pressure\": 21.08, \"vibration\": 0.021, \"temperature\": 74.4}',0.159),(1300,6,833.953,'2025-04-18 13:42:34','{\"speed\": 881, \"pressure\": 17.38, \"vibration\": 0.079, \"temperature\": 87.1}',0.618),(1301,6,833.974,'2025-04-18 13:42:47','{\"speed\": 845, \"pressure\": 18.88, \"vibration\": 0.032, \"temperature\": 64.9}',0.1),(1302,6,833.995,'2025-04-18 13:43:00','{\"speed\": 847, \"pressure\": 19.38, \"vibration\": 0.044, \"temperature\": 60.7}',0.1),(1303,6,834.016,'2025-04-18 13:43:12','{\"speed\": 845, \"pressure\": 17.77, \"vibration\": 0.06, \"temperature\": 70.1}',0.201),(1304,6,834.037,'2025-04-18 13:43:25','{\"speed\": 855, \"pressure\": 19.91, \"vibration\": 0.034, \"temperature\": 79.4}',0.225),(1305,6,834.058,'2025-04-18 13:43:37','{\"speed\": 893, \"pressure\": 21.2, \"vibration\": 0.022, \"temperature\": 87.2}',0.329),(1306,6,834.079,'2025-04-18 13:43:50','{\"speed\": 847, \"pressure\": 18.81, \"vibration\": 0.058, \"temperature\": 68.5}',0.18),(1307,6,834.1,'2025-04-18 13:44:02','{\"speed\": 832, \"pressure\": 15.63, \"vibration\": 0.072, \"temperature\": 67.7}',0.32),(1308,6,834.12,'2025-04-18 13:44:15','{\"speed\": 811, \"pressure\": 21.65, \"vibration\": 0.069, \"temperature\": 86.6}',0.511),(1309,6,834.141,'2025-04-18 13:44:28','{\"speed\": 882, \"pressure\": 17.06, \"vibration\": 0.031, \"temperature\": 62.5}',0.1),(1310,6,834.162,'2025-04-18 13:44:40','{\"speed\": 823, \"pressure\": 19.08, \"vibration\": 0.047, \"temperature\": 80.0}',0.233),(1311,6,834.183,'2025-04-18 13:44:53','{\"speed\": 835, \"pressure\": 21.53, \"vibration\": 0.068, \"temperature\": 72.9}',0.319),(1312,6,834.205,'2025-04-18 13:45:07','{\"speed\": 844, \"pressure\": 17.79, \"vibration\": 0.076, \"temperature\": 76.9}',0.452),(1313,6,834.227,'2025-04-18 13:45:21','{\"speed\": 886, \"pressure\": 15.74, \"vibration\": 0.022, \"temperature\": 64.1}',0.1),(1314,6,834.25,'2025-04-18 13:45:34','{\"speed\": 890, \"pressure\": 15.87, \"vibration\": 0.063, \"temperature\": 66.1}',0.23),(1315,6,834.272,'2025-04-18 13:45:47','{\"speed\": 900, \"pressure\": 15.23, \"vibration\": 0.037, \"temperature\": 67.9}',0.1),(1316,6,834.294,'2025-04-18 13:46:02','{\"speed\": 821, \"pressure\": 19.83, \"vibration\": 0.053, \"temperature\": 67.3}',0.13),(1317,6,834.32,'2025-04-18 13:46:15','{\"speed\": 802, \"pressure\": 21.32, \"vibration\": 0.041, \"temperature\": 71.1}',0.115),(1318,6,834.341,'2025-04-18 13:46:28','{\"speed\": 808, \"pressure\": 20.9, \"vibration\": 0.066, \"temperature\": 79.6}',0.388),(1319,6,834.363,'2025-04-18 13:46:43','{\"speed\": 884, \"pressure\": 19.83, \"vibration\": 0.02, \"temperature\": 64.7}',0.1),(1320,6,834.389,'2025-04-18 13:46:58','{\"speed\": 814, \"pressure\": 17.39, \"vibration\": 0.023, \"temperature\": 86.0}',0.313),(1321,6,834.414,'2025-04-18 13:47:11','{\"speed\": 807, \"pressure\": 19.07, \"vibration\": 0.076, \"temperature\": 76.8}',0.451),(1322,6,834.435,'2025-04-18 13:47:24','{\"speed\": 894, \"pressure\": 20.29, \"vibration\": 0.042, \"temperature\": 82.7}',0.269),(1323,6,834.456,'2025-04-18 13:47:36','{\"speed\": 873, \"pressure\": 16.77, \"vibration\": 0.06, \"temperature\": 63.6}',0.2),(1324,6,834.477,'2025-04-18 13:47:49','{\"speed\": 869, \"pressure\": 19.18, \"vibration\": 0.036, \"temperature\": 89.8}',0.364),(1325,6,834.498,'2025-04-18 13:48:01','{\"speed\": 808, \"pressure\": 19.62, \"vibration\": 0.025, \"temperature\": 62.3}',0.1),(1326,6,834.519,'2025-04-18 13:48:14','{\"speed\": 843, \"pressure\": 19.38, \"vibration\": 0.021, \"temperature\": 86.0}',0.313),(1327,6,834.54,'2025-04-18 13:48:26','{\"speed\": 802, \"pressure\": 16.0, \"vibration\": 0.065, \"temperature\": 84.0}',0.437),(1328,6,834.561,'2025-04-18 13:48:39','{\"speed\": 890, \"pressure\": 17.83, \"vibration\": 0.063, \"temperature\": 84.3}',0.421),(1329,6,834.582,'2025-04-18 13:48:51','{\"speed\": 887, \"pressure\": 19.11, \"vibration\": 0.034, \"temperature\": 60.6}',0.1),(1330,6,834.603,'2025-04-18 13:49:04','{\"speed\": 880, \"pressure\": 20.71, \"vibration\": 0.07, \"temperature\": 82.2}',0.463),(1331,6,834.623,'2025-04-18 13:49:17','{\"speed\": 880, \"pressure\": 21.46, \"vibration\": 0.047, \"temperature\": 71.7}',0.123),(1332,6,834.643,'2025-04-18 13:49:29','{\"speed\": 896, \"pressure\": 15.5, \"vibration\": 0.066, \"temperature\": 76.5}',0.347),(1333,6,834.664,'2025-04-18 13:49:42','{\"speed\": 834, \"pressure\": 20.64, \"vibration\": 0.038, \"temperature\": 62.3}',0.1),(1334,6,834.686,'2025-04-18 13:49:58','{\"speed\": 881, \"pressure\": 15.26, \"vibration\": 0.056, \"temperature\": 83.7}',0.343),(1335,6,834.714,'2025-04-18 13:50:13','{\"speed\": 823, \"pressure\": 17.48, \"vibration\": 0.038, \"temperature\": 61.8}',0.1),(1336,6,834.74,'2025-04-18 13:50:27','{\"speed\": 817, \"pressure\": 15.57, \"vibration\": 0.06, \"temperature\": 71.2}',0.216),(1337,6,834.762,'2025-04-18 13:50:40','{\"speed\": 821, \"pressure\": 16.35, \"vibration\": 0.02, \"temperature\": 81.5}',0.253),(1338,6,834.783,'2025-04-18 13:50:52','{\"speed\": 814, \"pressure\": 21.82, \"vibration\": 0.048, \"temperature\": 81.9}',0.259),(1339,6,834.804,'2025-04-18 13:51:05','{\"speed\": 876, \"pressure\": 15.41, \"vibration\": 0.072, \"temperature\": 75.5}',0.393),(1340,6,834.825,'2025-04-18 13:51:18','{\"speed\": 892, \"pressure\": 20.03, \"vibration\": 0.076, \"temperature\": 61.2}',0.36),(1341,6,834.846,'2025-04-18 13:51:30','{\"speed\": 880, \"pressure\": 17.73, \"vibration\": 0.076, \"temperature\": 71.0}',0.373),(1342,6,834.867,'2025-04-18 13:51:43','{\"speed\": 800, \"pressure\": 19.04, \"vibration\": 0.043, \"temperature\": 64.8}',0.1),(1343,6,834.888,'2025-04-18 13:51:56','{\"speed\": 835, \"pressure\": 17.35, \"vibration\": 0.051, \"temperature\": 73.1}',0.151),(1344,6,834.909,'2025-04-18 13:52:08','{\"speed\": 826, \"pressure\": 16.38, \"vibration\": 0.077, \"temperature\": 79.8}',0.501),(1345,6,834.93,'2025-04-18 13:52:21','{\"speed\": 871, \"pressure\": 18.29, \"vibration\": 0.061, \"temperature\": 83.1}',0.385),(1346,6,834.951,'2025-04-18 13:52:35','{\"speed\": 896, \"pressure\": 16.64, \"vibration\": 0.048, \"temperature\": 80.1}',0.235),(1347,6,834.975,'2025-04-18 13:52:48','{\"speed\": 832, \"pressure\": 17.88, \"vibration\": 0.041, \"temperature\": 85.8}',0.311),(1348,6,834.997,'2025-04-18 13:53:01','{\"speed\": 844, \"pressure\": 21.01, \"vibration\": 0.067, \"temperature\": 75.5}',0.343),(1349,6,835.018,'2025-04-18 13:53:13','{\"speed\": 814, \"pressure\": 19.34, \"vibration\": 0.046, \"temperature\": 72.6}',0.135),(1350,6,835.039,'2025-04-18 13:53:26','{\"speed\": 900, \"pressure\": 17.48, \"vibration\": 0.065, \"temperature\": 62.2}',0.25),(1351,6,835.061,'2025-04-18 13:53:39','{\"speed\": 884, \"pressure\": 19.35, \"vibration\": 0.041, \"temperature\": 67.0}',0.1),(1352,6,835.082,'2025-04-18 13:53:51','{\"speed\": 850, \"pressure\": 21.8, \"vibration\": 0.034, \"temperature\": 80.4}',0.239),(1353,6,835.103,'2025-04-18 13:54:04','{\"speed\": 875, \"pressure\": 21.03, \"vibration\": 0.067, \"temperature\": 82.5}',0.437),(1354,6,835.124,'2025-04-18 13:54:16','{\"speed\": 833, \"pressure\": 19.98, \"vibration\": 0.077, \"temperature\": 79.4}',0.495),(1355,6,835.145,'2025-04-18 13:54:29','{\"speed\": 888, \"pressure\": 17.2, \"vibration\": 0.039, \"temperature\": 85.5}',0.307),(1356,6,835.167,'2025-04-18 13:54:42','{\"speed\": 835, \"pressure\": 19.43, \"vibration\": 0.042, \"temperature\": 80.3}',0.237),(1357,6,835.189,'2025-04-18 13:54:57','{\"speed\": 874, \"pressure\": 15.23, \"vibration\": 0.078, \"temperature\": 77.1}',0.475),(1358,6,835.213,'2025-04-18 13:55:11','{\"speed\": 840, \"pressure\": 20.78, \"vibration\": 0.043, \"temperature\": 86.2}',0.316),(1359,6,835.237,'2025-04-18 13:55:24','{\"speed\": 898, \"pressure\": 15.88, \"vibration\": 0.032, \"temperature\": 69.4}',0.1),(1360,6,835.258,'2025-04-18 13:55:37','{\"speed\": 856, \"pressure\": 15.61, \"vibration\": 0.03, \"temperature\": 75.1}',0.168),(1361,6,835.28,'2025-04-18 13:55:52','{\"speed\": 853, \"pressure\": 18.43, \"vibration\": 0.036, \"temperature\": 76.9}',0.192),(1362,6,835.305,'2025-04-18 13:56:06','{\"speed\": 894, \"pressure\": 18.3, \"vibration\": 0.026, \"temperature\": 72.2}',0.129),(1363,6,835.328,'2025-04-18 13:56:19','{\"speed\": 882, \"pressure\": 20.31, \"vibration\": 0.078, \"temperature\": 75.0}',0.447),(1364,6,835.349,'2025-04-18 13:56:31','{\"speed\": 849, \"pressure\": 18.74, \"vibration\": 0.043, \"temperature\": 73.9}',0.152),(1365,6,835.37,'2025-04-18 13:56:44','{\"speed\": 814, \"pressure\": 21.04, \"vibration\": 0.021, \"temperature\": 75.9}',0.179),(1366,6,835.391,'2025-04-18 13:56:57','{\"speed\": 838, \"pressure\": 18.82, \"vibration\": 0.07, \"temperature\": 61.6}',0.3),(1367,6,835.412,'2025-04-18 13:57:10','{\"speed\": 850, \"pressure\": 20.37, \"vibration\": 0.068, \"temperature\": 80.5}',0.42),(1368,6,835.433,'2025-04-18 13:57:22','{\"speed\": 837, \"pressure\": 15.19, \"vibration\": 0.071, \"temperature\": 68.8}',0.31),(1369,6,835.454,'2025-04-18 13:57:35','{\"speed\": 875, \"pressure\": 17.77, \"vibration\": 0.052, \"temperature\": 70.6}',0.128),(1370,6,835.475,'2025-04-18 13:57:48','{\"speed\": 855, \"pressure\": 16.69, \"vibration\": 0.042, \"temperature\": 68.8}',0.1),(1371,6,835.496,'2025-04-18 13:58:00','{\"speed\": 856, \"pressure\": 21.91, \"vibration\": 0.061, \"temperature\": 63.2}',0.21),(1372,6,835.518,'2025-04-18 13:58:13','{\"speed\": 865, \"pressure\": 20.28, \"vibration\": 0.038, \"temperature\": 67.2}',0.1),(1373,6,835.54,'2025-04-18 13:58:26','{\"speed\": 804, \"pressure\": 18.94, \"vibration\": 0.073, \"temperature\": 79.0}',0.45),(1374,6,835.561,'2025-04-18 13:58:39','{\"speed\": 883, \"pressure\": 16.01, \"vibration\": 0.055, \"temperature\": 86.0}',0.363),(1375,6,835.582,'2025-04-18 13:58:51','{\"speed\": 832, \"pressure\": 19.41, \"vibration\": 0.028, \"temperature\": 70.0}',0.1),(1376,6,835.603,'2025-04-18 13:59:06','{\"speed\": 877, \"pressure\": 18.33, \"vibration\": 0.072, \"temperature\": 69.2}',0.32),(1377,6,835.626,'2025-04-18 13:59:18','{\"speed\": 835, \"pressure\": 20.2, \"vibration\": 0.041, \"temperature\": 75.2}',0.169),(1378,6,835.647,'2025-04-18 13:59:31','{\"speed\": 808, \"pressure\": 19.96, \"vibration\": 0.034, \"temperature\": 79.8}',0.231),(1379,6,835.668,'2025-04-18 13:59:44','{\"speed\": 805, \"pressure\": 21.0, \"vibration\": 0.026, \"temperature\": 86.6}',0.321),(1380,6,835.689,'2025-04-18 13:59:57','{\"speed\": 859, \"pressure\": 15.67, \"vibration\": 0.063, \"temperature\": 84.3}',0.421),(1381,6,835.71,'2025-04-18 14:00:09','{\"speed\": 875, \"pressure\": 21.33, \"vibration\": 0.032, \"temperature\": 76.7}',0.189),(1382,6,835.731,'2025-04-18 14:00:22','{\"speed\": 824, \"pressure\": 19.22, \"vibration\": 0.057, \"temperature\": 88.5}',0.417),(1383,6,835.752,'2025-04-18 14:00:35','{\"speed\": 885, \"pressure\": 20.94, \"vibration\": 0.026, \"temperature\": 85.7}',0.309),(1384,6,835.774,'2025-04-18 14:00:48','{\"speed\": 899, \"pressure\": 21.83, \"vibration\": 0.08, \"temperature\": 77.1}',0.495),(1385,6,835.796,'2025-04-18 14:01:02','{\"speed\": 847, \"pressure\": 21.02, \"vibration\": 0.029, \"temperature\": 78.4}',0.212),(1386,6,835.818,'2025-04-18 14:01:16','{\"speed\": 833, \"pressure\": 20.98, \"vibration\": 0.052, \"temperature\": 82.1}',0.281),(1387,6,835.843,'2025-04-18 14:01:29','{\"speed\": 847, \"pressure\": 17.92, \"vibration\": 0.032, \"temperature\": 64.8}',0.1),(1388,6,835.865,'2025-04-18 14:01:42','{\"speed\": 882, \"pressure\": 15.45, \"vibration\": 0.038, \"temperature\": 66.6}',0.1),(1389,6,835.886,'2025-04-18 14:01:55','{\"speed\": 860, \"pressure\": 18.68, \"vibration\": 0.074, \"temperature\": 83.2}',0.516),(1390,6,835.908,'2025-04-18 14:02:07','{\"speed\": 871, \"pressure\": 16.31, \"vibration\": 0.039, \"temperature\": 62.1}',0.1),(1391,6,835.93,'2025-04-18 14:02:20','{\"speed\": 804, \"pressure\": 19.21, \"vibration\": 0.072, \"temperature\": 83.5}',0.5),(1392,6,835.951,'2025-04-18 14:02:33','{\"speed\": 822, \"pressure\": 17.23, \"vibration\": 0.059, \"temperature\": 84.8}',0.387),(1393,6,835.972,'2025-04-18 14:02:47','{\"speed\": 860, \"pressure\": 20.47, \"vibration\": 0.047, \"temperature\": 69.6}',0.1),(1394,6,835.995,'2025-04-18 14:02:59','{\"speed\": 874, \"pressure\": 20.07, \"vibration\": 0.061, \"temperature\": 74.8}',0.274),(1395,6,836.016,'2025-04-18 14:03:12','{\"speed\": 808, \"pressure\": 18.83, \"vibration\": 0.077, \"temperature\": 80.8}',0.514),(1396,6,836.038,'2025-04-18 14:03:27','{\"speed\": 894, \"pressure\": 16.28, \"vibration\": 0.059, \"temperature\": 66.7}',0.19),(1397,6,836.063,'2025-04-18 14:03:44','{\"speed\": 896, \"pressure\": 21.65, \"vibration\": 0.035, \"temperature\": 76.8}',0.191),(1398,6,836.063,'2025-04-18 14:05:01','{\"speed\": 893, \"pressure\": 20.02, \"vibration\": 0.04, \"temperature\": 85.9}',0.312),(1399,6,836.085,'2025-04-18 14:05:14','{\"speed\": 891, \"pressure\": 16.73, \"vibration\": 0.05, \"temperature\": 68.5}',0.1),(1400,6,836.106,'2025-04-18 14:05:28','{\"speed\": 899, \"pressure\": 20.93, \"vibration\": 0.057, \"temperature\": 83.5}',0.35),(1401,6,836.13,'2025-04-18 14:05:41','{\"speed\": 853, \"pressure\": 16.26, \"vibration\": 0.065, \"temperature\": 81.1}',0.398),(1402,6,836.151,'2025-04-18 14:05:54','{\"speed\": 843, \"pressure\": 18.74, \"vibration\": 0.046, \"temperature\": 69.7}',0.1),(1403,6,836.172,'2025-04-18 14:06:08','{\"speed\": 822, \"pressure\": 21.16, \"vibration\": 0.073, \"temperature\": 83.2}',0.506),(1404,6,836.172,'2025-04-19 01:49:46','{\"speed\": 873, \"pressure\": 19.94, \"vibration\": 0.074, \"temperature\": 84.0}',0.527),(1405,6,836.193,'2025-04-19 01:49:59','{\"speed\": 810, \"pressure\": 15.91, \"vibration\": 0.065, \"temperature\": 76.4}',0.335),(1406,6,836.215,'2025-04-19 01:50:11','{\"speed\": 888, \"pressure\": 18.08, \"vibration\": 0.077, \"temperature\": 88.4}',0.615),(1407,6,836.236,'2025-04-19 01:50:24','{\"speed\": 847, \"pressure\": 20.02, \"vibration\": 0.044, \"temperature\": 86.6}',0.321),(1408,6,836.257,'2025-04-19 01:50:37','{\"speed\": 820, \"pressure\": 17.41, \"vibration\": 0.022, \"temperature\": 73.2}',0.143),(1409,6,836.278,'2025-04-19 01:50:49','{\"speed\": 808, \"pressure\": 18.79, \"vibration\": 0.046, \"temperature\": 64.5}',0.1),(1410,6,836.299,'2025-04-19 01:51:02','{\"speed\": 870, \"pressure\": 18.59, \"vibration\": 0.041, \"temperature\": 65.1}',0.1),(1411,6,836.32,'2025-04-19 01:51:14','{\"speed\": 800, \"pressure\": 15.08, \"vibration\": 0.023, \"temperature\": 68.7}',0.1),(1412,6,836.34,'2025-04-19 01:51:27','{\"speed\": 897, \"pressure\": 22.0, \"vibration\": 0.047, \"temperature\": 62.1}',0.1),(1413,6,836.361,'2025-04-19 01:51:39','{\"speed\": 802, \"pressure\": 17.24, \"vibration\": 0.054, \"temperature\": 78.0}',0.247),(1414,6,836.382,'2025-04-19 01:51:52','{\"speed\": 896, \"pressure\": 21.75, \"vibration\": 0.021, \"temperature\": 84.9}',0.299),(1415,6,836.402,'2025-04-19 01:52:04','{\"speed\": 875, \"pressure\": 18.3, \"vibration\": 0.057, \"temperature\": 69.4}',0.17),(1416,6,836.423,'2025-04-19 01:52:17','{\"speed\": 888, \"pressure\": 16.92, \"vibration\": 0.07, \"temperature\": 73.5}',0.347),(1417,6,836.444,'2025-04-19 01:52:30','{\"speed\": 877, \"pressure\": 17.87, \"vibration\": 0.071, \"temperature\": 80.8}',0.454),(1418,6,836.465,'2025-04-19 01:52:42','{\"speed\": 842, \"pressure\": 20.46, \"vibration\": 0.071, \"temperature\": 70.5}',0.317),(1419,6,836.486,'2025-04-19 01:52:55','{\"speed\": 867, \"pressure\": 19.92, \"vibration\": 0.06, \"temperature\": 61.4}',0.2),(1420,6,836.506,'2025-04-19 01:53:07','{\"speed\": 820, \"pressure\": 19.78, \"vibration\": 0.028, \"temperature\": 79.9}',0.232),(1421,6,836.528,'2025-04-19 01:53:20','{\"speed\": 835, \"pressure\": 19.84, \"vibration\": 0.053, \"temperature\": 68.3}',0.13),(1422,6,836.549,'2025-04-19 01:53:33','{\"speed\": 879, \"pressure\": 17.77, \"vibration\": 0.02, \"temperature\": 84.3}',0.291),(1423,6,836.57,'2025-04-19 01:53:45','{\"speed\": 875, \"pressure\": 15.49, \"vibration\": 0.055, \"temperature\": 60.8}',0.15),(1424,6,836.591,'2025-04-19 01:53:59','{\"speed\": 871, \"pressure\": 21.6, \"vibration\": 0.024, \"temperature\": 78.9}',0.219),(1425,6,836.613,'2025-04-19 01:54:11','{\"speed\": 859, \"pressure\": 21.0, \"vibration\": 0.067, \"temperature\": 72.9}',0.309),(1426,6,836.635,'2025-04-19 01:54:25','{\"speed\": 892, \"pressure\": 20.52, \"vibration\": 0.073, \"temperature\": 88.3}',0.574),(1427,6,836.658,'2025-04-19 01:54:40','{\"speed\": 872, \"pressure\": 19.44, \"vibration\": 0.03, \"temperature\": 72.6}',0.135),(1428,6,836.683,'2025-04-19 01:54:55','{\"speed\": 854, \"pressure\": 17.64, \"vibration\": 0.044, \"temperature\": 70.5}',0.107),(1429,6,836.709,'2025-04-19 01:55:08','{\"speed\": 822, \"pressure\": 18.27, \"vibration\": 0.044, \"temperature\": 78.8}',0.217),(1430,6,836.73,'2025-04-19 01:55:21','{\"speed\": 897, \"pressure\": 16.83, \"vibration\": 0.077, \"temperature\": 82.8}',0.541),(1431,6,836.751,'2025-04-19 01:55:34','{\"speed\": 829, \"pressure\": 15.23, \"vibration\": 0.031, \"temperature\": 76.6}',0.188),(1432,6,836.774,'2025-04-19 01:55:50','{\"speed\": 852, \"pressure\": 15.07, \"vibration\": 0.024, \"temperature\": 77.3}',0.197),(1433,6,836.8,'2025-04-19 01:56:04','{\"speed\": 837, \"pressure\": 18.99, \"vibration\": 0.074, \"temperature\": 83.2}',0.516),(1434,6,836.822,'2025-04-19 01:56:18','{\"speed\": 888, \"pressure\": 15.92, \"vibration\": 0.044, \"temperature\": 61.1}',0.1),(1435,6,836.845,'2025-04-19 01:56:32','{\"speed\": 878, \"pressure\": 17.63, \"vibration\": 0.03, \"temperature\": 79.9}',0.232),(1436,6,836.869,'2025-04-19 01:56:45','{\"speed\": 896, \"pressure\": 21.64, \"vibration\": 0.069, \"temperature\": 85.3}',0.494),(1437,6,836.89,'2025-04-19 01:56:58','{\"speed\": 880, \"pressure\": 17.75, \"vibration\": 0.038, \"temperature\": 80.8}',0.244),(1438,6,836.911,'2025-04-19 01:57:10','{\"speed\": 827, \"pressure\": 20.23, \"vibration\": 0.028, \"temperature\": 78.4}',0.212),(1439,6,836.932,'2025-04-19 01:57:23','{\"speed\": 865, \"pressure\": 16.86, \"vibration\": 0.045, \"temperature\": 82.7}',0.269),(1440,6,836.954,'2025-04-19 01:57:35','{\"speed\": 802, \"pressure\": 18.96, \"vibration\": 0.047, \"temperature\": 71.4}',0.119),(1441,6,836.975,'2025-04-19 01:57:49','{\"speed\": 822, \"pressure\": 16.39, \"vibration\": 0.061, \"temperature\": 74.6}',0.271),(1442,6,836.997,'2025-04-19 01:58:01','{\"speed\": 868, \"pressure\": 19.51, \"vibration\": 0.021, \"temperature\": 73.9}',0.152),(1443,6,837.018,'2025-04-19 01:58:14','{\"speed\": 836, \"pressure\": 16.01, \"vibration\": 0.072, \"temperature\": 63.7}',0.32),(1444,6,837.039,'2025-04-19 01:58:26','{\"speed\": 821, \"pressure\": 15.06, \"vibration\": 0.078, \"temperature\": 75.3}',0.451),(1445,6,837.039,'2025-04-19 01:58:47','{\"speed\": 818, \"pressure\": 21.12, \"vibration\": 0.023, \"temperature\": 63.9}',0.1),(1446,6,837.039,'2025-04-19 02:57:32','{\"speed\": 810, \"pressure\": 20.4, \"vibration\": 0.066, \"temperature\": 85.8}',0.471),(1447,6,837.06,'2025-04-19 02:57:46','{\"speed\": 862, \"pressure\": 19.58, \"vibration\": 0.032, \"temperature\": 63.9}',0.1),(1448,6,837.084,'2025-04-19 02:57:59','{\"speed\": 818, \"pressure\": 16.84, \"vibration\": 0.073, \"temperature\": 70.0}',0.33),(1449,6,837.105,'2025-04-19 02:58:12','{\"speed\": 816, \"pressure\": 21.72, \"vibration\": 0.064, \"temperature\": 73.2}',0.283),(1450,6,837.105,'2025-04-19 03:01:55','{\"speed\": 878, \"pressure\": 15.34, \"vibration\": 0.075, \"temperature\": 78.3}',0.461),(1451,6,837.126,'2025-04-19 03:02:08','{\"speed\": 865, \"pressure\": 18.04, \"vibration\": 0.076, \"temperature\": 73.8}',0.411),(1452,6,837.149,'2025-04-19 03:02:21','{\"speed\": 802, \"pressure\": 21.88, \"vibration\": 0.076, \"temperature\": 82.1}',0.521),(1453,6,837.17,'2025-04-19 03:02:34','{\"speed\": 801, \"pressure\": 18.5, \"vibration\": 0.073, \"temperature\": 65.9}',0.33),(1454,6,837.191,'2025-04-19 03:02:46','{\"speed\": 873, \"pressure\": 16.81, \"vibration\": 0.058, \"temperature\": 61.3}',0.18),(1455,6,837.212,'2025-04-19 03:02:59','{\"speed\": 884, \"pressure\": 21.65, \"vibration\": 0.072, \"temperature\": 79.8}',0.451),(1456,6,837.233,'2025-04-19 03:03:12','{\"speed\": 803, \"pressure\": 16.44, \"vibration\": 0.033, \"temperature\": 64.1}',0.1),(1457,6,837.254,'2025-04-19 03:03:25','{\"speed\": 885, \"pressure\": 15.99, \"vibration\": 0.033, \"temperature\": 87.7}',0.336),(1458,6,837.275,'2025-04-19 03:03:38','{\"speed\": 832, \"pressure\": 16.79, \"vibration\": 0.05, \"temperature\": 85.1}',0.301),(1459,6,837.297,'2025-04-19 03:03:51','{\"speed\": 811, \"pressure\": 15.2, \"vibration\": 0.028, \"temperature\": 60.8}',0.1),(1460,6,837.319,'2025-04-19 03:04:03','{\"speed\": 805, \"pressure\": 21.93, \"vibration\": 0.036, \"temperature\": 72.4}',0.132),(1461,6,837.34,'2025-04-19 03:04:16','{\"speed\": 865, \"pressure\": 21.17, \"vibration\": 0.07, \"temperature\": 62.2}',0.3),(1462,6,837.361,'2025-04-19 03:04:29','{\"speed\": 893, \"pressure\": 15.03, \"vibration\": 0.026, \"temperature\": 63.2}',0.1),(1463,6,837.383,'2025-04-19 03:04:42','{\"speed\": 842, \"pressure\": 19.28, \"vibration\": 0.068, \"temperature\": 64.4}',0.28),(1464,6,837.405,'2025-04-19 03:04:55','{\"speed\": 831, \"pressure\": 18.42, \"vibration\": 0.041, \"temperature\": 63.4}',0.1),(1465,6,837.426,'2025-04-19 03:05:08','{\"speed\": 900, \"pressure\": 18.76, \"vibration\": 0.077, \"temperature\": 88.4}',0.615),(1466,6,837.448,'2025-04-19 03:05:21','{\"speed\": 835, \"pressure\": 16.16, \"vibration\": 0.073, \"temperature\": 78.2}',0.439),(1467,6,837.469,'2025-04-19 03:05:33','{\"speed\": 809, \"pressure\": 18.69, \"vibration\": 0.059, \"temperature\": 89.4}',0.449),(1468,6,837.49,'2025-04-19 03:05:46','{\"speed\": 812, \"pressure\": 17.73, \"vibration\": 0.034, \"temperature\": 81.9}',0.259),(1469,6,837.51,'2025-04-19 03:05:58','{\"speed\": 830, \"pressure\": 15.41, \"vibration\": 0.066, \"temperature\": 66.5}',0.26),(1470,6,837.531,'2025-04-19 03:06:11','{\"speed\": 808, \"pressure\": 18.71, \"vibration\": 0.046, \"temperature\": 81.7}',0.256),(1471,6,837.552,'2025-04-19 03:06:24','{\"speed\": 834, \"pressure\": 18.34, \"vibration\": 0.043, \"temperature\": 69.7}',0.1),(1472,6,837.573,'2025-04-19 03:06:36','{\"speed\": 896, \"pressure\": 15.49, \"vibration\": 0.032, \"temperature\": 85.5}',0.307),(1473,6,837.594,'2025-04-19 03:06:49','{\"speed\": 808, \"pressure\": 19.65, \"vibration\": 0.074, \"temperature\": 78.1}',0.448),(1474,6,837.615,'2025-04-19 03:07:01','{\"speed\": 885, \"pressure\": 21.96, \"vibration\": 0.034, \"temperature\": 62.3}',0.1),(1475,6,837.635,'2025-04-19 03:07:14','{\"speed\": 883, \"pressure\": 21.55, \"vibration\": 0.053, \"temperature\": 60.3}',0.13),(1476,6,837.656,'2025-04-19 03:07:26','{\"speed\": 881, \"pressure\": 19.17, \"vibration\": 0.054, \"temperature\": 78.3}',0.251),(1477,6,837.677,'2025-04-19 03:07:39','{\"speed\": 898, \"pressure\": 15.38, \"vibration\": 0.069, \"temperature\": 71.0}',0.303),(1478,6,837.698,'2025-04-19 03:07:51','{\"speed\": 841, \"pressure\": 21.18, \"vibration\": 0.039, \"temperature\": 65.2}',0.1),(1479,6,837.719,'2025-04-19 03:08:04','{\"speed\": 880, \"pressure\": 17.77, \"vibration\": 0.053, \"temperature\": 87.9}',0.369),(1480,6,837.74,'2025-04-19 03:08:16','{\"speed\": 844, \"pressure\": 18.09, \"vibration\": 0.053, \"temperature\": 67.5}',0.13),(1481,6,837.761,'2025-04-19 03:08:29','{\"speed\": 816, \"pressure\": 19.73, \"vibration\": 0.044, \"temperature\": 63.0}',0.1),(1482,6,837.782,'2025-04-19 03:08:41','{\"speed\": 895, \"pressure\": 18.56, \"vibration\": 0.062, \"temperature\": 70.1}',0.221),(1483,6,837.802,'2025-04-19 03:08:54','{\"speed\": 800, \"pressure\": 19.09, \"vibration\": 0.058, \"temperature\": 78.1}',0.288),(1484,6,837.823,'2025-04-19 03:09:06','{\"speed\": 898, \"pressure\": 20.56, \"vibration\": 0.043, \"temperature\": 65.1}',0.1),(1485,6,837.843,'2025-04-19 03:09:19','{\"speed\": 872, \"pressure\": 21.38, \"vibration\": 0.076, \"temperature\": 61.4}',0.36),(1486,6,837.864,'2025-04-19 03:09:31','{\"speed\": 803, \"pressure\": 16.17, \"vibration\": 0.04, \"temperature\": 68.6}',0.1),(1487,6,837.885,'2025-04-19 03:09:44','{\"speed\": 870, \"pressure\": 16.74, \"vibration\": 0.031, \"temperature\": 62.7}',0.1),(1488,6,837.906,'2025-04-19 03:09:57','{\"speed\": 818, \"pressure\": 20.22, \"vibration\": 0.024, \"temperature\": 84.5}',0.293),(1489,6,837.927,'2025-04-19 03:10:09','{\"speed\": 864, \"pressure\": 15.6, \"vibration\": 0.046, \"temperature\": 88.3}',0.344),(1490,6,837.948,'2025-04-19 03:10:22','{\"speed\": 845, \"pressure\": 17.44, \"vibration\": 0.068, \"temperature\": 62.9}',0.28),(1491,6,837.969,'2025-04-19 03:10:34','{\"speed\": 887, \"pressure\": 15.94, \"vibration\": 0.029, \"temperature\": 60.5}',0.1),(1492,6,837.99,'2025-04-19 03:10:47','{\"speed\": 880, \"pressure\": 16.73, \"vibration\": 0.07, \"temperature\": 65.0}',0.3),(1493,6,838.011,'2025-04-19 03:10:59','{\"speed\": 865, \"pressure\": 17.18, \"vibration\": 0.069, \"temperature\": 84.0}',0.477),(1494,6,838.032,'2025-04-19 03:11:12','{\"speed\": 837, \"pressure\": 21.96, \"vibration\": 0.049, \"temperature\": 64.5}',0.1),(1495,6,838.053,'2025-04-19 03:11:24','{\"speed\": 854, \"pressure\": 19.58, \"vibration\": 0.043, \"temperature\": 84.6}',0.295),(1496,6,838.074,'2025-04-19 03:11:39','{\"speed\": 895, \"pressure\": 16.27, \"vibration\": 0.035, \"temperature\": 60.8}',0.1),(1497,6,838.098,'2025-04-19 03:11:52','{\"speed\": 801, \"pressure\": 17.89, \"vibration\": 0.075, \"temperature\": 70.1}',0.351),(1498,6,838.12,'2025-04-19 03:12:05','{\"speed\": 886, \"pressure\": 20.74, \"vibration\": 0.025, \"temperature\": 85.9}',0.312),(1499,6,838.141,'2025-04-19 03:12:17','{\"speed\": 865, \"pressure\": 19.2, \"vibration\": 0.057, \"temperature\": 62.0}',0.17),(1500,6,838.162,'2025-04-19 03:12:30','{\"speed\": 840, \"pressure\": 19.89, \"vibration\": 0.058, \"temperature\": 65.8}',0.18),(1501,6,838.184,'2025-04-19 03:12:43','{\"speed\": 859, \"pressure\": 18.61, \"vibration\": 0.069, \"temperature\": 63.2}',0.29),(1502,6,838.205,'2025-04-19 03:12:56','{\"speed\": 899, \"pressure\": 18.1, \"vibration\": 0.045, \"temperature\": 84.1}',0.288),(1503,6,838.226,'2025-04-19 03:13:08','{\"speed\": 826, \"pressure\": 21.68, \"vibration\": 0.062, \"temperature\": 89.6}',0.481),(1504,6,838.246,'2025-04-19 03:13:21','{\"speed\": 870, \"pressure\": 21.24, \"vibration\": 0.064, \"temperature\": 60.3}',0.24),(1505,6,838.267,'2025-04-19 03:13:33','{\"speed\": 857, \"pressure\": 18.72, \"vibration\": 0.044, \"temperature\": 81.9}',0.259),(1506,6,838.288,'2025-04-19 03:13:46','{\"speed\": 806, \"pressure\": 18.36, \"vibration\": 0.045, \"temperature\": 62.3}',0.1),(1507,6,838.309,'2025-04-19 03:13:58','{\"speed\": 900, \"pressure\": 20.16, \"vibration\": 0.078, \"temperature\": 85.1}',0.581),(1508,6,838.33,'2025-04-19 03:14:11','{\"speed\": 866, \"pressure\": 21.34, \"vibration\": 0.031, \"temperature\": 77.1}',0.195),(1509,6,838.351,'2025-04-19 03:14:23','{\"speed\": 840, \"pressure\": 18.37, \"vibration\": 0.074, \"temperature\": 62.8}',0.34),(1510,6,838.372,'2025-04-19 03:14:36','{\"speed\": 803, \"pressure\": 20.52, \"vibration\": 0.043, \"temperature\": 77.3}',0.197),(1511,6,838.393,'2025-04-19 03:14:48','{\"speed\": 878, \"pressure\": 20.58, \"vibration\": 0.064, \"temperature\": 72.4}',0.272),(1512,6,838.413,'2025-04-19 03:15:01','{\"speed\": 857, \"pressure\": 17.69, \"vibration\": 0.021, \"temperature\": 75.1}',0.168),(1513,6,838.434,'2025-04-19 03:15:13','{\"speed\": 869, \"pressure\": 19.93, \"vibration\": 0.043, \"temperature\": 71.7}',0.123),(1514,6,838.455,'2025-04-19 03:15:26','{\"speed\": 826, \"pressure\": 19.21, \"vibration\": 0.036, \"temperature\": 77.9}',0.205),(1515,6,838.476,'2025-04-19 03:15:38','{\"speed\": 863, \"pressure\": 19.47, \"vibration\": 0.021, \"temperature\": 69.1}',0.1),(1516,6,838.497,'2025-04-19 03:15:51','{\"speed\": 865, \"pressure\": 21.69, \"vibration\": 0.051, \"temperature\": 79.6}',0.238),(1517,6,838.518,'2025-04-19 03:16:04','{\"speed\": 829, \"pressure\": 16.94, \"vibration\": 0.037, \"temperature\": 71.0}',0.113),(1518,6,838.54,'2025-04-19 03:16:17','{\"speed\": 839, \"pressure\": 21.98, \"vibration\": 0.06, \"temperature\": 82.7}',0.369),(1519,6,838.561,'2025-04-19 03:16:29','{\"speed\": 813, \"pressure\": 16.7, \"vibration\": 0.066, \"temperature\": 62.1}',0.26),(1520,6,838.582,'2025-04-19 03:16:42','{\"speed\": 885, \"pressure\": 17.02, \"vibration\": 0.05, \"temperature\": 84.0}',0.287),(1521,6,838.603,'2025-04-19 03:16:55','{\"speed\": 867, \"pressure\": 21.96, \"vibration\": 0.026, \"temperature\": 71.5}',0.12),(1522,6,838.624,'2025-04-19 03:17:07','{\"speed\": 849, \"pressure\": 20.63, \"vibration\": 0.076, \"temperature\": 70.5}',0.367),(1523,6,838.645,'2025-04-19 03:17:20','{\"speed\": 843, \"pressure\": 18.2, \"vibration\": 0.051, \"temperature\": 74.2}',0.166),(1524,6,838.666,'2025-04-19 03:17:33','{\"speed\": 894, \"pressure\": 20.8, \"vibration\": 0.05, \"temperature\": 67.8}',0.1),(1525,6,838.687,'2025-04-19 03:17:45','{\"speed\": 865, \"pressure\": 18.65, \"vibration\": 0.08, \"temperature\": 64.1}',0.4),(1526,6,838.708,'2025-04-19 03:17:58','{\"speed\": 843, \"pressure\": 16.97, \"vibration\": 0.079, \"temperature\": 78.0}',0.497),(1527,6,838.729,'2025-04-19 03:18:10','{\"speed\": 815, \"pressure\": 19.89, \"vibration\": 0.041, \"temperature\": 68.1}',0.1),(1528,6,838.75,'2025-04-19 03:18:23','{\"speed\": 874, \"pressure\": 20.33, \"vibration\": 0.06, \"temperature\": 66.3}',0.2),(1529,6,838.771,'2025-04-19 03:18:35','{\"speed\": 883, \"pressure\": 17.49, \"vibration\": 0.073, \"temperature\": 80.1}',0.465),(1530,6,838.792,'2025-04-19 03:18:48','{\"speed\": 845, \"pressure\": 21.45, \"vibration\": 0.04, \"temperature\": 85.9}',0.312),(1531,6,838.813,'2025-04-19 03:19:01','{\"speed\": 813, \"pressure\": 17.32, \"vibration\": 0.073, \"temperature\": 64.9}',0.33),(1532,6,838.834,'2025-04-19 03:19:13','{\"speed\": 818, \"pressure\": 15.55, \"vibration\": 0.068, \"temperature\": 67.6}',0.28),(1533,6,838.854,'2025-04-19 03:19:26','{\"speed\": 823, \"pressure\": 19.09, \"vibration\": 0.054, \"temperature\": 87.1}',0.368),(1534,6,838.875,'2025-04-19 03:19:40','{\"speed\": 813, \"pressure\": 17.76, \"vibration\": 0.033, \"temperature\": 66.8}',0.1),(1535,6,838.898,'2025-04-19 03:19:53','{\"speed\": 814, \"pressure\": 19.18, \"vibration\": 0.045, \"temperature\": 76.8}',0.191),(1536,6,838.92,'2025-04-19 03:20:06','{\"speed\": 815, \"pressure\": 21.15, \"vibration\": 0.031, \"temperature\": 64.7}',0.1),(1537,6,838.941,'2025-04-19 03:20:19','{\"speed\": 858, \"pressure\": 21.31, \"vibration\": 0.038, \"temperature\": 69.7}',0.1),(1538,6,838.962,'2025-04-19 03:20:31','{\"speed\": 895, \"pressure\": 17.46, \"vibration\": 0.029, \"temperature\": 75.2}',0.169),(1539,6,838.983,'2025-04-19 03:20:44','{\"speed\": 841, \"pressure\": 21.24, \"vibration\": 0.02, \"temperature\": 87.1}',0.328),(1540,6,839.005,'2025-04-19 03:20:57','{\"speed\": 822, \"pressure\": 21.71, \"vibration\": 0.068, \"temperature\": 74.1}',0.335),(1541,6,839.026,'2025-04-19 03:21:10','{\"speed\": 889, \"pressure\": 20.66, \"vibration\": 0.026, \"temperature\": 60.4}',0.1),(1542,6,839.047,'2025-04-19 03:21:22','{\"speed\": 872, \"pressure\": 15.4, \"vibration\": 0.051, \"temperature\": 60.6}',0.11),(1543,6,839.068,'2025-04-19 03:21:35','{\"speed\": 858, \"pressure\": 16.18, \"vibration\": 0.022, \"temperature\": 64.9}',0.1),(1544,6,839.089,'2025-04-19 03:21:47','{\"speed\": 819, \"pressure\": 18.01, \"vibration\": 0.04, \"temperature\": 77.9}',0.205),(1545,6,839.11,'2025-04-19 03:22:00','{\"speed\": 808, \"pressure\": 15.69, \"vibration\": 0.039, \"temperature\": 69.1}',0.1),(1546,6,839.131,'2025-04-19 03:22:12','{\"speed\": 829, \"pressure\": 19.18, \"vibration\": 0.041, \"temperature\": 73.0}',0.14),(1547,6,839.151,'2025-04-19 03:22:25','{\"speed\": 822, \"pressure\": 15.41, \"vibration\": 0.04, \"temperature\": 77.5}',0.2),(1548,6,839.172,'2025-04-19 03:22:37','{\"speed\": 855, \"pressure\": 15.63, \"vibration\": 0.027, \"temperature\": 75.2}',0.169),(1549,6,839.193,'2025-04-19 03:22:50','{\"speed\": 821, \"pressure\": 16.31, \"vibration\": 0.051, \"temperature\": 74.2}',0.166),(1550,6,839.214,'2025-04-19 03:23:02','{\"speed\": 825, \"pressure\": 20.7, \"vibration\": 0.062, \"temperature\": 65.8}',0.22),(1551,6,839.235,'2025-04-19 03:23:15','{\"speed\": 847, \"pressure\": 19.59, \"vibration\": 0.072, \"temperature\": 79.2}',0.443),(1552,6,839.256,'2025-04-19 03:23:27','{\"speed\": 836, \"pressure\": 21.99, \"vibration\": 0.077, \"temperature\": 77.5}',0.47),(1553,6,839.277,'2025-04-19 03:23:40','{\"speed\": 832, \"pressure\": 16.84, \"vibration\": 0.078, \"temperature\": 68.4}',0.38),(1554,6,839.298,'2025-04-19 03:23:52','{\"speed\": 829, \"pressure\": 16.52, \"vibration\": 0.062, \"temperature\": 65.2}',0.22),(1555,6,839.319,'2025-04-19 03:24:05','{\"speed\": 832, \"pressure\": 16.52, \"vibration\": 0.042, \"temperature\": 66.4}',0.1),(1556,6,839.34,'2025-04-19 03:24:18','{\"speed\": 870, \"pressure\": 21.26, \"vibration\": 0.042, \"temperature\": 89.0}',0.353),(1557,6,839.361,'2025-04-19 03:24:30','{\"speed\": 838, \"pressure\": 20.16, \"vibration\": 0.079, \"temperature\": 69.9}',0.39),(1558,6,839.382,'2025-04-19 03:24:43','{\"speed\": 854, \"pressure\": 15.68, \"vibration\": 0.046, \"temperature\": 75.9}',0.179),(1559,6,839.403,'2025-04-19 03:24:55','{\"speed\": 900, \"pressure\": 15.99, \"vibration\": 0.067, \"temperature\": 88.2}',0.513),(1560,6,839.424,'2025-04-19 03:25:08','{\"speed\": 826, \"pressure\": 19.56, \"vibration\": 0.045, \"temperature\": 78.5}',0.213),(1561,6,839.444,'2025-04-19 03:25:20','{\"speed\": 869, \"pressure\": 21.55, \"vibration\": 0.047, \"temperature\": 80.8}',0.244),(1562,6,839.465,'2025-04-19 03:25:33','{\"speed\": 805, \"pressure\": 18.89, \"vibration\": 0.027, \"temperature\": 85.2}',0.303),(1563,6,839.485,'2025-04-19 03:25:45','{\"speed\": 888, \"pressure\": 16.1, \"vibration\": 0.065, \"temperature\": 66.4}',0.25),(1564,6,839.506,'2025-04-19 03:25:58','{\"speed\": 813, \"pressure\": 16.33, \"vibration\": 0.036, \"temperature\": 69.6}',0.1),(1565,6,839.527,'2025-04-19 03:26:10','{\"speed\": 860, \"pressure\": 17.72, \"vibration\": 0.065, \"temperature\": 89.7}',0.513),(1566,6,839.548,'2025-04-19 03:26:23','{\"speed\": 805, \"pressure\": 20.95, \"vibration\": 0.078, \"temperature\": 80.9}',0.525),(1567,6,839.569,'2025-04-19 03:26:36','{\"speed\": 831, \"pressure\": 19.43, \"vibration\": 0.037, \"temperature\": 74.8}',0.164),(1568,6,839.59,'2025-04-19 03:26:48','{\"speed\": 841, \"pressure\": 18.48, \"vibration\": 0.077, \"temperature\": 75.8}',0.447),(1569,6,839.611,'2025-04-19 03:27:01','{\"speed\": 892, \"pressure\": 19.78, \"vibration\": 0.064, \"temperature\": 88.9}',0.492),(1570,6,839.632,'2025-04-19 03:27:13','{\"speed\": 826, \"pressure\": 15.48, \"vibration\": 0.037, \"temperature\": 66.1}',0.1),(1571,6,839.653,'2025-04-19 03:27:26','{\"speed\": 897, \"pressure\": 17.95, \"vibration\": 0.076, \"temperature\": 86.0}',0.573),(1572,6,839.675,'2025-04-19 03:27:39','{\"speed\": 835, \"pressure\": 20.91, \"vibration\": 0.027, \"temperature\": 89.7}',0.363),(1573,6,839.697,'2025-04-19 03:27:52','{\"speed\": 834, \"pressure\": 17.23, \"vibration\": 0.071, \"temperature\": 74.8}',0.374),(1574,6,839.718,'2025-04-19 03:28:04','{\"speed\": 871, \"pressure\": 18.48, \"vibration\": 0.078, \"temperature\": 61.2}',0.38),(1575,6,839.739,'2025-04-19 03:28:17','{\"speed\": 826, \"pressure\": 19.12, \"vibration\": 0.061, \"temperature\": 83.6}',0.391),(1576,6,839.761,'2025-04-19 03:28:30','{\"speed\": 894, \"pressure\": 16.49, \"vibration\": 0.053, \"temperature\": 66.2}',0.13),(1577,6,839.782,'2025-04-19 03:28:43','{\"speed\": 869, \"pressure\": 16.14, \"vibration\": 0.036, \"temperature\": 77.1}',0.195),(1578,6,839.803,'2025-04-19 03:28:55','{\"speed\": 877, \"pressure\": 16.17, \"vibration\": 0.06, \"temperature\": 89.4}',0.459),(1579,6,839.823,'2025-04-19 03:29:08','{\"speed\": 830, \"pressure\": 21.94, \"vibration\": 0.067, \"temperature\": 75.0}',0.337),(1580,6,839.823,'2025-04-19 10:33:29','{\"speed\": 810, \"pressure\": 19.86, \"vibration\": 0.065, \"temperature\": 80.8}',0.394),(1581,6,839.844,'2025-04-19 10:33:42','{\"speed\": 896, \"pressure\": 19.3, \"vibration\": 0.055, \"temperature\": 68.1}',0.15),(1582,6,839.866,'2025-04-19 10:33:55','{\"speed\": 825, \"pressure\": 20.68, \"vibration\": 0.032, \"temperature\": 77.5}',0.2),(1583,6,839.888,'2025-04-19 10:34:08','{\"speed\": 887, \"pressure\": 21.33, \"vibration\": 0.065, \"temperature\": 83.2}',0.426),(1584,6,839.909,'2025-04-19 10:34:20','{\"speed\": 839, \"pressure\": 16.37, \"vibration\": 0.031, \"temperature\": 78.8}',0.217),(1585,6,839.93,'2025-04-19 10:34:35','{\"speed\": 821, \"pressure\": 20.23, \"vibration\": 0.07, \"temperature\": 65.5}',0.3),(1586,6,839.954,'2025-04-19 10:34:48','{\"speed\": 859, \"pressure\": 18.9, \"vibration\": 0.07, \"temperature\": 78.7}',0.416),(1587,6,839.975,'2025-04-19 10:35:00','{\"speed\": 884, \"pressure\": 17.62, \"vibration\": 0.055, \"temperature\": 60.1}',0.15),(1588,6,839.996,'2025-04-19 10:35:14','{\"speed\": 876, \"pressure\": 18.16, \"vibration\": 0.071, \"temperature\": 61.3}',0.31),(1589,6,840.02,'2025-04-19 10:35:27','{\"speed\": 899, \"pressure\": 15.49, \"vibration\": 0.057, \"temperature\": 81.3}',0.321),(1590,6,840.041,'2025-04-19 10:35:40','{\"speed\": 861, \"pressure\": 17.4, \"vibration\": 0.037, \"temperature\": 81.8}',0.257),(1591,6,840.062,'2025-04-19 10:35:53','{\"speed\": 863, \"pressure\": 17.41, \"vibration\": 0.037, \"temperature\": 66.2}',0.1),(1592,6,840.083,'2025-04-19 10:36:05','{\"speed\": 841, \"pressure\": 19.69, \"vibration\": 0.03, \"temperature\": 63.5}',0.1),(1593,6,840.104,'2025-04-19 10:36:18','{\"speed\": 862, \"pressure\": 17.39, \"vibration\": 0.058, \"temperature\": 76.9}',0.272),(1594,6,840.125,'2025-04-19 10:36:31','{\"speed\": 804, \"pressure\": 18.37, \"vibration\": 0.067, \"temperature\": 81.5}',0.423),(1595,6,840.146,'2025-04-19 10:36:43','{\"speed\": 821, \"pressure\": 20.51, \"vibration\": 0.038, \"temperature\": 68.0}',0.1),(1596,6,840.167,'2025-04-19 10:36:56','{\"speed\": 854, \"pressure\": 18.15, \"vibration\": 0.066, \"temperature\": 68.2}',0.26),(1597,6,840.188,'2025-04-19 10:37:08','{\"speed\": 801, \"pressure\": 19.57, \"vibration\": 0.058, \"temperature\": 65.0}',0.18),(1598,6,840.209,'2025-04-19 10:37:21','{\"speed\": 873, \"pressure\": 16.65, \"vibration\": 0.051, \"temperature\": 63.6}',0.11),(1599,6,840.23,'2025-04-19 10:37:34','{\"speed\": 858, \"pressure\": 20.61, \"vibration\": 0.04, \"temperature\": 63.1}',0.1),(1600,6,840.251,'2025-04-19 10:37:46','{\"speed\": 802, \"pressure\": 20.23, \"vibration\": 0.037, \"temperature\": 89.9}',0.365),(1601,6,840.272,'2025-04-19 10:37:59','{\"speed\": 864, \"pressure\": 21.08, \"vibration\": 0.024, \"temperature\": 89.0}',0.353),(1602,6,840.293,'2025-04-19 10:38:12','{\"speed\": 835, \"pressure\": 16.39, \"vibration\": 0.076, \"temperature\": 61.1}',0.36),(1603,6,840.293,'2025-04-20 14:37:02','{\"speed\": 860, \"pressure\": 20.51, \"vibration\": 0.047, \"temperature\": 83.1}',0.275),(1604,6,840.314,'2025-04-20 14:37:15','{\"speed\": 848, \"pressure\": 16.15, \"vibration\": 0.02, \"temperature\": 63.8}',0.1),(1605,6,840.336,'2025-04-20 14:37:28','{\"speed\": 847, \"pressure\": 15.65, \"vibration\": 0.073, \"temperature\": 85.2}',0.533),(1606,6,840.357,'2025-04-20 14:37:41','{\"speed\": 879, \"pressure\": 15.99, \"vibration\": 0.031, \"temperature\": 69.5}',0.1),(1607,6,840.378,'2025-04-20 14:37:53','{\"speed\": 805, \"pressure\": 21.52, \"vibration\": 0.053, \"temperature\": 70.7}',0.139),(1608,6,840.4,'2025-04-20 14:38:06','{\"speed\": 808, \"pressure\": 16.13, \"vibration\": 0.026, \"temperature\": 84.5}',0.293),(1609,6,840.422,'2025-04-20 14:38:19','{\"speed\": 874, \"pressure\": 16.54, \"vibration\": 0.067, \"temperature\": 65.9}',0.27),(1610,6,840.443,'2025-04-20 14:38:32','{\"speed\": 886, \"pressure\": 21.59, \"vibration\": 0.057, \"temperature\": 78.4}',0.282),(1611,6,840.464,'2025-04-20 14:38:44','{\"speed\": 814, \"pressure\": 18.4, \"vibration\": 0.069, \"temperature\": 86.0}',0.503),(1612,6,840.485,'2025-04-20 14:38:57','{\"speed\": 826, \"pressure\": 18.17, \"vibration\": 0.046, \"temperature\": 83.0}',0.273),(1613,6,840.506,'2025-04-20 14:39:10','{\"speed\": 841, \"pressure\": 16.42, \"vibration\": 0.034, \"temperature\": 89.0}',0.353),(1614,6,840.527,'2025-04-20 14:39:22','{\"speed\": 851, \"pressure\": 18.69, \"vibration\": 0.038, \"temperature\": 86.2}',0.316),(1615,6,840.527,'2025-04-21 07:35:59','{\"speed\": 890, \"pressure\": 18.96, \"vibration\": 0.026, \"temperature\": 69.1}',0.1),(1616,6,840.549,'2025-04-21 07:36:11','{\"speed\": 852, \"pressure\": 19.37, \"vibration\": 0.055, \"temperature\": 77.8}',0.254),(1617,6,840.549,'2025-04-21 07:36:23','{\"speed\": 845, \"pressure\": 19.5, \"vibration\": 0.05, \"temperature\": 74.1}',0.155),(1618,6,840.57,'2025-04-21 07:36:35','{\"speed\": 850, \"pressure\": 19.79, \"vibration\": 0.027, \"temperature\": 74.7}',0.163),(1619,6,840.591,'2025-04-21 07:36:48','{\"speed\": 865, \"pressure\": 18.71, \"vibration\": 0.031, \"temperature\": 87.5}',0.333),(1620,6,840.591,'2025-04-21 10:43:51','{\"speed\": 868, \"pressure\": 17.68, \"vibration\": 0.065, \"temperature\": 89.9}',0.515),(1621,6,840.612,'2025-04-21 10:44:04','{\"speed\": 842, \"pressure\": 17.63, \"vibration\": 0.049, \"temperature\": 89.1}',0.355),(1622,6,840.634,'2025-04-21 10:44:18','{\"speed\": 823, \"pressure\": 18.87, \"vibration\": 0.046, \"temperature\": 71.8}',0.124),(1623,6,840.655,'2025-04-21 10:44:31','{\"speed\": 831, \"pressure\": 17.4, \"vibration\": 0.063, \"temperature\": 79.6}',0.358),(1624,6,840.677,'2025-04-21 10:44:43','{\"speed\": 847, \"pressure\": 21.09, \"vibration\": 0.073, \"temperature\": 66.6}',0.33),(1625,6,840.698,'2025-04-21 10:44:56','{\"speed\": 824, \"pressure\": 19.58, \"vibration\": 0.044, \"temperature\": 77.4}',0.199),(1626,6,840.719,'2025-04-21 10:45:08','{\"speed\": 880, \"pressure\": 18.62, \"vibration\": 0.036, \"temperature\": 86.3}',0.317),(1627,6,840.74,'2025-04-21 10:45:21','{\"speed\": 837, \"pressure\": 17.38, \"vibration\": 0.026, \"temperature\": 67.0}',0.1),(1628,6,840.761,'2025-04-21 10:45:33','{\"speed\": 898, \"pressure\": 21.83, \"vibration\": 0.035, \"temperature\": 82.8}',0.271),(1629,6,840.782,'2025-04-21 10:45:45','{\"speed\": 855, \"pressure\": 21.02, \"vibration\": 0.035, \"temperature\": 85.7}',0.309),(1630,6,840.803,'2025-04-21 10:45:59','{\"speed\": 877, \"pressure\": 21.72, \"vibration\": 0.042, \"temperature\": 62.5}',0.1),(1631,6,840.826,'2025-04-21 10:46:13','{\"speed\": 844, \"pressure\": 16.96, \"vibration\": 0.042, \"temperature\": 61.2}',0.1),(1632,6,840.849,'2025-04-21 10:46:27','{\"speed\": 834, \"pressure\": 21.98, \"vibration\": 0.062, \"temperature\": 66.3}',0.22),(1633,6,840.873,'2025-04-21 10:46:40','{\"speed\": 812, \"pressure\": 20.76, \"vibration\": 0.078, \"temperature\": 77.5}',0.48),(1634,6,840.895,'2025-04-21 10:46:52','{\"speed\": 852, \"pressure\": 15.34, \"vibration\": 0.073, \"temperature\": 72.6}',0.365),(1635,6,840.915,'2025-04-21 10:47:05','{\"speed\": 865, \"pressure\": 18.16, \"vibration\": 0.034, \"temperature\": 77.7}',0.203),(1636,6,840.936,'2025-04-21 10:47:18','{\"speed\": 834, \"pressure\": 21.66, \"vibration\": 0.032, \"temperature\": 71.1}',0.115),(1637,6,840.958,'2025-04-21 10:47:31','{\"speed\": 831, \"pressure\": 20.24, \"vibration\": 0.026, \"temperature\": 75.4}',0.172),(1638,6,840.979,'2025-04-21 10:47:44','{\"speed\": 892, \"pressure\": 21.56, \"vibration\": 0.075, \"temperature\": 60.3}',0.35),(1639,6,840.999,'2025-04-21 10:47:56','{\"speed\": 836, \"pressure\": 20.47, \"vibration\": 0.037, \"temperature\": 69.6}',0.1),(1640,6,841.02,'2025-04-21 10:48:09','{\"speed\": 852, \"pressure\": 20.81, \"vibration\": 0.065, \"temperature\": 77.6}',0.351),(1641,6,841.041,'2025-04-21 10:48:21','{\"speed\": 895, \"pressure\": 21.21, \"vibration\": 0.073, \"temperature\": 62.2}',0.33),(1642,6,841.062,'2025-04-21 10:48:33','{\"speed\": 806, \"pressure\": 19.21, \"vibration\": 0.05, \"temperature\": 83.3}',0.277),(1643,6,841.083,'2025-04-21 10:48:46','{\"speed\": 873, \"pressure\": 18.7, \"vibration\": 0.071, \"temperature\": 68.9}',0.31),(1644,6,841.104,'2025-04-21 10:48:58','{\"speed\": 840, \"pressure\": 19.49, \"vibration\": 0.073, \"temperature\": 79.7}',0.459),(1645,6,841.125,'2025-04-21 10:49:13','{\"speed\": 835, \"pressure\": 20.84, \"vibration\": 0.023, \"temperature\": 65.7}',0.1),(1646,6,841.149,'2025-04-21 10:49:26','{\"speed\": 844, \"pressure\": 16.16, \"vibration\": 0.044, \"temperature\": 71.0}',0.113),(1647,6,841.172,'2025-04-21 10:49:39','{\"speed\": 830, \"pressure\": 17.74, \"vibration\": 0.058, \"temperature\": 85.7}',0.389),(1648,6,841.193,'2025-04-21 10:49:52','{\"speed\": 829, \"pressure\": 18.25, \"vibration\": 0.037, \"temperature\": 85.4}',0.305),(1649,6,841.214,'2025-04-21 10:50:05','{\"speed\": 829, \"pressure\": 16.51, \"vibration\": 0.068, \"temperature\": 68.0}',0.28),(1650,6,841.237,'2025-04-21 10:50:19','{\"speed\": 890, \"pressure\": 20.95, \"vibration\": 0.057, \"temperature\": 89.6}',0.431),(1651,6,841.26,'2025-04-21 10:50:32','{\"speed\": 844, \"pressure\": 17.28, \"vibration\": 0.043, \"temperature\": 72.6}',0.135),(1652,6,841.281,'2025-04-21 10:50:45','{\"speed\": 892, \"pressure\": 18.2, \"vibration\": 0.032, \"temperature\": 84.1}',0.288),(1653,6,841.303,'2025-04-21 10:50:58','{\"speed\": 896, \"pressure\": 16.6, \"vibration\": 0.026, \"temperature\": 84.9}',0.299),(1654,6,841.325,'2025-04-21 10:51:13','{\"speed\": 881, \"pressure\": 20.88, \"vibration\": 0.063, \"temperature\": 70.9}',0.242),(1655,6,841.35,'2025-04-21 10:51:27','{\"speed\": 877, \"pressure\": 20.64, \"vibration\": 0.056, \"temperature\": 85.6}',0.368),(1656,6,841.373,'2025-04-21 10:51:40','{\"speed\": 882, \"pressure\": 15.14, \"vibration\": 0.042, \"temperature\": 83.6}',0.281),(1657,6,841.395,'2025-04-21 10:51:54','{\"speed\": 825, \"pressure\": 17.14, \"vibration\": 0.056, \"temperature\": 62.3}',0.16),(1658,6,841.417,'2025-04-21 10:52:07','{\"speed\": 889, \"pressure\": 16.79, \"vibration\": 0.072, \"temperature\": 76.9}',0.412),(1659,6,841.439,'2025-04-21 10:52:21','{\"speed\": 806, \"pressure\": 16.06, \"vibration\": 0.031, \"temperature\": 62.4}',0.1),(1660,6,841.462,'2025-04-21 10:52:34','{\"speed\": 866, \"pressure\": 17.4, \"vibration\": 0.04, \"temperature\": 66.3}',0.1),(1661,6,841.483,'2025-04-21 10:52:46','{\"speed\": 853, \"pressure\": 19.81, \"vibration\": 0.033, \"temperature\": 70.9}',0.112),(1662,6,841.505,'2025-04-21 10:52:59','{\"speed\": 803, \"pressure\": 18.84, \"vibration\": 0.07, \"temperature\": 70.3}',0.304),(1663,6,841.526,'2025-04-21 10:53:11','{\"speed\": 844, \"pressure\": 19.45, \"vibration\": 0.042, \"temperature\": 66.7}',0.1),(1664,6,841.547,'2025-04-21 10:53:24','{\"speed\": 878, \"pressure\": 16.75, \"vibration\": 0.057, \"temperature\": 75.9}',0.249),(1665,6,841.569,'2025-04-21 10:53:37','{\"speed\": 882, \"pressure\": 18.63, \"vibration\": 0.07, \"temperature\": 77.2}',0.396),(1666,6,841.59,'2025-04-21 10:53:49','{\"speed\": 897, \"pressure\": 20.19, \"vibration\": 0.052, \"temperature\": 86.1}',0.335),(1667,6,841.611,'2025-04-21 10:54:01','{\"speed\": 819, \"pressure\": 21.83, \"vibration\": 0.029, \"temperature\": 70.8}',0.111),(1668,6,841.631,'2025-04-21 10:54:14','{\"speed\": 856, \"pressure\": 21.21, \"vibration\": 0.078, \"temperature\": 86.7}',0.603),(1669,6,841.652,'2025-04-21 10:54:26','{\"speed\": 817, \"pressure\": 20.12, \"vibration\": 0.027, \"temperature\": 61.6}',0.1),(1670,6,841.673,'2025-04-21 10:54:39','{\"speed\": 811, \"pressure\": 17.1, \"vibration\": 0.033, \"temperature\": 72.5}',0.133),(1671,6,841.693,'2025-04-21 10:54:51','{\"speed\": 866, \"pressure\": 15.99, \"vibration\": 0.071, \"temperature\": 73.5}',0.357),(1672,6,841.713,'2025-04-21 10:55:04','{\"speed\": 886, \"pressure\": 20.31, \"vibration\": 0.051, \"temperature\": 68.5}',0.11),(1673,6,841.734,'2025-04-21 10:55:16','{\"speed\": 894, \"pressure\": 20.84, \"vibration\": 0.054, \"temperature\": 80.9}',0.285),(1674,6,841.754,'2025-04-21 10:55:29','{\"speed\": 817, \"pressure\": 21.97, \"vibration\": 0.042, \"temperature\": 77.0}',0.193),(1675,6,841.754,'2025-04-22 08:43:25','{\"speed\": 879, \"pressure\": 17.13, \"vibration\": 0.037, \"temperature\": 88.9}',0.352),(1676,6,841.778,'2025-04-22 08:43:39','{\"speed\": 825, \"pressure\": 15.07, \"vibration\": 0.08, \"temperature\": 85.2}',0.603),(1677,6,841.803,'2025-04-22 08:43:54','{\"speed\": 836, \"pressure\": 15.64, \"vibration\": 0.059, \"temperature\": 66.3}',0.19),(1678,6,841.827,'2025-04-22 08:44:08','{\"speed\": 873, \"pressure\": 18.62, \"vibration\": 0.062, \"temperature\": 77.6}',0.321),(1679,6,841.851,'2025-04-22 08:44:23','{\"speed\": 878, \"pressure\": 20.58, \"vibration\": 0.041, \"temperature\": 80.8}',0.244),(1680,6,841.875,'2025-04-22 08:44:37','{\"speed\": 824, \"pressure\": 20.06, \"vibration\": 0.058, \"temperature\": 88.1}',0.421),(1681,6,841.899,'2025-04-22 08:44:51','{\"speed\": 817, \"pressure\": 19.45, \"vibration\": 0.066, \"temperature\": 78.5}',0.373),(1682,6,841.923,'2025-04-22 08:45:06','{\"speed\": 877, \"pressure\": 15.94, \"vibration\": 0.067, \"temperature\": 69.9}',0.27),(1683,6,841.947,'2025-04-22 08:45:20','{\"speed\": 820, \"pressure\": 16.36, \"vibration\": 0.074, \"temperature\": 82.3}',0.504),(1684,6,841.971,'2025-04-22 08:45:35','{\"speed\": 820, \"pressure\": 21.33, \"vibration\": 0.028, \"temperature\": 80.4}',0.239),(1685,6,841.996,'2025-04-22 08:45:50','{\"speed\": 870, \"pressure\": 18.63, \"vibration\": 0.046, \"temperature\": 87.2}',0.329),(1686,6,842.021,'2025-04-22 08:46:05','{\"speed\": 864, \"pressure\": 17.01, \"vibration\": 0.055, \"temperature\": 62.8}',0.15),(1687,6,842.045,'2025-04-22 08:46:19','{\"speed\": 831, \"pressure\": 20.54, \"vibration\": 0.039, \"temperature\": 82.9}',0.272),(1688,6,842.069,'2025-04-22 08:46:33','{\"speed\": 878, \"pressure\": 20.93, \"vibration\": 0.041, \"temperature\": 88.0}',0.34),(1689,6,842.092,'2025-04-22 08:46:47','{\"speed\": 869, \"pressure\": 15.39, \"vibration\": 0.053, \"temperature\": 81.3}',0.281),(1690,6,842.116,'2025-04-22 08:47:02','{\"speed\": 832, \"pressure\": 19.39, \"vibration\": 0.075, \"temperature\": 68.3}',0.35),(1691,6,842.14,'2025-04-22 08:47:16','{\"speed\": 819, \"pressure\": 16.88, \"vibration\": 0.054, \"temperature\": 72.8}',0.177),(1692,6,842.164,'2025-04-22 08:47:31','{\"speed\": 874, \"pressure\": 15.82, \"vibration\": 0.031, \"temperature\": 78.9}',0.219),(1693,6,842.188,'2025-04-22 08:47:45','{\"speed\": 812, \"pressure\": 21.91, \"vibration\": 0.062, \"temperature\": 83.2}',0.396),(1694,6,842.211,'2025-04-22 08:47:59','{\"speed\": 864, \"pressure\": 19.43, \"vibration\": 0.068, \"temperature\": 63.6}',0.28);
/*!40000 ALTER TABLE `equipment_status` ENABLE KEYS */;
UNLOCK TABLES;

--
-- Table structure for table `leave_requests`
--

DROP TABLE IF EXISTS `leave_requests`;
/*!40101 SET @saved_cs_client     = @@character_set_client */;
/*!50503 SET character_set_client = utf8mb4 */;
CREATE TABLE `leave_requests` (
  `id` int NOT NULL AUTO_INCREMENT,
  `employee_id` varchar(20) NOT NULL COMMENT '员工工号',
  `leave_type` enum('事假','病假','年假','其他') NOT NULL COMMENT '请假类型',
  `start_date` date NOT NULL COMMENT '开始日期',
  `end_date` date NOT NULL COMMENT '结束日期',
  `reason` text COMMENT '请假原因',
  `status` enum('待审批','已批准','已拒绝','已取消') DEFAULT '待审批' COMMENT '请假状态',
  `approver_id` varchar(20) DEFAULT NULL COMMENT '审批人工号',
  `approval_time` datetime DEFAULT NULL COMMENT '审批时间',
  `approval_notes` text COMMENT '审批备注',
  `created_at` timestamp NULL DEFAULT CURRENT_TIMESTAMP,
  `updated_at` timestamp NULL DEFAULT CURRENT_TIMESTAMP ON UPDATE CURRENT_TIMESTAMP,
  PRIMARY KEY (`id`),
  KEY `idx_employee_id` (`employee_id`),
  KEY `idx_status` (`status`)
) ENGINE=InnoDB AUTO_INCREMENT=5 DEFAULT CHARSET=utf8mb4 COLLATE=utf8mb4_0900_ai_ci COMMENT='请假记录表';
/*!40101 SET character_set_client = @saved_cs_client */;

--
-- Dumping data for table `leave_requests`
--

LOCK TABLES `leave_requests` WRITE;
/*!40000 ALTER TABLE `leave_requests` DISABLE KEYS */;
INSERT INTO `leave_requests` VALUES (1,'WK0008','事假','2025-04-25','2025-04-30','fff','已批准','FM0002','2025-04-20 16:50:24','','2025-04-20 07:33:11','2025-04-20 08:50:24'),(2,'SF0009','病假','2025-04-20','2025-05-02','发疯发','已批准','FM0002','2025-04-20 16:50:29','','2025-04-20 08:05:46','2025-04-20 08:50:29'),(3,'FM0002','年假','2025-04-20','2025-04-30','方法','已批准','SP0001','2025-04-20 18:28:58','可以','2025-04-20 10:23:51','2025-04-20 10:28:58'),(4,'FM0002','事假','2025-04-21','2025-04-26','方法','待审批',NULL,NULL,NULL,'2025-04-21 11:25:33','2025-04-21 11:25:33');
/*!40000 ALTER TABLE `leave_requests` ENABLE KEYS */;
UNLOCK TABLES;

--
-- Table structure for table `production_line`
--

DROP TABLE IF EXISTS `production_line`;
/*!40101 SET @saved_cs_client     = @@character_set_client */;
/*!50503 SET character_set_client = utf8mb4 */;
CREATE TABLE `production_line` (
  `id` int NOT NULL AUTO_INCREMENT,
  `line_name` varchar(100) NOT NULL COMMENT '产线名称',
  `theoretical_capacity` float DEFAULT NULL COMMENT '理论产能',
  `status` varchar(20) DEFAULT '正常' COMMENT '运行状态',
  `foreman_id` varchar(20) DEFAULT NULL COMMENT '负责工长工号',
  `created_at` timestamp NULL DEFAULT CURRENT_TIMESTAMP COMMENT '创建时间',
  `updated_at` timestamp NULL DEFAULT CURRENT_TIMESTAMP ON UPDATE CURRENT_TIMESTAMP COMMENT '更新时间',
  PRIMARY KEY (`id`),
  UNIQUE KEY `line_name` (`line_name`),
  KEY `idx_line_name` (`line_name`),
  KEY `idx_status` (`status`),
  KEY `idx_foreman_id` (`foreman_id`)
) ENGINE=InnoDB AUTO_INCREMENT=6 DEFAULT CHARSET=utf8mb4 COLLATE=utf8mb4_0900_ai_ci COMMENT='产线静态信息表';
/*!40101 SET character_set_client = @saved_cs_client */;

--
-- Dumping data for table `production_line`
--

LOCK TABLES `production_line` WRITE;
/*!40000 ALTER TABLE `production_line` DISABLE KEYS */;
INSERT INTO `production_line` VALUES (1,'一号生产线',1000,'正常','FM0018','2025-04-11 01:22:25','2025-04-21 07:07:50'),(2,'二号生产线',800,'正常','FM0006','2025-04-11 01:22:25','2025-04-17 12:17:23'),(3,'三号生产线',1200,'正常','FM0002','2025-04-11 01:22:25','2025-04-22 11:30:07');
/*!40000 ALTER TABLE `production_line` ENABLE KEYS */;
UNLOCK TABLES;

--
-- Table structure for table `production_line_status`
--

DROP TABLE IF EXISTS `production_line_status`;
/*!40101 SET @saved_cs_client     = @@character_set_client */;
/*!50503 SET character_set_client = utf8mb4 */;
CREATE TABLE `production_line_status` (
  `id` int NOT NULL AUTO_INCREMENT,
  `line_id` int NOT NULL COMMENT '产线ID',
  `runtime_hours` float DEFAULT '0' COMMENT '运行时长(小时)',
  `real_time_capacity` float DEFAULT NULL COMMENT '产线实时产能',
  `collection_time` timestamp NULL DEFAULT CURRENT_TIMESTAMP COMMENT '数据采集时间',
  `noise_level` float DEFAULT NULL COMMENT '噪音水平(dB)',
  `temperature` float DEFAULT NULL COMMENT '环境温度(°C)',
  `air_quality` varchar(20) DEFAULT NULL COMMENT '空气质量(good/medium/poor)',
  PRIMARY KEY (`id`),
  KEY `idx_line_id` (`line_id`),
  KEY `idx_collection_time` (`collection_time`),
  CONSTRAINT `production_line_status_ibfk_1` FOREIGN KEY (`line_id`) REFERENCES `production_line` (`id`) ON DELETE CASCADE
) ENGINE=InnoDB AUTO_INCREMENT=1621 DEFAULT CHARSET=utf8mb4 COLLATE=utf8mb4_0900_ai_ci COMMENT='产线实时状态表';
/*!40101 SET character_set_client = @saved_cs_client */;

--
-- Dumping data for table `production_line_status`
--

LOCK TABLES `production_line_status` WRITE;
/*!40000 ALTER TABLE `production_line_status` DISABLE KEYS */;
INSERT INTO `production_line_status` VALUES (1,1,1124,765.185,'2025-04-11 10:22:29',NULL,NULL,NULL),(2,1,1123,930.446,'2025-04-11 09:22:29',NULL,NULL,NULL),(3,1,1122,792.652,'2025-04-11 08:22:29',NULL,NULL,NULL),(4,1,1121,920.78,'2025-04-11 07:22:29',NULL,NULL,NULL),(5,1,1120,819.428,'2025-04-11 06:22:29',NULL,NULL,NULL),(6,1,1119,708.065,'2025-04-11 05:22:29',NULL,NULL,NULL),(7,1,1118,835.401,'2025-04-11 04:22:29',NULL,NULL,NULL),(8,1,1117,914.034,'2025-04-11 03:22:29',NULL,NULL,NULL),(9,1,1116,904.121,'2025-04-11 02:22:29',NULL,NULL,NULL),(10,1,1115,909.952,'2025-04-11 01:22:29',NULL,NULL,NULL),(11,1,1114,848.377,'2025-04-11 00:22:29',NULL,NULL,NULL),(12,1,1113,890.498,'2025-04-10 23:22:29',NULL,NULL,NULL),(13,1,1112,775.427,'2025-04-10 22:22:29',NULL,NULL,NULL),(14,1,1111,773.967,'2025-04-10 21:22:29',NULL,NULL,NULL),(15,1,1110,840.999,'2025-04-10 20:22:29',NULL,NULL,NULL),(16,1,1109,882.057,'2025-04-10 19:22:29',NULL,NULL,NULL),(17,1,1108,826.041,'2025-04-10 18:22:29',NULL,NULL,NULL),(18,1,1107,899.488,'2025-04-10 17:22:29',NULL,NULL,NULL),(19,1,1106,750.136,'2025-04-10 16:22:29',NULL,NULL,NULL),(20,1,1105,794.222,'2025-04-10 15:22:29',NULL,NULL,NULL),(21,1,1104,808.801,'2025-04-10 14:22:29',NULL,NULL,NULL),(22,1,1103,926.157,'2025-04-10 13:22:29',NULL,NULL,NULL),(23,1,1102,747.974,'2025-04-10 12:22:29',NULL,NULL,NULL),(24,1,1101,872.339,'2025-04-10 11:22:29',NULL,NULL,NULL),(25,2,1224,706.431,'2025-04-11 10:22:29',NULL,NULL,NULL),(26,2,1223,694.127,'2025-04-11 09:22:29',NULL,NULL,NULL),(27,2,1222,582.749,'2025-04-11 08:22:29',NULL,NULL,NULL),(28,2,1221,584.225,'2025-04-11 07:22:29',NULL,NULL,NULL),(29,2,1220,731.732,'2025-04-11 06:22:29',NULL,NULL,NULL),(30,2,1219,713.714,'2025-04-11 05:22:29',NULL,NULL,NULL),(31,2,1218,690.791,'2025-04-11 04:22:29',NULL,NULL,NULL),(32,2,1217,744.165,'2025-04-11 03:22:29',NULL,NULL,NULL),(33,2,1216,713.969,'2025-04-11 02:22:29',NULL,NULL,NULL),(34,2,1215,687.445,'2025-04-11 01:22:29',NULL,NULL,NULL),(35,2,1214,586.455,'2025-04-11 00:22:29',NULL,NULL,NULL),(36,2,1213,651.816,'2025-04-10 23:22:29',NULL,NULL,NULL),(37,2,1212,693.62,'2025-04-10 22:22:29',NULL,NULL,NULL),(38,2,1211,588.126,'2025-04-10 21:22:29',NULL,NULL,NULL),(39,2,1210,607.358,'2025-04-10 20:22:29',NULL,NULL,NULL),(40,2,1209,654.965,'2025-04-10 19:22:29',NULL,NULL,NULL),(41,2,1208,578.279,'2025-04-10 18:22:29',NULL,NULL,NULL),(42,2,1207,681.033,'2025-04-10 17:22:29',NULL,NULL,NULL),(43,2,1206,700.456,'2025-04-10 16:22:29',NULL,NULL,NULL),(44,2,1205,743.58,'2025-04-10 15:22:29',NULL,NULL,NULL),(45,2,1204,657.332,'2025-04-10 14:22:29',NULL,NULL,NULL),(46,2,1203,670.643,'2025-04-10 13:22:29',NULL,NULL,NULL),(47,2,1202,647.421,'2025-04-10 12:22:29',NULL,NULL,NULL),(48,2,1201,691.308,'2025-04-10 11:22:29',NULL,NULL,NULL),(49,3,1324,1038.75,'2025-04-11 10:22:29',NULL,NULL,NULL),(50,3,1323,881.317,'2025-04-11 09:22:29',NULL,NULL,NULL),(51,3,1322,1037.71,'2025-04-11 08:22:29',NULL,NULL,NULL),(52,3,1321,866.596,'2025-04-11 07:22:29',NULL,NULL,NULL),(53,3,1320,1021.59,'2025-04-11 06:22:29',NULL,NULL,NULL),(54,3,1319,1008.96,'2025-04-11 05:22:29',NULL,NULL,NULL),(55,3,1318,996.516,'2025-04-11 04:22:29',NULL,NULL,NULL),(56,3,1317,964.504,'2025-04-11 03:22:29',NULL,NULL,NULL),(57,3,1316,908.576,'2025-04-11 02:22:29',NULL,NULL,NULL),(58,3,1315,974.101,'2025-04-11 01:22:29',NULL,NULL,NULL),(59,3,1314,1054.45,'2025-04-11 00:22:29',NULL,NULL,NULL),(60,3,1313,841.835,'2025-04-10 23:22:29',NULL,NULL,NULL),(61,3,1312,1034.34,'2025-04-10 22:22:29',NULL,NULL,NULL),(62,3,1311,870.727,'2025-04-10 21:22:29',NULL,NULL,NULL),(63,3,1310,1013.52,'2025-04-10 20:22:29',NULL,NULL,NULL),(64,3,1309,864.973,'2025-04-10 19:22:29',NULL,NULL,NULL),(65,3,1308,944.326,'2025-04-10 18:22:29',NULL,NULL,NULL),(66,3,1307,1078.64,'2025-04-10 17:22:29',NULL,NULL,NULL),(67,3,1306,983.38,'2025-04-10 16:22:29',NULL,NULL,NULL),(68,3,1305,840.726,'2025-04-10 15:22:29',NULL,NULL,NULL),(69,3,1304,1082.72,'2025-04-10 14:22:29',NULL,NULL,NULL),(70,3,1303,900.738,'2025-04-10 13:22:29',NULL,NULL,NULL),(71,3,1302,845.279,'2025-04-10 12:22:29',NULL,NULL,NULL),(72,3,1301,962.477,'2025-04-10 11:22:29',NULL,NULL,NULL),(73,3,1324.04,1094,'2025-04-17 12:50:06',NULL,NULL,NULL),(74,3,1324.07,945,'2025-04-17 12:50:18',NULL,NULL,NULL),(75,3,1324.14,937,'2025-04-17 12:50:30',NULL,NULL,NULL),(76,3,1324.17,853,'2025-04-17 12:50:48',NULL,NULL,NULL),(77,3,1324.25,862,'2025-04-17 12:53:06',NULL,NULL,NULL),(78,3,1324.24,1107,'2025-04-17 12:53:18',NULL,NULL,NULL),(79,3,1324.23,843,'2025-04-17 12:53:30',NULL,NULL,NULL),(80,3,1324.32,1047,'2025-04-17 12:53:42',NULL,NULL,NULL),(81,3,1324.36,991,'2025-04-17 12:58:58',NULL,NULL,NULL),(82,3,1324.37,1072,'2025-04-17 12:59:10',NULL,NULL,NULL),(83,3,1324.47,903,'2025-04-17 12:59:22',NULL,NULL,NULL),(84,3,1324.39,1016,'2025-04-17 12:59:34',NULL,NULL,NULL),(85,3,1324.35,941,'2025-04-17 12:59:46',NULL,NULL,NULL),(86,3,1324.4,1094,'2025-04-17 12:59:58',NULL,NULL,NULL),(87,3,1324.35,1121,'2025-04-17 13:00:10',NULL,NULL,NULL),(88,3,1324.43,1105,'2025-04-17 13:00:22',NULL,NULL,NULL),(89,3,1324.48,929,'2025-04-17 13:00:34',NULL,NULL,NULL),(90,3,1324.46,935,'2025-04-17 13:00:46',NULL,NULL,NULL),(91,3,1324.39,850,'2025-04-17 13:00:58',NULL,NULL,NULL),(92,3,1324.41,1079,'2025-04-17 13:01:10',NULL,NULL,NULL),(93,3,1324.41,888,'2025-04-17 13:01:22',NULL,NULL,NULL),(94,3,1324.31,853,'2025-04-17 13:01:34',NULL,NULL,NULL),(95,3,1324.34,1033,'2025-04-17 13:01:46',NULL,NULL,NULL),(96,3,1324.29,900,'2025-04-17 13:01:58',NULL,NULL,NULL),(97,3,1324.38,895,'2025-04-17 13:02:10',NULL,NULL,NULL),(98,3,1324.34,933,'2025-04-17 13:02:22',NULL,NULL,NULL),(99,3,1324.44,939,'2025-04-17 13:02:34',NULL,NULL,NULL),(100,3,1324.44,1123,'2025-04-17 14:48:00',NULL,NULL,NULL),(101,3,1324.38,869,'2025-04-17 14:48:12',NULL,NULL,NULL),(102,3,1324.3,987,'2025-04-17 14:48:24',NULL,NULL,NULL),(103,3,1324.21,1067,'2025-04-17 14:48:37',NULL,NULL,NULL),(104,3,1324.28,851,'2025-04-17 14:48:50',NULL,NULL,NULL),(105,3,1324.19,883,'2025-04-17 14:49:02',NULL,NULL,NULL),(106,3,1324.18,1035,'2025-04-17 14:49:14',NULL,NULL,NULL),(107,3,1324.25,875,'2025-04-17 14:49:26',NULL,NULL,NULL),(108,3,1324.26,845,'2025-04-17 14:49:39',NULL,NULL,NULL),(109,3,1324.22,954,'2025-04-17 14:49:51',NULL,NULL,NULL),(110,3,1324.31,886,'2025-04-17 14:50:03',NULL,NULL,NULL),(111,3,1324.25,1023,'2025-04-17 14:50:15',NULL,NULL,NULL),(112,3,1324.26,1130,'2025-04-17 14:50:28',NULL,NULL,NULL),(113,3,1324.29,950,'2025-04-17 14:50:40',NULL,NULL,NULL),(114,3,1324.32,846,'2025-04-17 14:50:52',NULL,NULL,NULL),(115,3,1324.42,979,'2025-04-17 14:51:04',NULL,NULL,NULL),(116,3,1324.42,855,'2025-04-17 14:51:16',NULL,NULL,NULL),(117,3,1324.39,1123,'2025-04-17 14:51:28',NULL,NULL,NULL),(118,3,1324.42,1032,'2025-04-17 14:51:40',NULL,NULL,NULL),(119,3,1324.35,1026,'2025-04-17 14:51:52',NULL,NULL,NULL),(120,3,1324.33,927,'2025-04-17 14:52:04',NULL,NULL,NULL),(121,3,1324.32,992,'2025-04-17 14:52:16',NULL,NULL,NULL),(122,3,1324.25,1111,'2025-04-17 14:52:28',NULL,NULL,NULL),(123,3,1324.31,889,'2025-04-17 14:52:41',NULL,NULL,NULL),(124,3,1324.4,1107,'2025-04-17 14:52:53',NULL,NULL,NULL),(125,3,1324.39,866,'2025-04-17 14:53:05',NULL,NULL,NULL),(126,3,1324.31,868,'2025-04-17 14:53:17',NULL,NULL,NULL),(127,3,1324.33,1063,'2025-04-17 14:53:30',NULL,NULL,NULL),(128,3,1324.24,1024,'2025-04-17 14:53:43',NULL,NULL,NULL),(129,3,1324.28,1137,'2025-04-17 14:53:56',NULL,NULL,NULL),(130,3,1324.36,977,'2025-04-17 14:54:09',NULL,NULL,NULL),(131,3,1324.46,937,'2025-04-17 14:54:22',NULL,NULL,NULL),(132,3,1324.37,953,'2025-04-17 14:54:34',NULL,NULL,NULL),(133,3,1324.46,848,'2025-04-17 14:54:47',NULL,NULL,NULL),(134,3,1324.51,981,'2025-04-17 14:54:59',NULL,NULL,NULL),(135,3,1324.54,1119,'2025-04-17 14:55:11',NULL,NULL,NULL),(136,3,1324.56,1066,'2025-04-17 14:55:23',NULL,NULL,NULL),(137,3,1324.51,1074,'2025-04-17 14:55:36',NULL,NULL,NULL),(138,3,1324.53,1136,'2025-04-17 14:55:49',NULL,NULL,NULL),(139,3,1324.49,841,'2025-04-17 14:56:02',NULL,NULL,NULL),(140,3,1324.51,939,'2025-04-17 14:56:14',NULL,NULL,NULL),(141,3,1324.59,944,'2025-04-17 14:56:26',NULL,NULL,NULL),(142,3,1324.6,993,'2025-04-17 14:56:38',NULL,NULL,NULL),(143,3,1324.58,853,'2025-04-17 14:56:50',NULL,NULL,NULL),(144,3,1324.68,912,'2025-04-17 14:57:03',NULL,NULL,NULL),(145,3,1324.78,1108,'2025-04-17 14:57:16',NULL,NULL,NULL),(146,3,1324.7,1032,'2025-04-17 14:57:29',NULL,NULL,NULL),(147,3,1324.6,1038,'2025-04-17 14:57:41',NULL,NULL,NULL),(148,3,1324.6,897,'2025-04-17 14:57:53',NULL,NULL,NULL),(149,3,1324.65,1068,'2025-04-17 14:58:05',NULL,NULL,NULL),(150,3,1324.59,982,'2025-04-17 14:58:17',NULL,NULL,NULL),(151,3,1324.59,938,'2025-04-17 14:58:29',NULL,NULL,NULL),(152,3,1324.59,992,'2025-04-17 14:58:41',NULL,NULL,NULL),(153,3,1324.61,1011,'2025-04-17 14:58:53',NULL,NULL,NULL),(154,3,1324.63,856,'2025-04-17 14:59:05',NULL,NULL,NULL),(155,3,1324.62,861,'2025-04-17 14:59:18',NULL,NULL,NULL),(156,3,1324.69,1012,'2025-04-17 14:59:30',NULL,NULL,NULL),(157,3,1324.79,995,'2025-04-17 14:59:42',NULL,NULL,NULL),(158,3,1324.89,1010,'2025-04-17 14:59:55',NULL,NULL,NULL),(159,3,1324.92,928,'2025-04-17 15:00:07',NULL,NULL,NULL),(160,3,1324.84,895,'2025-04-17 15:00:19',NULL,NULL,NULL),(161,3,1324.78,1140,'2025-04-17 15:00:31',NULL,NULL,NULL),(162,3,1324.79,1084,'2025-04-17 15:00:43',NULL,NULL,NULL),(163,3,1324.84,953,'2025-04-17 15:00:55',NULL,NULL,NULL),(164,3,1324.84,901,'2025-04-17 15:01:07',NULL,NULL,NULL),(165,3,1324.8,1058,'2025-04-17 15:01:19',NULL,NULL,NULL),(166,3,1324.85,886,'2025-04-17 15:01:32',NULL,NULL,NULL),(167,3,1324.76,1039,'2025-04-17 15:01:45',NULL,NULL,NULL),(168,3,1324.79,1024,'2025-04-17 15:01:57',NULL,NULL,NULL),(169,3,1324.87,1073,'2025-04-17 15:02:11',NULL,NULL,NULL),(170,3,1324.94,1067,'2025-04-17 15:02:24',NULL,NULL,NULL),(171,3,1325.04,873,'2025-04-17 15:02:36',NULL,NULL,NULL),(172,3,1324.96,1033,'2025-04-17 15:02:49',NULL,NULL,NULL),(173,3,1324.88,1047,'2025-04-17 15:03:01',NULL,NULL,NULL),(174,3,1324.97,845,'2025-04-17 15:03:13',NULL,NULL,NULL),(175,3,1324.95,875,'2025-04-17 15:03:25',NULL,NULL,NULL),(176,3,1324.88,944,'2025-04-17 15:03:37',NULL,NULL,NULL),(177,3,1324.97,886,'2025-04-17 15:03:49',NULL,NULL,NULL),(178,3,1325.02,868,'2025-04-17 15:04:01',NULL,NULL,NULL),(179,3,1325.04,1096,'2025-04-17 15:04:13',NULL,NULL,NULL),(180,3,1325.05,925,'2025-04-17 15:04:25',NULL,NULL,NULL),(181,3,1324.96,997,'2025-04-17 15:04:37',NULL,NULL,NULL),(182,3,1325.06,1004,'2025-04-17 15:04:49',NULL,NULL,NULL),(183,3,1325.15,1136,'2025-04-17 15:05:01',NULL,NULL,NULL),(184,3,1325.14,964,'2025-04-17 15:05:13',NULL,NULL,NULL),(185,3,1325.17,983,'2025-04-17 15:05:26',NULL,NULL,NULL),(186,3,1325.22,1136,'2025-04-17 15:05:37',NULL,NULL,NULL),(187,3,1325.16,959,'2025-04-17 15:05:49',NULL,NULL,NULL),(188,3,1325.12,1025,'2025-04-17 15:06:01',NULL,NULL,NULL),(189,3,1325.14,989,'2025-04-17 15:06:13',NULL,NULL,NULL),(190,3,1325.11,1105,'2025-04-17 15:06:25',NULL,NULL,NULL),(191,3,1325.04,896,'2025-04-17 15:06:37',NULL,NULL,NULL),(192,3,1325.01,935,'2025-04-17 15:06:49',NULL,NULL,NULL),(193,3,1324.94,1094,'2025-04-17 15:07:01',NULL,NULL,NULL),(194,3,1324.89,1032,'2025-04-17 15:07:13',NULL,NULL,NULL),(195,3,1324.83,1050,'2025-04-17 15:07:25',NULL,NULL,NULL),(196,3,1324.86,1073,'2025-04-17 15:07:37',NULL,NULL,NULL),(197,3,1324.81,1136,'2025-04-17 15:07:49',NULL,NULL,NULL),(198,3,1324.78,924,'2025-04-17 15:08:01',NULL,NULL,NULL),(199,3,1324.87,1054,'2025-04-17 15:08:13',NULL,NULL,NULL),(200,3,1324.82,1081,'2025-04-17 15:08:25',NULL,NULL,NULL),(201,3,1324.87,1131,'2025-04-17 15:08:37',NULL,NULL,NULL),(202,3,1324.88,1047,'2025-04-17 15:08:49',NULL,NULL,NULL),(203,3,1324.88,1072,'2025-04-17 15:09:01',NULL,NULL,NULL),(204,3,1324.87,1084,'2025-04-17 15:09:13',NULL,NULL,NULL),(205,3,1324.88,1003,'2025-04-17 15:09:25',NULL,NULL,NULL),(206,3,1324.96,913,'2025-04-17 15:09:37',NULL,NULL,NULL),(207,3,1324.97,1071,'2025-04-17 15:09:49',NULL,NULL,NULL),(208,3,1325.01,886,'2025-04-17 15:10:02',NULL,NULL,NULL),(209,3,1325.09,1082,'2025-04-17 15:10:14',NULL,NULL,NULL),(210,3,1325.06,941,'2025-04-17 15:10:26',NULL,NULL,NULL),(211,3,1325.1,1135,'2025-04-17 15:10:38',NULL,NULL,NULL),(212,3,1325.05,998,'2025-04-17 15:10:50',NULL,NULL,NULL),(213,3,1324.96,972,'2025-04-17 15:11:02',NULL,NULL,NULL),(214,3,1324.96,908,'2025-04-17 15:11:14',NULL,NULL,NULL),(215,3,1324.95,1006,'2025-04-17 15:11:26',NULL,NULL,NULL),(216,3,1325.04,1110,'2025-04-17 15:11:38',NULL,NULL,NULL),(217,3,1325.02,1018,'2025-04-17 15:11:50',NULL,NULL,NULL),(218,3,1324.93,994,'2025-04-17 15:12:02',NULL,NULL,NULL),(219,3,1324.84,1100,'2025-04-17 15:12:14',NULL,NULL,NULL),(220,3,1324.79,948,'2025-04-17 15:12:26',NULL,NULL,NULL),(221,3,1324.71,962,'2025-04-17 15:12:38',NULL,NULL,NULL),(222,3,1324.76,1117,'2025-04-17 15:12:50',NULL,NULL,NULL),(223,3,1324.67,1004,'2025-04-17 15:13:02',NULL,NULL,NULL),(224,3,1324.6,1105,'2025-04-17 15:13:14',NULL,NULL,NULL),(225,3,1324.58,929,'2025-04-17 15:13:26',NULL,NULL,NULL),(226,3,1324.67,969,'2025-04-17 15:13:38',NULL,NULL,NULL),(227,3,1324.68,1026,'2025-04-17 15:13:50',NULL,NULL,NULL),(228,3,1324.58,1018,'2025-04-17 15:14:02',NULL,NULL,NULL),(229,3,1324.49,1037,'2025-04-17 15:14:14',NULL,NULL,NULL),(230,3,1324.46,1069,'2025-04-17 15:14:26',NULL,NULL,NULL),(231,3,1324.46,1108,'2025-04-17 15:14:38',NULL,NULL,NULL),(232,3,1324.47,982,'2025-04-17 15:14:50',NULL,NULL,NULL),(233,3,1324.56,1011,'2025-04-17 15:15:02',NULL,NULL,NULL),(234,3,1324.51,985,'2025-04-17 15:15:14',NULL,NULL,NULL),(235,3,1324.46,1023,'2025-04-17 15:15:26',NULL,NULL,NULL),(236,3,1324.37,958,'2025-04-17 15:15:38',NULL,NULL,NULL),(237,3,1324.41,922,'2025-04-18 09:59:32',NULL,NULL,NULL),(238,3,1324.51,982,'2025-04-18 09:59:45',NULL,NULL,NULL),(239,3,1324.45,878,'2025-04-18 09:59:57',NULL,NULL,NULL),(240,3,1324.52,1002,'2025-04-18 10:00:10',NULL,NULL,NULL),(241,3,1324.53,1103,'2025-04-18 10:00:22',NULL,NULL,NULL),(242,3,1324.55,1114,'2025-04-18 10:00:36',NULL,NULL,NULL),(243,3,1324.59,875,'2025-04-18 10:00:48',NULL,NULL,NULL),(244,3,1324.61,948,'2025-04-18 10:01:01',NULL,NULL,NULL),(245,3,1324.56,964,'2025-04-18 10:01:14',NULL,NULL,NULL),(246,3,1324.47,907,'2025-04-18 10:01:26',NULL,NULL,NULL),(247,3,1324.49,974,'2025-04-18 10:01:39',NULL,NULL,NULL),(248,3,1324.44,1029,'2025-04-18 10:01:52',NULL,NULL,NULL),(249,3,1324.44,930,'2025-04-18 10:02:04',NULL,NULL,NULL),(250,3,1324.48,946,'2025-04-18 10:02:17',NULL,NULL,NULL),(251,3,1324.41,979,'2025-04-18 10:02:30',NULL,NULL,NULL),(252,3,1324.51,917,'2025-04-18 10:02:42',NULL,NULL,NULL),(253,3,1324.54,860,'2025-04-18 10:02:55',NULL,NULL,NULL),(254,3,1324.54,1062,'2025-04-18 10:03:07',NULL,NULL,NULL),(255,3,1324.52,899,'2025-04-18 10:03:20',NULL,NULL,NULL),(256,3,1324.49,990,'2025-04-18 10:03:33',NULL,NULL,NULL),(257,3,1324.39,979,'2025-04-18 10:03:45',NULL,NULL,NULL),(258,3,1324.48,1029,'2025-04-18 10:03:58',NULL,NULL,NULL),(259,3,1324.54,950,'2025-04-18 10:04:11',NULL,NULL,NULL),(260,3,1324.54,1105,'2025-04-18 10:04:23',NULL,NULL,NULL),(261,3,1324.49,992,'2025-04-18 10:04:36',NULL,NULL,NULL),(262,3,1324.5,874,'2025-04-18 10:04:48',NULL,NULL,NULL),(263,3,1324.59,958,'2025-04-18 10:05:01',NULL,NULL,NULL),(264,3,1324.68,1134,'2025-04-18 10:05:14',NULL,NULL,NULL),(265,3,1324.67,1127,'2025-04-18 10:05:26',NULL,NULL,NULL),(266,3,1324.65,913,'2025-04-18 10:05:39',NULL,NULL,NULL),(267,3,1324.63,861,'2025-04-18 10:05:52',NULL,NULL,NULL),(268,3,1324.58,923,'2025-04-18 10:06:04',NULL,NULL,NULL),(269,3,1324.66,1127,'2025-04-18 10:06:17',NULL,NULL,NULL),(270,3,1324.64,1126,'2025-04-18 10:06:29',NULL,NULL,NULL),(271,3,1324.68,997,'2025-04-18 10:06:42',NULL,NULL,NULL),(272,3,1324.65,910,'2025-04-18 10:06:55',NULL,NULL,NULL),(273,3,1324.69,1135,'2025-04-18 10:07:07',NULL,NULL,NULL),(274,3,1324.65,1091,'2025-04-18 10:07:20',NULL,NULL,NULL),(275,3,1324.73,1018,'2025-04-18 10:07:33',NULL,NULL,NULL),(276,3,1324.77,856,'2025-04-18 10:07:45',NULL,NULL,NULL),(277,3,1324.68,889,'2025-04-18 10:07:58',NULL,NULL,NULL),(278,3,1324.74,963,'2025-04-18 10:08:10',NULL,NULL,NULL),(279,3,1324.66,918,'2025-04-18 10:08:23',NULL,NULL,NULL),(280,3,1324.75,1013,'2025-04-18 10:08:36',NULL,NULL,NULL),(281,3,1324.74,1047,'2025-04-18 10:08:48',NULL,NULL,NULL),(282,3,1324.72,986,'2025-04-18 10:09:01',NULL,NULL,NULL),(283,3,1324.63,1081,'2025-04-18 10:09:14',NULL,NULL,NULL),(284,3,1324.66,883,'2025-04-18 10:09:26',NULL,NULL,NULL),(285,3,1324.56,1121,'2025-04-18 10:09:39',NULL,NULL,NULL),(286,3,1324.48,873,'2025-04-18 10:09:51',NULL,NULL,NULL),(287,3,1324.56,1061,'2025-04-18 10:10:04',NULL,NULL,NULL),(288,3,1324.56,1124,'2025-04-18 10:10:17',NULL,NULL,NULL),(289,3,1324.66,1047,'2025-04-18 10:10:29',NULL,NULL,NULL),(290,3,1324.58,1034,'2025-04-18 10:10:42',NULL,NULL,NULL),(291,3,1324.5,941,'2025-04-18 10:10:55',NULL,NULL,NULL),(292,3,1324.54,1041,'2025-04-18 10:11:08',NULL,NULL,NULL),(293,3,1324.61,936,'2025-04-18 10:11:20',NULL,NULL,NULL),(294,3,1324.55,946,'2025-04-18 10:11:33',NULL,NULL,NULL),(295,3,1324.59,1013,'2025-04-18 10:11:46',NULL,NULL,NULL),(296,3,1324.66,939,'2025-04-18 10:11:58',NULL,NULL,NULL),(297,3,1324.76,919,'2025-04-18 10:12:12',NULL,NULL,NULL),(298,3,1324.75,877,'2025-04-18 10:12:24',NULL,NULL,NULL),(299,3,1324.65,1002,'2025-04-18 10:12:37',NULL,NULL,NULL),(300,3,1324.64,1138,'2025-04-18 10:12:50',NULL,NULL,NULL),(301,3,1324.72,1030,'2025-04-18 10:13:03',NULL,NULL,NULL),(302,3,1324.68,997,'2025-04-18 10:13:17',NULL,NULL,NULL),(303,3,1324.76,916,'2025-04-18 10:13:29',NULL,NULL,NULL),(304,3,1324.77,1084,'2025-04-18 10:13:43',NULL,NULL,NULL),(305,3,1324.85,1071,'2025-04-18 10:13:56',NULL,NULL,NULL),(306,3,1324.81,932,'2025-04-18 10:14:08',NULL,NULL,NULL),(307,3,1324.91,1099,'2025-04-18 10:14:21',NULL,NULL,NULL),(308,3,1324.81,1024,'2025-04-18 10:14:34',NULL,NULL,NULL),(309,3,1324.8,946,'2025-04-18 10:14:46',NULL,NULL,NULL),(310,3,1324.85,1069,'2025-04-18 10:14:59',NULL,NULL,NULL),(311,3,1324.9,904,'2025-04-18 10:15:12',NULL,NULL,NULL),(312,3,1324.83,965,'2025-04-18 10:15:25',NULL,NULL,NULL),(313,3,1324.75,1120,'2025-04-18 10:15:41',NULL,NULL,NULL),(314,3,1324.75,912,'2025-04-18 10:15:55',NULL,NULL,NULL),(315,3,1324.71,1002,'2025-04-18 10:16:10',NULL,NULL,NULL),(316,3,1324.74,930,'2025-04-18 10:16:23',NULL,NULL,NULL),(317,3,1324.69,1080,'2025-04-18 10:16:37',NULL,NULL,NULL),(318,3,1324.67,1131,'2025-04-18 10:16:50',NULL,NULL,NULL),(319,3,1324.71,974,'2025-04-18 10:17:03',NULL,NULL,NULL),(320,3,1324.8,1077,'2025-04-18 10:17:15',NULL,NULL,NULL),(321,3,1324.86,909,'2025-04-18 10:17:28',NULL,NULL,NULL),(322,3,1324.91,1133,'2025-04-18 10:17:41',NULL,NULL,NULL),(323,3,1324.9,1086,'2025-04-18 10:17:54',NULL,NULL,NULL),(324,3,1324.91,894,'2025-04-18 10:18:07',NULL,NULL,NULL),(325,3,1324.88,1104,'2025-04-18 10:18:20',NULL,NULL,NULL),(326,3,1324.84,1034,'2025-04-18 10:18:33',NULL,NULL,NULL),(327,3,1324.8,1057,'2025-04-18 10:18:47',NULL,NULL,NULL),(328,3,1324.73,1065,'2025-04-18 10:19:00',NULL,NULL,NULL),(329,3,1324.78,1064,'2025-04-18 10:19:14',NULL,NULL,NULL),(330,3,1324.69,990,'2025-04-18 10:19:27',NULL,NULL,NULL),(331,3,1324.76,1130,'2025-04-18 10:19:40',NULL,NULL,NULL),(332,3,1324.75,1021,'2025-04-18 10:19:54',NULL,NULL,NULL),(333,3,1324.72,1127,'2025-04-18 10:20:07',NULL,NULL,NULL),(334,3,1324.81,854,'2025-04-18 10:20:20',NULL,NULL,NULL),(335,3,1324.86,1118,'2025-04-18 10:20:34',NULL,NULL,NULL),(336,3,1324.88,870,'2025-04-18 10:20:47',NULL,NULL,NULL),(337,3,1324.87,1118,'2025-04-18 10:20:59',NULL,NULL,NULL),(338,3,1324.83,1065,'2025-04-18 10:21:12',NULL,NULL,NULL),(339,3,1324.88,1026,'2025-04-18 10:21:26',NULL,NULL,NULL),(340,3,1324.96,1130,'2025-04-18 10:21:42',NULL,NULL,NULL),(341,3,1325.02,1035,'2025-04-18 10:21:54',NULL,NULL,NULL),(342,3,1325.05,998,'2025-04-18 10:22:07',NULL,NULL,NULL),(343,3,1324.98,1066,'2025-04-18 10:22:20',NULL,NULL,NULL),(344,3,1324.98,1056,'2025-04-18 10:22:33',NULL,NULL,NULL),(345,3,1325.07,1103,'2025-04-18 10:22:45',NULL,NULL,NULL),(346,3,1325.14,1080,'2025-04-18 10:22:58',NULL,NULL,NULL),(347,3,1325.2,979,'2025-04-18 10:23:11',NULL,NULL,NULL),(348,3,1325.24,1049,'2025-04-18 10:23:23',NULL,NULL,NULL),(349,3,1325.15,996,'2025-04-18 10:23:36',NULL,NULL,NULL),(350,3,1325.17,1083,'2025-04-18 10:23:48',NULL,NULL,NULL),(351,3,1325.08,847,'2025-04-18 10:24:01',NULL,NULL,NULL),(352,3,1325.02,859,'2025-04-18 10:24:13',NULL,NULL,NULL),(353,3,1324.95,1109,'2025-04-18 10:24:26',NULL,NULL,NULL),(354,3,1325,968,'2025-04-18 10:24:39',NULL,NULL,NULL),(355,3,1325.07,960,'2025-04-18 10:24:51',NULL,NULL,NULL),(356,3,1325.16,902,'2025-04-18 10:25:04',NULL,NULL,NULL),(357,3,1325.24,936,'2025-04-18 10:25:17',NULL,NULL,NULL),(358,3,1325.18,1072,'2025-04-18 10:25:29',NULL,NULL,NULL),(359,3,1325.19,1058,'2025-04-18 10:25:42',NULL,NULL,NULL),(360,3,1325.17,920,'2025-04-18 10:25:54',NULL,NULL,NULL),(361,3,1325.26,1025,'2025-04-18 10:26:07',NULL,NULL,NULL),(362,3,1325.35,953,'2025-04-18 10:26:20',NULL,NULL,NULL),(363,3,1325.29,1077,'2025-04-18 10:26:32',NULL,NULL,NULL),(364,3,1325.23,938,'2025-04-18 10:26:45',NULL,NULL,NULL),(365,3,1325.17,1139,'2025-04-18 10:26:57',NULL,NULL,NULL),(366,3,1325.13,1016,'2025-04-18 10:27:10',NULL,NULL,NULL),(367,3,1325.22,983,'2025-04-18 10:27:23',NULL,NULL,NULL),(368,3,1325.18,1003,'2025-04-18 10:27:35',NULL,NULL,NULL),(369,3,1325.15,970,'2025-04-18 10:27:48',NULL,NULL,NULL),(370,3,1325.25,1021,'2025-04-18 10:28:00',NULL,NULL,NULL),(371,3,1325.32,1014,'2025-04-18 10:28:13',NULL,NULL,NULL),(372,3,1325.36,1007,'2025-04-18 10:28:26',NULL,NULL,NULL),(373,3,1325.33,1129,'2025-04-18 10:28:39',NULL,NULL,NULL),(374,3,1325.34,997,'2025-04-18 10:28:51',NULL,NULL,NULL),(375,3,1325.4,1021,'2025-04-18 10:29:04',NULL,NULL,NULL),(376,3,1325.38,1090,'2025-04-18 10:29:17',NULL,NULL,NULL),(377,3,1325.43,974,'2025-04-18 10:29:29',NULL,NULL,NULL),(378,3,1325.48,1112,'2025-04-18 10:29:42',NULL,NULL,NULL),(379,3,1325.56,973,'2025-04-18 10:29:55',NULL,NULL,NULL),(380,3,1325.58,968,'2025-04-18 10:30:08',NULL,NULL,NULL),(381,3,1325.54,907,'2025-04-18 10:30:20',NULL,NULL,NULL),(382,3,1325.57,871,'2025-04-18 10:30:33',NULL,NULL,NULL),(383,3,1325.61,967,'2025-04-18 10:30:46',NULL,NULL,NULL),(384,3,1325.56,914,'2025-04-18 10:30:58',NULL,NULL,NULL),(385,3,1325.49,878,'2025-04-18 10:31:11',NULL,NULL,NULL),(386,3,1325.52,1100,'2025-04-18 10:31:24',NULL,NULL,NULL),(387,3,1325.5,1005,'2025-04-18 10:31:37',NULL,NULL,NULL),(388,3,1325.6,1003,'2025-04-18 10:31:49',NULL,NULL,NULL),(389,3,1325.59,969,'2025-04-18 10:32:02',NULL,NULL,NULL),(390,3,1325.63,1009,'2025-04-18 10:32:15',NULL,NULL,NULL),(391,3,1325.71,992,'2025-04-18 10:32:28',NULL,NULL,NULL),(392,3,1325.68,1031,'2025-04-18 10:32:40',NULL,NULL,NULL),(393,3,1325.59,914,'2025-04-18 10:32:53',NULL,NULL,NULL),(394,3,1325.51,906,'2025-04-18 10:33:06',NULL,NULL,NULL),(395,3,1325.49,1016,'2025-04-18 10:33:18',NULL,NULL,NULL),(396,3,1325.46,967,'2025-04-18 10:33:31',NULL,NULL,NULL),(397,3,1325.53,887,'2025-04-18 10:33:44',NULL,NULL,NULL),(398,3,1325.49,1071,'2025-04-18 10:33:57',NULL,NULL,NULL),(399,3,1325.52,1028,'2025-04-18 10:34:10',NULL,NULL,NULL),(400,3,1325.55,983,'2025-04-18 10:34:22',NULL,NULL,NULL),(401,3,1325.54,852,'2025-04-18 10:34:35',NULL,NULL,NULL),(402,3,1325.57,1015,'2025-04-18 10:34:48',NULL,NULL,NULL),(403,3,1325.5,1039,'2025-04-18 10:35:01',NULL,NULL,NULL),(404,3,1325.56,938,'2025-04-18 10:35:14',NULL,NULL,NULL),(405,3,1325.53,956,'2025-04-18 10:35:26',NULL,NULL,NULL),(406,3,1325.6,872,'2025-04-18 10:35:39',NULL,NULL,NULL),(407,3,1325.67,917,'2025-04-18 10:35:52',NULL,NULL,NULL),(408,3,1325.58,848,'2025-04-18 10:36:05',NULL,NULL,NULL),(409,3,1325.54,1067,'2025-04-18 10:36:17',NULL,NULL,NULL),(410,3,1325.6,994,'2025-04-18 10:36:30',NULL,NULL,NULL),(411,3,1325.55,1044,'2025-04-18 10:36:43',NULL,NULL,NULL),(412,3,1325.46,995,'2025-04-18 10:36:55',NULL,NULL,NULL),(413,3,1325.5,859,'2025-04-18 10:37:08',NULL,NULL,NULL),(414,3,1325.56,1012,'2025-04-18 10:37:20',NULL,NULL,NULL),(415,3,1325.56,944,'2025-04-18 10:37:33',NULL,NULL,NULL),(416,3,1325.58,927,'2025-04-18 10:37:45',NULL,NULL,NULL),(417,3,1325.59,1129,'2025-04-18 10:37:58',NULL,NULL,NULL),(418,3,1325.51,1079,'2025-04-18 10:38:11',NULL,NULL,NULL),(419,3,1325.45,1139,'2025-04-18 10:38:23',NULL,NULL,NULL),(420,3,1325.39,1123,'2025-04-18 10:38:36',NULL,NULL,NULL),(421,3,1325.3,995,'2025-04-18 10:38:49',NULL,NULL,NULL),(422,3,1325.36,1016,'2025-04-18 10:39:02',NULL,NULL,NULL),(423,3,1325.46,1070,'2025-04-18 10:39:15',NULL,NULL,NULL),(424,3,1325.53,904,'2025-04-18 10:39:29',NULL,NULL,NULL),(425,3,1325.56,1112,'2025-04-18 10:39:41',NULL,NULL,NULL),(426,3,1325.49,1102,'2025-04-18 10:39:55',NULL,NULL,NULL),(427,3,1325.54,987,'2025-04-18 10:40:10',NULL,NULL,NULL),(428,3,1325.6,1079,'2025-04-18 10:40:22',NULL,NULL,NULL),(429,3,1325.64,945,'2025-04-18 10:40:35',NULL,NULL,NULL),(430,3,1325.65,1047,'2025-04-18 10:40:48',NULL,NULL,NULL),(431,3,1325.65,923,'2025-04-18 10:41:01',NULL,NULL,NULL),(432,3,1325.56,984,'2025-04-18 10:41:15',NULL,NULL,NULL),(433,3,1325.48,1056,'2025-04-18 10:41:31',NULL,NULL,NULL),(434,3,1325.53,928,'2025-04-18 10:41:46',NULL,NULL,NULL),(435,3,1325.58,947,'2025-04-18 10:42:00',NULL,NULL,NULL),(436,3,1325.49,895,'2025-04-18 10:42:13',NULL,NULL,NULL),(437,3,1325.57,933,'2025-04-18 10:42:27',NULL,NULL,NULL),(438,3,1325.64,841,'2025-04-18 10:42:40',NULL,NULL,NULL),(439,3,1325.63,963,'2025-04-18 10:42:54',NULL,NULL,NULL),(440,3,1325.55,1107,'2025-04-18 10:43:07',NULL,NULL,NULL),(441,3,1325.6,941,'2025-04-18 10:43:21',NULL,NULL,NULL),(442,3,1325.69,959,'2025-04-18 10:43:34',NULL,NULL,NULL),(443,3,1325.75,1040,'2025-04-18 10:43:48',NULL,NULL,NULL),(444,3,1325.77,841,'2025-04-18 10:44:01',NULL,NULL,NULL),(445,3,1325.79,897,'2025-04-18 10:44:15',NULL,NULL,NULL),(446,3,1325.69,880,'2025-04-18 10:44:28',NULL,NULL,NULL),(447,3,1325.74,856,'2025-04-18 10:44:41',NULL,NULL,NULL),(448,3,1325.73,874,'2025-04-18 10:44:55',NULL,NULL,NULL),(449,3,1325.7,1137,'2025-04-18 10:45:08',NULL,NULL,NULL),(450,3,1325.7,899,'2025-04-18 10:45:21',NULL,NULL,NULL),(451,3,1325.72,1041,'2025-04-18 10:45:34',NULL,NULL,NULL),(452,3,1325.63,1071,'2025-04-18 10:45:48',NULL,NULL,NULL),(453,3,1325.61,1115,'2025-04-18 10:46:01',NULL,NULL,NULL),(454,3,1325.59,1043,'2025-04-18 10:46:15',NULL,NULL,NULL),(455,3,1325.53,1029,'2025-04-18 10:46:28',NULL,NULL,NULL),(456,3,1325.59,955,'2025-04-18 10:46:41',NULL,NULL,NULL),(457,3,1325.55,1086,'2025-04-18 10:46:54',NULL,NULL,NULL),(458,3,1325.57,990,'2025-04-18 10:47:07',NULL,NULL,NULL),(459,3,1325.6,1009,'2025-04-18 10:47:20',NULL,NULL,NULL),(460,3,1325.6,1060,'2025-04-18 10:47:34',NULL,NULL,NULL),(461,3,1325.59,883,'2025-04-18 10:47:46',NULL,NULL,NULL),(462,3,1325.5,1036,'2025-04-18 10:47:59',NULL,NULL,NULL),(463,3,1325.52,1137,'2025-04-18 10:48:11',NULL,NULL,NULL),(464,3,1325.59,1050,'2025-04-18 10:48:24',NULL,NULL,NULL),(465,3,1325.62,865,'2025-04-18 10:48:37',NULL,NULL,NULL),(466,3,1325.67,1024,'2025-04-18 10:48:50',NULL,NULL,NULL),(467,3,1325.66,1102,'2025-04-18 10:49:03',NULL,NULL,NULL),(468,3,1325.61,1063,'2025-04-18 10:49:17',NULL,NULL,NULL),(469,3,1325.71,897,'2025-04-18 10:49:31',NULL,NULL,NULL),(470,3,1325.63,884,'2025-04-18 10:49:45',NULL,NULL,NULL),(471,3,1325.54,969,'2025-04-18 10:49:59',NULL,NULL,NULL),(472,3,1325.63,1031,'2025-04-18 10:50:14',NULL,NULL,NULL),(473,3,1325.67,924,'2025-04-18 10:50:29',NULL,NULL,NULL),(474,3,1325.6,923,'2025-04-18 10:50:43',NULL,NULL,NULL),(475,3,1325.52,1133,'2025-04-18 10:50:56',NULL,NULL,NULL),(476,3,1325.48,884,'2025-04-18 10:51:11',NULL,NULL,NULL),(477,3,1325.55,941,'2025-04-18 10:51:26',NULL,NULL,NULL),(478,3,1325.5,923,'2025-04-18 10:51:43',NULL,NULL,NULL),(479,3,1325.45,975,'2025-04-18 10:51:55',NULL,NULL,NULL),(480,3,1325.41,1070,'2025-04-18 10:52:11',NULL,NULL,NULL),(481,3,1325.4,978,'2025-04-18 10:52:27',NULL,NULL,NULL),(482,3,1325.33,843,'2025-04-18 10:52:40',NULL,NULL,NULL),(483,3,1325.42,1065,'2025-04-18 10:52:53',NULL,NULL,NULL),(484,3,1325.34,1029,'2025-04-18 10:53:06',NULL,NULL,NULL),(485,3,1325.41,1079,'2025-04-18 10:53:19',NULL,NULL,NULL),(486,3,1325.49,901,'2025-04-18 10:53:31',NULL,NULL,NULL),(487,3,1325.55,856,'2025-04-18 10:53:44',NULL,NULL,NULL),(488,3,1325.5,1012,'2025-04-18 10:53:58',NULL,NULL,NULL),(489,3,1325.55,847,'2025-04-18 10:54:12',NULL,NULL,NULL),(490,3,1325.61,892,'2025-04-18 10:54:27',NULL,NULL,NULL),(491,3,1325.54,1121,'2025-04-18 10:54:41',NULL,NULL,NULL),(492,3,1325.51,1122,'2025-04-18 10:54:56',NULL,NULL,NULL),(493,3,1325.51,997,'2025-04-18 10:55:08',NULL,NULL,NULL),(494,3,1325.44,867,'2025-04-18 10:55:21',NULL,NULL,NULL),(495,3,1325.53,924,'2025-04-18 10:55:34',NULL,NULL,NULL),(496,3,1325.57,899,'2025-04-18 10:55:46',NULL,NULL,NULL),(497,3,1325.67,1021,'2025-04-18 10:55:59',NULL,NULL,NULL),(498,3,1325.72,927,'2025-04-18 10:56:13',NULL,NULL,NULL),(499,3,1325.76,1070,'2025-04-18 10:56:26',NULL,NULL,NULL),(500,3,1325.83,883,'2025-04-18 10:56:39',NULL,NULL,NULL),(501,3,1325.9,1094,'2025-04-18 10:56:52',NULL,NULL,NULL),(502,3,1325.87,1132,'2025-04-18 10:57:07',NULL,NULL,NULL),(503,3,1325.93,927,'2025-04-18 10:57:20',NULL,NULL,NULL),(504,3,1326.03,960,'2025-04-18 10:57:32',NULL,NULL,NULL),(505,3,1326.06,843,'2025-04-18 10:57:47',NULL,NULL,NULL),(506,3,1326.16,891,'2025-04-18 10:58:01',NULL,NULL,NULL),(507,3,1326.25,858,'2025-04-18 10:58:13',NULL,NULL,NULL),(508,3,1326.2,923,'2025-04-18 10:58:27',NULL,NULL,NULL),(509,3,1326.29,873,'2025-04-18 10:58:42',NULL,NULL,NULL),(510,3,1326.26,880,'2025-04-18 10:58:54',NULL,NULL,NULL),(511,3,1326.22,1103,'2025-04-18 10:59:07',NULL,NULL,NULL),(512,3,1326.17,879,'2025-04-18 10:59:20',NULL,NULL,NULL),(513,3,1326.24,946,'2025-04-18 10:59:32',NULL,NULL,NULL),(514,3,1326.15,1099,'2025-04-18 10:59:45',NULL,NULL,NULL),(515,3,1326.06,1111,'2025-04-18 11:00:00',NULL,NULL,NULL),(516,3,1325.98,921,'2025-04-18 11:00:13',NULL,NULL,NULL),(517,3,1326.01,994,'2025-04-18 11:00:26',NULL,NULL,NULL),(518,3,1326,931,'2025-04-18 11:00:38',NULL,NULL,NULL),(519,3,1325.99,995,'2025-04-18 11:00:51',NULL,NULL,NULL),(520,3,1326,1083,'2025-04-18 11:01:03',NULL,NULL,NULL),(521,3,1325.95,977,'2025-04-18 11:01:16',NULL,NULL,NULL),(522,3,1325.86,1130,'2025-04-18 11:01:29',NULL,NULL,NULL),(523,3,1325.87,1054,'2025-04-18 11:01:41',NULL,NULL,NULL),(524,3,1325.87,1025,'2025-04-18 11:01:54',NULL,NULL,NULL),(525,3,1325.88,1063,'2025-04-18 11:02:07',NULL,NULL,NULL),(526,3,1325.97,1004,'2025-04-18 11:02:21',NULL,NULL,NULL),(527,3,1326.05,936,'2025-04-18 11:02:34',NULL,NULL,NULL),(528,3,1326.14,904,'2025-04-18 11:02:46',NULL,NULL,NULL),(529,3,1326.18,1028,'2025-04-18 11:03:01',NULL,NULL,NULL),(530,3,1326.21,1072,'2025-04-18 11:03:17',NULL,NULL,NULL),(531,3,1326.3,1100,'2025-04-18 11:03:30',NULL,NULL,NULL),(532,3,1326.4,1018,'2025-04-18 11:03:43',NULL,NULL,NULL),(533,3,1326.37,1029,'2025-04-18 11:03:56',NULL,NULL,NULL),(534,3,1326.29,843,'2025-04-18 11:04:09',NULL,NULL,NULL),(535,3,1326.34,888,'2025-04-18 11:04:21',NULL,NULL,NULL),(536,3,1326.38,934,'2025-04-18 11:04:34',NULL,NULL,NULL),(537,3,1326.31,1015,'2025-04-18 11:04:47',NULL,NULL,NULL),(538,3,1326.28,1000,'2025-04-18 11:05:00',NULL,NULL,NULL),(539,3,1326.3,1093,'2025-04-18 11:05:13',NULL,NULL,NULL),(540,3,1326.23,937,'2025-04-18 11:05:26',NULL,NULL,NULL),(541,3,1326.33,856,'2025-04-18 11:05:39',NULL,NULL,NULL),(542,3,1326.34,1074,'2025-04-18 11:05:52',NULL,NULL,NULL),(543,3,1326.29,1090,'2025-04-18 11:06:05',NULL,NULL,NULL),(544,3,1326.38,1119,'2025-04-18 11:06:18',NULL,NULL,NULL),(545,3,1326.41,1023,'2025-04-18 11:06:30',NULL,NULL,NULL),(546,3,1326.32,944,'2025-04-18 11:06:46',NULL,NULL,NULL),(547,3,1326.28,985,'2025-04-18 11:07:02',NULL,NULL,NULL),(548,3,1326.21,1128,'2025-04-18 11:07:15',NULL,NULL,NULL),(549,3,1326.23,1075,'2025-04-18 11:07:28',NULL,NULL,NULL),(550,3,1326.19,917,'2025-04-18 11:07:41',NULL,NULL,NULL),(551,3,1326.28,840,'2025-04-18 11:07:54',NULL,NULL,NULL),(552,3,1326.38,1020,'2025-04-18 11:08:06',NULL,NULL,NULL),(553,3,1326.41,1122,'2025-04-18 11:08:19',NULL,NULL,NULL),(554,3,1326.44,1105,'2025-04-18 11:08:32',NULL,NULL,NULL),(555,3,1326.35,860,'2025-04-18 11:08:45',NULL,NULL,NULL),(556,3,1326.41,1062,'2025-04-18 11:08:57',NULL,NULL,NULL),(557,3,1326.42,1074,'2025-04-18 11:09:10',NULL,NULL,NULL),(558,3,1326.45,918,'2025-04-18 11:09:23',NULL,NULL,NULL),(559,3,1326.38,856,'2025-04-18 11:09:35',NULL,NULL,NULL),(560,3,1326.39,918,'2025-04-18 11:09:48',NULL,NULL,NULL),(561,3,1326.3,1068,'2025-04-18 11:10:01',NULL,NULL,NULL),(562,3,1326.23,1082,'2025-04-18 11:10:13',NULL,NULL,NULL),(563,3,1326.31,1052,'2025-04-18 11:10:26',NULL,NULL,NULL),(564,3,1326.37,867,'2025-04-18 11:10:39',NULL,NULL,NULL),(565,3,1326.38,1044,'2025-04-18 11:10:51',NULL,NULL,NULL),(566,3,1326.41,917,'2025-04-18 11:11:05',NULL,NULL,NULL),(567,3,1326.4,914,'2025-04-18 11:11:18',NULL,NULL,NULL),(568,3,1326.4,1103,'2025-04-18 11:11:31',NULL,NULL,NULL),(569,3,1326.44,1059,'2025-04-18 11:11:45',NULL,NULL,NULL),(570,3,1326.34,1126,'2025-04-18 11:11:58',NULL,NULL,NULL),(571,3,1326.25,1018,'2025-04-18 11:12:10',NULL,NULL,NULL),(572,3,1326.19,927,'2025-04-18 11:12:23',NULL,NULL,NULL),(573,3,1326.12,1046,'2025-04-18 11:12:36',NULL,NULL,NULL),(574,3,1326.16,1109,'2025-04-18 11:12:48',NULL,NULL,NULL),(575,3,1326.12,968,'2025-04-18 11:13:01',NULL,NULL,NULL),(576,3,1326.16,1056,'2025-04-18 11:13:15',NULL,NULL,NULL),(577,3,1326.21,959,'2025-04-18 11:13:27',NULL,NULL,NULL),(578,3,1326.26,1127,'2025-04-18 11:13:44',NULL,NULL,NULL),(579,3,1326.36,934,'2025-04-18 11:13:58',NULL,NULL,NULL),(580,3,1326.37,864,'2025-04-18 11:14:12',NULL,NULL,NULL),(581,3,1326.43,1077,'2025-04-18 11:14:26',NULL,NULL,NULL),(582,3,1326.43,1051,'2025-04-18 11:14:40',NULL,NULL,NULL),(583,3,1326.52,954,'2025-04-18 11:14:53',NULL,NULL,NULL),(584,3,1326.55,901,'2025-04-18 11:15:06',NULL,NULL,NULL),(585,3,1326.57,898,'2025-04-18 11:15:18',NULL,NULL,NULL),(586,3,1326.5,891,'2025-04-18 11:15:31',NULL,NULL,NULL),(587,3,1326.57,1051,'2025-04-18 11:15:43',NULL,NULL,NULL),(588,3,1326.48,906,'2025-04-18 11:15:56',NULL,NULL,NULL),(589,3,1326.56,871,'2025-04-18 11:16:08',NULL,NULL,NULL),(590,3,1326.57,1056,'2025-04-18 11:16:21',NULL,NULL,NULL),(591,3,1326.57,1078,'2025-04-18 11:16:33',NULL,NULL,NULL),(592,3,1326.53,841,'2025-04-18 11:16:46',NULL,NULL,NULL),(593,3,1326.52,893,'2025-04-18 11:16:59',NULL,NULL,NULL),(594,3,1326.57,970,'2025-04-18 11:17:11',NULL,NULL,NULL),(595,3,1326.5,1094,'2025-04-18 11:17:24',NULL,NULL,NULL),(596,3,1326.6,1017,'2025-04-18 11:17:36',NULL,NULL,NULL),(597,3,1326.53,884,'2025-04-18 11:17:49',NULL,NULL,NULL),(598,3,1326.62,1070,'2025-04-18 11:18:01',NULL,NULL,NULL),(599,3,1326.58,1090,'2025-04-18 11:18:14',NULL,NULL,NULL),(600,3,1326.63,841,'2025-04-18 11:18:27',NULL,NULL,NULL),(601,3,1326.7,971,'2025-04-18 11:18:39',NULL,NULL,NULL),(602,3,1326.74,983,'2025-04-18 11:18:52',NULL,NULL,NULL),(603,3,1326.68,1122,'2025-04-18 11:19:05',NULL,NULL,NULL),(604,3,1326.71,1037,'2025-04-18 11:19:18',NULL,NULL,NULL),(605,3,1326.75,1061,'2025-04-18 11:19:30',NULL,NULL,NULL),(606,3,1326.82,920,'2025-04-18 11:19:43',NULL,NULL,NULL),(607,3,1326.85,924,'2025-04-18 11:19:56',NULL,NULL,NULL),(608,3,1326.84,1114,'2025-04-18 11:20:08',NULL,NULL,NULL),(609,3,1326.88,1110,'2025-04-18 11:20:21',NULL,NULL,NULL),(610,3,1326.96,901,'2025-04-18 11:20:33',NULL,NULL,NULL),(611,3,1326.99,1008,'2025-04-18 11:20:46',NULL,NULL,NULL),(612,3,1326.98,903,'2025-04-18 11:20:58',NULL,NULL,NULL),(613,3,1327.04,917,'2025-04-18 11:21:11',NULL,NULL,NULL),(614,3,1327.02,910,'2025-04-18 11:21:24',NULL,NULL,NULL),(615,3,1327.06,985,'2025-04-18 11:21:36',NULL,NULL,NULL),(616,3,1326.96,876,'2025-04-18 11:21:49',NULL,NULL,NULL),(617,3,1327.04,859,'2025-04-18 11:22:01',NULL,NULL,NULL),(618,3,1327.02,858,'2025-04-18 11:22:14',NULL,NULL,NULL),(619,3,1327.03,1064,'2025-04-18 11:22:26',NULL,NULL,NULL),(620,3,1327.05,862,'2025-04-18 11:22:39',NULL,NULL,NULL),(621,3,1327,1128,'2025-04-18 11:22:52',NULL,NULL,NULL),(622,3,1327.02,1089,'2025-04-18 11:23:05',NULL,NULL,NULL),(623,3,1326.98,1074,'2025-04-18 11:23:18',NULL,NULL,NULL),(624,3,1327.08,1026,'2025-04-18 11:23:30',NULL,NULL,NULL),(625,3,1327.17,863,'2025-04-18 11:23:43',NULL,NULL,NULL),(626,3,1327.18,869,'2025-04-18 11:23:56',NULL,NULL,NULL),(627,3,1327.16,1078,'2025-04-18 11:24:08',NULL,NULL,NULL),(628,3,1327.15,1105,'2025-04-18 11:24:21',NULL,NULL,NULL),(629,3,1327.22,925,'2025-04-18 11:24:33',NULL,NULL,NULL),(630,3,1327.3,906,'2025-04-18 11:24:46',NULL,NULL,NULL),(631,3,1327.39,1117,'2025-04-18 11:24:59',NULL,NULL,NULL),(632,3,1327.37,875,'2025-04-18 11:25:11',NULL,NULL,NULL),(633,3,1327.32,917,'2025-04-18 11:25:24',NULL,NULL,NULL),(634,3,1327.42,1072,'2025-04-18 11:25:36',NULL,NULL,NULL),(635,3,1327.35,942,'2025-04-18 11:25:49',NULL,NULL,NULL),(636,3,1327.32,889,'2025-04-18 11:26:01',NULL,NULL,NULL),(637,3,1327.4,887,'2025-04-18 11:26:14',NULL,NULL,NULL),(638,3,1327.33,1083,'2025-04-18 11:26:27',NULL,NULL,NULL),(639,3,1327.28,1069,'2025-04-18 11:26:39',NULL,NULL,NULL),(640,3,1327.2,1014,'2025-04-18 11:26:52',NULL,NULL,NULL),(641,3,1327.23,1021,'2025-04-18 11:27:04',NULL,NULL,NULL),(642,3,1327.14,919,'2025-04-18 11:27:17',NULL,NULL,NULL),(643,3,1327.19,1087,'2025-04-18 11:27:29',NULL,NULL,NULL),(644,3,1327.1,1005,'2025-04-18 11:27:42',NULL,NULL,NULL),(645,3,1327.17,1044,'2025-04-18 11:27:55',NULL,NULL,NULL),(646,3,1327.23,1049,'2025-04-18 11:28:07',NULL,NULL,NULL),(647,3,1327.19,860,'2025-04-18 11:28:20',NULL,NULL,NULL),(648,3,1327.15,968,'2025-04-18 11:28:32',NULL,NULL,NULL),(649,3,1327.21,1004,'2025-04-18 11:28:45',NULL,NULL,NULL),(650,3,1327.23,1038,'2025-04-18 11:28:58',NULL,NULL,NULL),(651,3,1327.14,868,'2025-04-18 11:29:10',NULL,NULL,NULL),(652,3,1327.18,998,'2025-04-18 11:29:23',NULL,NULL,NULL),(653,3,1327.17,1082,'2025-04-18 11:29:35',NULL,NULL,NULL),(654,3,1327.09,1003,'2025-04-18 11:29:48',NULL,NULL,NULL),(655,3,1327.12,1104,'2025-04-18 11:30:01',NULL,NULL,NULL),(656,3,1327.2,955,'2025-04-18 11:30:13',NULL,NULL,NULL),(657,3,1327.16,1002,'2025-04-18 11:30:26',NULL,NULL,NULL),(658,3,1327.2,978,'2025-04-18 11:30:40',NULL,NULL,NULL),(659,3,1327.2,1122,'2025-04-18 11:30:54',NULL,NULL,NULL),(660,3,1327.13,1100,'2025-04-18 11:31:08',NULL,NULL,NULL),(661,3,1327.1,884,'2025-04-18 11:31:22',NULL,NULL,NULL),(662,3,1327.19,993,'2025-04-18 11:31:34',NULL,NULL,NULL),(663,3,1327.22,1001,'2025-04-18 11:31:47',NULL,NULL,NULL),(664,3,1327.26,939,'2025-04-18 11:32:00',NULL,NULL,NULL),(665,3,1327.18,886,'2025-04-18 11:32:12',NULL,NULL,NULL),(666,3,1327.18,1093,'2025-04-18 11:32:25',NULL,NULL,NULL),(667,3,1327.09,1128,'2025-04-18 11:32:37',NULL,NULL,NULL),(668,3,1327.16,1111,'2025-04-18 11:32:51',NULL,NULL,NULL),(669,3,1327.09,959,'2025-04-18 11:33:04',NULL,NULL,NULL),(670,3,1327.1,994,'2025-04-18 11:33:17',NULL,NULL,NULL),(671,3,1327.16,914,'2025-04-18 11:33:30',NULL,NULL,NULL),(672,3,1327.08,951,'2025-04-18 11:33:42',NULL,NULL,NULL),(673,3,1327.12,924,'2025-04-18 11:33:55',NULL,NULL,NULL),(674,3,1327.05,877,'2025-04-18 11:34:08',NULL,NULL,NULL),(675,3,1327.03,861,'2025-04-18 11:34:21',NULL,NULL,NULL),(676,3,1327.04,990,'2025-04-18 11:34:33',NULL,NULL,NULL),(677,3,1327.12,1105,'2025-04-18 11:34:46',NULL,NULL,NULL),(678,3,1327.2,851,'2025-04-18 11:34:59',NULL,NULL,NULL),(679,3,1327.27,991,'2025-04-18 11:35:12',NULL,NULL,NULL),(680,3,1327.19,1100,'2025-04-18 11:35:26',NULL,NULL,NULL),(681,3,1327.12,967,'2025-04-18 11:35:38',NULL,NULL,NULL),(682,3,1327.03,1097,'2025-04-18 11:35:52',NULL,NULL,NULL),(683,3,1327.09,920,'2025-04-18 11:36:07',NULL,NULL,NULL),(684,3,1327.03,852,'2025-04-18 11:36:20',NULL,NULL,NULL),(685,3,1327.01,944,'2025-04-18 11:36:34',NULL,NULL,NULL),(686,3,1327.11,1045,'2025-04-18 11:36:47',NULL,NULL,NULL),(687,3,1327.2,949,'2025-04-18 11:37:03',NULL,NULL,NULL),(688,3,1327.12,993,'2025-04-18 11:37:22',NULL,NULL,NULL),(689,3,1327.02,1116,'2025-04-18 11:37:40',NULL,NULL,NULL),(690,3,1326.96,1111,'2025-04-18 11:37:55',NULL,NULL,NULL),(691,3,1327.06,1031,'2025-04-18 11:38:09',NULL,NULL,NULL),(692,3,1326.99,886,'2025-04-18 11:38:22',NULL,NULL,NULL),(693,3,1327.05,1107,'2025-04-18 11:38:35',NULL,NULL,NULL),(694,3,1326.99,1111,'2025-04-18 11:38:48',NULL,NULL,NULL),(695,3,1327.02,1005,'2025-04-18 11:39:02',NULL,NULL,NULL),(696,3,1327.12,1012,'2025-04-18 11:39:16',NULL,NULL,NULL),(697,3,1327.06,1135,'2025-04-18 11:39:28',NULL,NULL,NULL),(698,3,1327.05,872,'2025-04-18 11:39:41',NULL,NULL,NULL),(699,3,1327.13,990,'2025-04-18 11:39:54',NULL,NULL,NULL),(700,3,1327.19,1118,'2025-04-18 11:40:07',NULL,NULL,NULL),(701,3,1327.23,971,'2025-04-18 11:40:20',NULL,NULL,NULL),(702,3,1327.25,972,'2025-04-18 11:40:32',NULL,NULL,NULL),(703,3,1327.32,1072,'2025-04-18 11:40:45',NULL,NULL,NULL),(704,3,1327.36,871,'2025-04-18 11:40:59',NULL,NULL,NULL),(705,3,1327.26,1134,'2025-04-18 11:41:13',NULL,NULL,NULL),(706,3,1327.22,981,'2025-04-18 11:41:29',NULL,NULL,NULL),(707,3,1327.3,995,'2025-04-18 11:41:44',NULL,NULL,NULL),(708,3,1327.37,1090,'2025-04-18 11:42:00',NULL,NULL,NULL),(709,3,1327.45,1104,'2025-04-18 11:42:16',NULL,NULL,NULL),(710,3,1327.43,929,'2025-04-18 11:42:31',NULL,NULL,NULL),(711,3,1327.38,869,'2025-04-18 11:42:44',NULL,NULL,NULL),(712,3,1327.34,1020,'2025-04-18 11:42:59',NULL,NULL,NULL),(713,3,1327.35,904,'2025-04-18 11:43:13',NULL,NULL,NULL),(714,3,1327.32,934,'2025-04-18 11:43:26',NULL,NULL,NULL),(715,3,1327.26,919,'2025-04-18 11:43:39',NULL,NULL,NULL),(716,3,1327.33,876,'2025-04-18 11:43:52',NULL,NULL,NULL),(717,3,1327.23,1038,'2025-04-18 11:44:04',NULL,NULL,NULL),(718,3,1327.16,1100,'2025-04-18 11:44:17',NULL,NULL,NULL),(719,3,1327.15,893,'2025-04-18 11:44:30',NULL,NULL,NULL),(720,3,1327.16,1115,'2025-04-18 11:44:42',NULL,NULL,NULL),(721,3,1327.15,1085,'2025-04-18 11:44:55',NULL,NULL,NULL),(722,3,1327.1,1111,'2025-04-18 11:45:08',NULL,NULL,NULL),(723,3,1327.19,1133,'2025-04-18 11:45:20',NULL,NULL,NULL),(724,3,1327.25,892,'2025-04-18 11:45:33',NULL,NULL,NULL),(725,3,1327.26,946,'2025-04-18 11:45:45',NULL,NULL,NULL),(726,3,1327.24,1109,'2025-04-18 11:45:58',NULL,NULL,NULL),(727,3,1327.21,1023,'2025-04-18 11:46:11',NULL,NULL,NULL),(728,3,1327.31,954,'2025-04-18 11:46:24',NULL,NULL,NULL),(729,3,1327.38,986,'2025-04-18 11:46:36',NULL,NULL,NULL),(730,3,1327.42,985,'2025-04-18 11:46:51',NULL,NULL,NULL),(731,3,1327.48,1004,'2025-04-18 11:47:05',NULL,NULL,NULL),(732,3,1327.45,990,'2025-04-18 11:47:19',NULL,NULL,NULL),(733,3,1327.51,1035,'2025-04-18 11:47:33',NULL,NULL,NULL),(734,3,1327.58,1087,'2025-04-18 11:47:47',NULL,NULL,NULL),(735,3,1327.63,968,'2025-04-18 11:48:00',NULL,NULL,NULL),(736,3,1327.55,1120,'2025-04-18 11:48:14',NULL,NULL,NULL),(737,3,1327.47,1076,'2025-04-18 11:48:27',NULL,NULL,NULL),(738,3,1327.44,991,'2025-04-18 11:48:40',NULL,NULL,NULL),(739,3,1327.49,1109,'2025-04-18 11:48:53',NULL,NULL,NULL),(740,3,1327.51,1033,'2025-04-18 11:49:07',NULL,NULL,NULL),(741,3,1327.49,1120,'2025-04-18 11:49:20',NULL,NULL,NULL),(742,3,1327.43,847,'2025-04-18 11:49:33',NULL,NULL,NULL),(743,3,1327.51,1094,'2025-04-18 11:49:46',NULL,NULL,NULL),(744,3,1327.54,1054,'2025-04-18 11:49:58',NULL,NULL,NULL),(745,3,1327.55,1055,'2025-04-18 11:50:11',NULL,NULL,NULL),(746,3,1327.52,1054,'2025-04-18 11:50:24',NULL,NULL,NULL),(747,3,1327.49,1071,'2025-04-18 11:50:36',NULL,NULL,NULL),(748,3,1327.56,1025,'2025-04-18 11:50:50',NULL,NULL,NULL),(749,3,1327.64,957,'2025-04-18 11:51:03',NULL,NULL,NULL),(750,3,1327.72,1100,'2025-04-18 11:51:16',NULL,NULL,NULL),(751,3,1327.67,870,'2025-04-18 11:51:29',NULL,NULL,NULL),(752,3,1327.72,922,'2025-04-18 11:51:41',NULL,NULL,NULL),(753,3,1327.81,988,'2025-04-18 11:51:58',NULL,NULL,NULL),(754,3,1327.75,925,'2025-04-18 11:52:13',NULL,NULL,NULL),(755,3,1327.72,1134,'2025-04-18 11:52:27',NULL,NULL,NULL),(756,3,1327.74,867,'2025-04-18 11:52:41',NULL,NULL,NULL),(757,3,1327.8,1072,'2025-04-18 11:52:55',NULL,NULL,NULL),(758,3,1327.84,1105,'2025-04-18 11:53:11',NULL,NULL,NULL),(759,3,1327.74,906,'2025-04-18 11:53:26',NULL,NULL,NULL),(760,3,1327.68,880,'2025-04-18 11:53:39',NULL,NULL,NULL),(761,3,1327.72,963,'2025-04-18 11:53:52',NULL,NULL,NULL),(762,3,1327.81,985,'2025-04-18 11:54:07',NULL,NULL,NULL),(763,3,1327.85,868,'2025-04-18 11:54:21',NULL,NULL,NULL),(764,3,1327.77,886,'2025-04-18 11:54:34',NULL,NULL,NULL),(765,3,1327.81,1064,'2025-04-18 11:54:48',NULL,NULL,NULL),(766,3,1327.86,922,'2025-04-18 11:55:03',NULL,NULL,NULL),(767,3,1327.93,1109,'2025-04-18 11:55:18',NULL,NULL,NULL),(768,3,1327.97,1099,'2025-04-18 11:55:31',NULL,NULL,NULL),(769,3,1327.91,1088,'2025-04-18 11:55:44',NULL,NULL,NULL),(770,3,1328.01,1070,'2025-04-18 11:55:57',NULL,NULL,NULL),(771,3,1328.08,1101,'2025-04-18 11:56:09',NULL,NULL,NULL),(772,3,1328.01,1067,'2025-04-18 11:56:22',NULL,NULL,NULL),(773,3,1328.07,932,'2025-04-18 11:56:35',NULL,NULL,NULL),(774,3,1328.08,1013,'2025-04-18 11:56:47',NULL,NULL,NULL),(775,3,1328.04,878,'2025-04-18 11:57:00',NULL,NULL,NULL),(776,3,1328.14,885,'2025-04-18 11:57:13',NULL,NULL,NULL),(777,3,1328.2,1118,'2025-04-18 11:57:25',NULL,NULL,NULL),(778,3,1328.28,884,'2025-04-18 11:57:38',NULL,NULL,NULL),(779,3,1328.24,1010,'2025-04-18 11:57:51',NULL,NULL,NULL),(780,3,1328.29,871,'2025-04-18 11:58:03',NULL,NULL,NULL),(781,3,1328.25,896,'2025-04-18 11:58:16',NULL,NULL,NULL),(782,3,1328.31,841,'2025-04-18 11:58:29',NULL,NULL,NULL),(783,3,1328.33,1105,'2025-04-18 11:58:42',NULL,NULL,NULL),(784,3,1328.31,899,'2025-04-18 11:58:54',NULL,NULL,NULL),(785,3,1328.29,1002,'2025-04-18 11:59:07',NULL,NULL,NULL),(786,3,1328.3,1057,'2025-04-18 11:59:20',NULL,NULL,NULL),(787,3,1328.26,860,'2025-04-18 11:59:32',NULL,NULL,NULL),(788,3,1328.35,854,'2025-04-18 11:59:45',NULL,NULL,NULL),(789,3,1328.31,927,'2025-04-18 11:59:58',NULL,NULL,NULL),(790,3,1328.36,942,'2025-04-18 12:00:10',NULL,NULL,NULL),(791,3,1328.28,1016,'2025-04-18 12:00:23',NULL,NULL,NULL),(792,3,1328.35,993,'2025-04-18 12:00:36',NULL,NULL,NULL),(793,3,1328.29,1031,'2025-04-18 12:00:48',NULL,NULL,NULL),(794,3,1328.2,1087,'2025-04-18 12:01:01',NULL,NULL,NULL),(795,3,1328.24,952,'2025-04-18 12:01:14',NULL,NULL,NULL),(796,3,1328.21,846,'2025-04-18 12:01:28',NULL,NULL,NULL),(797,3,1328.26,1035,'2025-04-18 12:01:41',NULL,NULL,NULL),(798,3,1328.18,1060,'2025-04-18 12:01:54',NULL,NULL,NULL),(799,3,1328.18,1124,'2025-04-18 12:02:07',NULL,NULL,NULL),(800,3,1328.14,1076,'2025-04-18 12:02:20',NULL,NULL,NULL),(801,3,1328.07,1091,'2025-04-18 12:02:32',NULL,NULL,NULL),(802,3,1328.16,935,'2025-04-18 12:02:45',NULL,NULL,NULL),(803,3,1328.09,901,'2025-04-18 12:02:58',NULL,NULL,NULL),(804,3,1328.19,966,'2025-04-18 12:03:11',NULL,NULL,NULL),(805,3,1328.13,887,'2025-04-18 12:03:23',NULL,NULL,NULL),(806,3,1328.15,937,'2025-04-18 12:03:36',NULL,NULL,NULL),(807,3,1328.23,1014,'2025-04-18 12:03:50',NULL,NULL,NULL),(808,3,1328.19,860,'2025-04-18 12:04:06',NULL,NULL,NULL),(809,3,1328.28,900,'2025-04-18 12:04:22',NULL,NULL,NULL),(810,3,1328.26,860,'2025-04-18 12:04:39',NULL,NULL,NULL),(811,3,1328.32,972,'2025-04-18 12:04:59',NULL,NULL,NULL),(812,3,1328.28,880,'2025-04-18 12:05:15',NULL,NULL,NULL),(813,3,1328.3,1006,'2025-04-18 12:05:31',NULL,NULL,NULL),(814,3,1328.34,993,'2025-04-18 12:05:46',NULL,NULL,NULL),(815,3,1328.29,1014,'2025-04-18 12:06:06',NULL,NULL,NULL),(816,3,1328.25,1110,'2025-04-18 12:06:18',NULL,NULL,NULL),(817,3,1328.22,889,'2025-04-18 12:06:31',NULL,NULL,NULL),(818,3,1328.26,1067,'2025-04-18 12:06:44',NULL,NULL,NULL),(819,3,1328.23,846,'2025-04-18 12:06:56',NULL,NULL,NULL),(820,3,1328.25,965,'2025-04-18 12:07:09',NULL,NULL,NULL),(821,3,1328.24,919,'2025-04-18 12:07:22',NULL,NULL,NULL),(822,3,1328.32,981,'2025-04-18 12:07:35',NULL,NULL,NULL),(823,3,1328.41,886,'2025-04-18 12:07:47',NULL,NULL,NULL),(824,3,1328.34,951,'2025-04-18 12:08:00',NULL,NULL,NULL),(825,3,1328.38,1043,'2025-04-18 12:08:13',NULL,NULL,NULL),(826,3,1328.43,1084,'2025-04-18 12:08:26',NULL,NULL,NULL),(827,3,1328.46,961,'2025-04-18 12:08:39',NULL,NULL,NULL),(828,3,1328.55,1100,'2025-04-18 12:08:51',NULL,NULL,NULL),(829,3,1328.64,1045,'2025-04-18 12:09:04',NULL,NULL,NULL),(830,3,1328.61,861,'2025-04-18 12:09:17',NULL,NULL,NULL),(831,3,1328.56,860,'2025-04-18 12:09:29',NULL,NULL,NULL),(832,3,1328.58,1030,'2025-04-18 12:09:42',NULL,NULL,NULL),(833,3,1328.57,1064,'2025-04-18 12:09:55',NULL,NULL,NULL),(834,3,1328.55,961,'2025-04-18 12:10:09',NULL,NULL,NULL),(835,3,1328.49,867,'2025-04-18 12:10:22',NULL,NULL,NULL),(836,3,1328.44,1071,'2025-04-18 12:10:35',NULL,NULL,NULL),(837,3,1328.49,1090,'2025-04-18 12:10:47',NULL,NULL,NULL),(838,3,1328.45,998,'2025-04-18 12:11:01',NULL,NULL,NULL),(839,3,1328.47,988,'2025-04-18 12:11:15',NULL,NULL,NULL),(840,3,1328.5,1125,'2025-04-18 12:11:27',NULL,NULL,NULL),(841,3,1328.57,898,'2025-04-18 12:11:41',NULL,NULL,NULL),(842,3,1328.62,865,'2025-04-18 12:11:55',NULL,NULL,NULL),(843,3,1328.61,965,'2025-04-18 12:12:11',NULL,NULL,NULL),(844,3,1328.58,1045,'2025-04-18 12:12:26',NULL,NULL,NULL),(845,3,1328.52,908,'2025-04-18 12:12:40',NULL,NULL,NULL),(846,3,1328.44,1072,'2025-04-18 12:12:55',NULL,NULL,NULL),(847,3,1328.45,1083,'2025-04-18 12:13:08',NULL,NULL,NULL),(848,3,1328.5,1076,'2025-04-18 12:13:22',NULL,NULL,NULL),(849,3,1328.47,1043,'2025-04-18 12:13:34',NULL,NULL,NULL),(850,3,1328.4,1023,'2025-04-18 12:13:47',NULL,NULL,NULL),(851,3,1328.32,1105,'2025-04-18 12:14:00',NULL,NULL,NULL),(852,3,1328.33,944,'2025-04-18 12:14:12',NULL,NULL,NULL),(853,3,1328.37,890,'2025-04-18 12:14:25',NULL,NULL,NULL),(854,3,1328.38,1037,'2025-04-18 12:14:39',NULL,NULL,NULL),(855,3,1328.46,1125,'2025-04-18 12:14:52',NULL,NULL,NULL),(856,3,1328.48,961,'2025-04-18 12:15:04',NULL,NULL,NULL),(857,3,1328.52,1098,'2025-04-18 12:15:17',NULL,NULL,NULL),(858,3,1328.43,1092,'2025-04-18 12:15:32',NULL,NULL,NULL),(859,3,1328.47,905,'2025-04-18 12:15:47',NULL,NULL,NULL),(860,3,1328.53,1123,'2025-04-18 12:15:59',NULL,NULL,NULL),(861,3,1328.47,895,'2025-04-18 12:16:13',NULL,NULL,NULL),(862,3,1328.44,1108,'2025-04-18 12:16:26',NULL,NULL,NULL),(863,3,1328.49,1138,'2025-04-18 12:16:39',NULL,NULL,NULL),(864,3,1328.58,883,'2025-04-18 12:16:53',NULL,NULL,NULL),(865,3,1328.63,933,'2025-04-18 12:17:06',NULL,NULL,NULL),(866,3,1328.64,1134,'2025-04-18 12:17:19',NULL,NULL,NULL),(867,3,1328.59,900,'2025-04-18 12:17:35',NULL,NULL,NULL),(868,3,1328.59,964,'2025-04-18 12:17:49',NULL,NULL,NULL),(869,3,1328.6,1087,'2025-04-18 12:18:07',NULL,NULL,NULL),(870,3,1328.7,938,'2025-04-18 12:18:21',NULL,NULL,NULL),(871,3,1328.69,906,'2025-04-18 12:18:34',NULL,NULL,NULL),(872,3,1328.64,1133,'2025-04-18 12:18:47',NULL,NULL,NULL),(873,3,1328.64,844,'2025-04-18 12:19:04',NULL,NULL,NULL),(874,3,1328.6,973,'2025-04-18 12:19:20',NULL,NULL,NULL),(875,3,1328.62,1134,'2025-04-18 12:19:36',NULL,NULL,NULL),(876,3,1328.68,1107,'2025-04-18 12:19:52',NULL,NULL,NULL),(877,3,1328.74,904,'2025-04-18 12:20:06',NULL,NULL,NULL),(878,3,1328.72,1099,'2025-04-18 12:20:21',NULL,NULL,NULL),(879,3,1328.73,951,'2025-04-18 12:20:36',NULL,NULL,NULL),(880,3,1328.69,1097,'2025-04-18 12:20:52',NULL,NULL,NULL),(881,3,1328.79,928,'2025-04-18 12:21:07',NULL,NULL,NULL),(882,3,1328.8,975,'2025-04-18 12:21:22',NULL,NULL,NULL),(883,3,1328.72,919,'2025-04-18 12:21:37',NULL,NULL,NULL),(884,3,1328.72,1123,'2025-04-18 12:21:53',NULL,NULL,NULL),(885,3,1328.76,1130,'2025-04-18 12:22:06',NULL,NULL,NULL),(886,3,1328.81,1099,'2025-04-18 12:22:18',NULL,NULL,NULL),(887,3,1328.76,851,'2025-04-18 12:22:31',NULL,NULL,NULL),(888,3,1328.7,1007,'2025-04-18 12:22:43',NULL,NULL,NULL),(889,3,1328.68,971,'2025-04-18 12:22:56',NULL,NULL,NULL),(890,3,1328.74,893,'2025-04-18 12:23:09',NULL,NULL,NULL),(891,3,1328.82,929,'2025-04-18 12:23:21',NULL,NULL,NULL),(892,3,1328.87,960,'2025-04-18 12:23:34',NULL,NULL,NULL),(893,3,1328.9,1060,'2025-04-18 12:23:46',NULL,NULL,NULL),(894,3,1328.99,859,'2025-04-18 12:23:59',NULL,NULL,NULL),(895,3,1329.05,1078,'2025-04-18 12:24:13',NULL,NULL,NULL),(896,3,1329.1,973,'2025-04-18 12:24:25',NULL,NULL,NULL),(897,3,1329.17,1108,'2025-04-18 12:24:39',NULL,NULL,NULL),(898,3,1329.15,933,'2025-04-18 12:24:55',NULL,NULL,NULL),(899,3,1329.2,980,'2025-04-18 12:25:08',NULL,NULL,NULL),(900,3,1329.21,873,'2025-04-18 12:25:21',NULL,NULL,NULL),(901,3,1329.27,1110,'2025-04-18 12:25:36',NULL,NULL,NULL),(902,3,1329.29,887,'2025-04-18 12:25:50',NULL,NULL,NULL),(903,3,1329.25,1054,'2025-04-18 12:26:04',NULL,NULL,NULL),(904,3,1329.32,866,'2025-04-18 12:26:21',NULL,NULL,NULL),(905,3,1329.36,845,'2025-04-18 12:26:37',NULL,NULL,NULL),(906,3,1329.4,1001,'2025-04-18 12:26:53',NULL,NULL,NULL),(907,3,1329.42,952,'2025-04-18 12:27:07',NULL,NULL,NULL),(908,3,1329.46,863,'2025-04-18 12:27:22',NULL,NULL,NULL),(909,3,1329.43,963,'2025-04-18 12:27:35',NULL,NULL,NULL),(910,3,1329.44,1055,'2025-04-18 12:27:49',NULL,NULL,NULL),(911,3,1329.41,929,'2025-04-18 12:28:02',NULL,NULL,NULL),(912,3,1329.35,1108,'2025-04-18 12:28:16',NULL,NULL,NULL),(913,3,1329.4,1005,'2025-04-18 12:28:32',NULL,NULL,NULL),(914,3,1329.43,998,'2025-04-18 12:28:44',NULL,NULL,NULL),(915,3,1329.35,961,'2025-04-18 12:28:57',NULL,NULL,NULL),(916,3,1329.26,1022,'2025-04-18 12:29:10',NULL,NULL,NULL),(917,3,1329.28,1043,'2025-04-18 12:29:22',NULL,NULL,NULL),(918,3,1329.26,902,'2025-04-18 12:29:35',NULL,NULL,NULL),(919,3,1329.3,963,'2025-04-18 12:29:48',NULL,NULL,NULL),(920,3,1329.31,909,'2025-04-18 12:30:00',NULL,NULL,NULL),(921,3,1329.22,1002,'2025-04-18 12:30:13',NULL,NULL,NULL),(922,3,1329.17,1020,'2025-04-18 12:30:27',NULL,NULL,NULL),(923,3,1329.27,985,'2025-04-18 12:30:42',NULL,NULL,NULL),(924,3,1329.18,1112,'2025-04-18 12:30:59',NULL,NULL,NULL),(925,3,1329.13,1053,'2025-04-18 12:31:14',NULL,NULL,NULL),(926,3,1329.17,910,'2025-04-18 12:31:30',NULL,NULL,NULL),(927,3,1329.15,999,'2025-04-18 12:31:48',NULL,NULL,NULL),(928,3,1329.15,1026,'2025-04-18 12:32:05',NULL,NULL,NULL),(929,3,1329.07,1039,'2025-04-18 12:32:28',NULL,NULL,NULL),(930,3,1329.1,1047,'2025-04-18 12:32:42',NULL,NULL,NULL),(931,3,1329.12,1076,'2025-04-18 12:32:58',NULL,NULL,NULL),(932,3,1329.13,1096,'2025-04-18 12:33:13',NULL,NULL,NULL),(933,3,1329.22,1075,'2025-04-18 12:33:29',NULL,NULL,NULL),(934,3,1329.15,1078,'2025-04-18 12:33:46',NULL,NULL,NULL),(935,3,1329.19,887,'2025-04-18 12:34:07',NULL,NULL,NULL),(936,3,1329.12,1042,'2025-04-18 12:34:22',NULL,NULL,NULL),(937,3,1329.18,1059,'2025-04-18 12:34:34',NULL,NULL,NULL),(938,3,1329.28,1051,'2025-04-18 12:34:47',NULL,NULL,NULL),(939,3,1329.31,1050,'2025-04-18 12:35:00',NULL,NULL,NULL),(940,3,1329.25,947,'2025-04-18 12:35:12',NULL,NULL,NULL),(941,3,1329.21,893,'2025-04-18 12:35:25',NULL,NULL,NULL),(942,3,1329.11,880,'2025-04-18 12:35:38',NULL,NULL,NULL),(943,3,1329.2,905,'2025-04-18 12:35:50',NULL,NULL,NULL),(944,3,1329.13,897,'2025-04-18 12:36:03',NULL,NULL,NULL),(945,3,1329.14,1018,'2025-04-18 12:36:16',NULL,NULL,NULL),(946,3,1329.16,1067,'2025-04-18 12:36:28',NULL,NULL,NULL),(947,3,1329.13,917,'2025-04-18 12:36:42',NULL,NULL,NULL),(948,3,1329.11,869,'2025-04-18 12:36:56',NULL,NULL,NULL),(949,3,1329.03,1096,'2025-04-18 12:37:09',NULL,NULL,NULL),(950,3,1329,1139,'2025-04-18 12:37:26',NULL,NULL,NULL),(951,3,1329.05,1015,'2025-04-18 12:37:42',NULL,NULL,NULL),(952,3,1328.98,933,'2025-04-18 12:37:56',NULL,NULL,NULL),(953,3,1328.95,942,'2025-04-18 12:38:09',NULL,NULL,NULL),(954,3,1328.86,890,'2025-04-18 12:38:26',NULL,NULL,NULL),(955,3,1328.96,968,'2025-04-18 12:38:43',NULL,NULL,NULL),(956,3,1328.87,1088,'2025-04-18 12:38:58',NULL,NULL,NULL),(957,3,1328.96,1109,'2025-04-18 12:39:13',NULL,NULL,NULL),(958,3,1328.9,1025,'2025-04-18 12:39:29',NULL,NULL,NULL),(959,3,1328.93,1054,'2025-04-18 12:39:42',NULL,NULL,NULL),(960,3,1329.03,1085,'2025-04-18 12:39:55',NULL,NULL,NULL),(961,3,1329.03,960,'2025-04-18 12:40:11',NULL,NULL,NULL),(962,3,1328.94,943,'2025-04-18 12:40:27',NULL,NULL,NULL),(963,3,1329,859,'2025-04-18 12:40:40',NULL,NULL,NULL),(964,3,1329,1057,'2025-04-18 12:40:55',NULL,NULL,NULL),(965,3,1328.95,903,'2025-04-18 12:41:11',NULL,NULL,NULL),(966,3,1329,1101,'2025-04-18 12:41:23',NULL,NULL,NULL),(967,3,1328.94,1103,'2025-04-18 12:41:36',NULL,NULL,NULL),(968,3,1328.86,873,'2025-04-18 12:41:48',NULL,NULL,NULL),(969,3,1328.77,990,'2025-04-18 12:42:01',NULL,NULL,NULL),(970,3,1328.74,1087,'2025-04-18 12:42:13',NULL,NULL,NULL),(971,3,1328.79,970,'2025-04-18 12:42:26',NULL,NULL,NULL),(972,3,1328.89,1050,'2025-04-18 12:42:39',NULL,NULL,NULL),(973,3,1328.82,912,'2025-04-18 12:42:51',NULL,NULL,NULL),(974,3,1328.73,1081,'2025-04-18 12:43:04',NULL,NULL,NULL),(975,3,1328.75,1017,'2025-04-18 12:43:16',NULL,NULL,NULL),(976,3,1328.78,1099,'2025-04-18 12:43:29',NULL,NULL,NULL),(977,3,1328.88,858,'2025-04-18 12:43:43',NULL,NULL,NULL),(978,3,1328.83,999,'2025-04-18 12:43:57',NULL,NULL,NULL),(979,3,1328.74,1136,'2025-04-18 12:44:09',NULL,NULL,NULL),(980,3,1328.66,979,'2025-04-18 12:44:23',NULL,NULL,NULL),(981,3,1328.73,983,'2025-04-18 12:44:37',NULL,NULL,NULL),(982,3,1328.77,1016,'2025-04-18 12:44:51',NULL,NULL,NULL),(983,3,1328.8,1036,'2025-04-18 12:45:04',NULL,NULL,NULL),(984,3,1328.88,1082,'2025-04-18 12:45:17',NULL,NULL,NULL),(985,3,1328.84,934,'2025-04-18 12:45:30',NULL,NULL,NULL),(986,3,1328.84,891,'2025-04-18 12:45:43',NULL,NULL,NULL),(987,3,1328.75,1040,'2025-04-18 12:45:55',NULL,NULL,NULL),(988,3,1328.78,961,'2025-04-18 12:46:09',NULL,NULL,NULL),(989,3,1328.88,1058,'2025-04-18 12:46:21',NULL,NULL,NULL),(990,3,1328.89,855,'2025-04-18 12:46:34',NULL,NULL,NULL),(991,3,1328.94,907,'2025-04-18 12:46:47',NULL,NULL,NULL),(992,3,1328.94,1136,'2025-04-18 12:46:59',NULL,NULL,NULL),(993,3,1329.01,1035,'2025-04-18 12:47:12',NULL,NULL,NULL),(994,3,1328.93,995,'2025-04-18 12:47:24',NULL,NULL,NULL),(995,3,1328.95,1058,'2025-04-18 12:47:37',NULL,NULL,NULL),(996,3,1329.03,928,'2025-04-18 12:47:50',NULL,NULL,NULL),(997,3,1329.03,1079,'2025-04-18 12:48:00',NULL,NULL,NULL),(998,3,1329.03,929,'2025-04-18 12:53:00',NULL,NULL,NULL),(999,3,1329.05,1099,'2025-04-18 12:53:13',NULL,NULL,NULL),(1000,3,1329.07,1077,'2025-04-18 12:53:26',NULL,NULL,NULL),(1001,3,1329.09,1136,'2025-04-18 12:53:39',NULL,NULL,NULL),(1002,3,1329.11,1100,'2025-04-18 12:53:52',NULL,NULL,NULL),(1003,3,1329.13,1044,'2025-04-18 12:54:05',NULL,NULL,NULL),(1004,3,1329.15,1131,'2025-04-18 12:54:19',NULL,NULL,NULL),(1005,3,1329.17,1072,'2025-04-18 12:54:33',NULL,NULL,NULL),(1006,3,1329.19,1106,'2025-04-18 12:54:46',NULL,NULL,NULL),(1007,3,1329.21,987,'2025-04-18 12:54:58',NULL,NULL,NULL),(1008,3,1329.23,1061,'2025-04-18 12:55:11',NULL,NULL,NULL),(1009,3,1329.25,1040,'2025-04-18 12:55:23',NULL,NULL,NULL),(1010,3,1329.27,954,'2025-04-18 12:55:36',NULL,NULL,NULL),(1011,3,1329.29,847,'2025-04-18 12:55:49',NULL,NULL,NULL),(1012,3,1329.31,1029,'2025-04-18 12:56:01',NULL,NULL,NULL),(1013,3,1329.33,1044,'2025-04-18 12:56:14',NULL,NULL,NULL),(1014,3,1329.35,1098,'2025-04-18 12:56:27',NULL,NULL,NULL),(1015,3,1329.37,901,'2025-04-18 12:56:39',NULL,NULL,NULL),(1016,3,1329.39,859,'2025-04-18 12:56:52',NULL,NULL,NULL),(1017,3,1329.41,897,'2025-04-18 12:57:04',NULL,NULL,NULL),(1018,3,1329.43,861,'2025-04-18 12:57:17',NULL,NULL,NULL),(1019,3,1329.45,967,'2025-04-18 12:57:31',NULL,NULL,NULL),(1020,3,1329.47,882,'2025-04-18 12:57:44',NULL,NULL,NULL),(1021,3,1329.49,1134,'2025-04-18 12:57:56',NULL,NULL,NULL),(1022,3,1329.51,1139,'2025-04-18 12:58:11',NULL,NULL,NULL),(1023,3,1329.53,1060,'2025-04-18 12:58:23',NULL,NULL,NULL),(1024,3,1329.55,1009,'2025-04-18 12:58:37',NULL,NULL,NULL),(1025,3,1329.57,973,'2025-04-18 12:58:49',NULL,NULL,NULL),(1026,3,1329.59,1041,'2025-04-18 12:59:02',NULL,NULL,NULL),(1027,3,1329.61,1014,'2025-04-18 12:59:15',NULL,NULL,NULL),(1028,3,1329.63,1031,'2025-04-18 12:59:28',NULL,NULL,NULL),(1029,3,1329.65,1131,'2025-04-18 12:59:41',NULL,NULL,NULL),(1030,3,1329.67,956,'2025-04-18 12:59:53',NULL,NULL,NULL),(1031,3,1329.69,1063,'2025-04-18 13:00:06',NULL,NULL,NULL),(1032,3,1329.71,1137,'2025-04-18 13:00:19',NULL,NULL,NULL),(1033,3,1329.73,1021,'2025-04-18 13:00:31',NULL,NULL,NULL),(1034,3,1329.75,921,'2025-04-18 13:00:44',NULL,NULL,NULL),(1035,3,1329.77,928,'2025-04-18 13:00:57',NULL,NULL,NULL),(1036,3,1329.79,1129,'2025-04-18 13:01:09',NULL,NULL,NULL),(1037,3,1329.81,938,'2025-04-18 13:01:22',NULL,NULL,NULL),(1038,3,1329.83,1093,'2025-04-18 13:01:35',NULL,NULL,NULL),(1039,3,1329.85,1121,'2025-04-18 13:01:48',NULL,NULL,NULL),(1040,3,1329.87,1061,'2025-04-18 13:02:02',NULL,NULL,NULL),(1041,3,1329.89,981,'2025-04-18 13:02:15',NULL,NULL,NULL),(1042,3,1329.91,988,'2025-04-18 13:02:28',NULL,NULL,NULL),(1043,3,1329.93,1066,'2025-04-18 13:02:41',NULL,NULL,NULL),(1044,3,1329.95,902,'2025-04-18 13:02:54',NULL,NULL,NULL),(1045,3,1329.97,1036,'2025-04-18 13:03:06',NULL,NULL,NULL),(1046,3,1329.99,868,'2025-04-18 13:03:20',NULL,NULL,NULL),(1047,3,1330.01,1016,'2025-04-18 13:03:32',NULL,NULL,NULL),(1048,3,1330.03,892,'2025-04-18 13:03:45',NULL,NULL,NULL),(1049,3,1330.05,1073,'2025-04-18 13:03:58',NULL,NULL,NULL),(1050,3,1330.07,1004,'2025-04-18 13:04:11',NULL,NULL,NULL),(1051,3,1330.09,1025,'2025-04-18 13:04:24',NULL,NULL,NULL),(1052,3,1330.11,1038,'2025-04-18 13:04:36',NULL,NULL,NULL),(1053,3,1330.13,885,'2025-04-18 13:04:49',NULL,NULL,NULL),(1054,3,1330.15,930,'2025-04-18 13:05:01',NULL,NULL,NULL),(1055,3,1330.17,961,'2025-04-18 13:05:14',NULL,NULL,NULL),(1056,3,1330.19,907,'2025-04-18 13:05:26',NULL,NULL,NULL),(1057,3,1330.21,1036,'2025-04-18 13:05:39',NULL,NULL,NULL),(1058,3,1330.23,1075,'2025-04-18 13:05:51',NULL,NULL,NULL),(1059,3,1330.25,1126,'2025-04-18 13:06:04',NULL,NULL,NULL),(1060,3,1330.27,865,'2025-04-18 13:06:16',NULL,NULL,NULL),(1061,3,1330.29,1025,'2025-04-18 13:06:29',NULL,NULL,NULL),(1062,3,1330.31,1040,'2025-04-18 13:06:42',NULL,NULL,NULL),(1063,3,1330.33,1063,'2025-04-18 13:06:54',NULL,NULL,NULL),(1064,3,1330.35,953,'2025-04-18 13:07:07',NULL,NULL,NULL),(1065,3,1330.37,1098,'2025-04-18 13:07:19',NULL,NULL,NULL),(1066,3,1330.39,979,'2025-04-18 13:07:32',NULL,NULL,NULL),(1067,3,1330.41,1135,'2025-04-18 13:07:44',NULL,NULL,NULL),(1068,3,1330.43,948,'2025-04-18 13:07:57',NULL,NULL,NULL),(1069,3,1330.45,1014,'2025-04-18 13:08:09',NULL,NULL,NULL),(1070,3,1330.47,1138,'2025-04-18 13:08:22',NULL,NULL,NULL),(1071,3,1330.49,1048,'2025-04-18 13:08:35',NULL,NULL,NULL),(1072,3,1330.51,968,'2025-04-18 13:08:47',NULL,NULL,NULL),(1073,3,1330.53,1092,'2025-04-18 13:09:00',NULL,NULL,NULL),(1074,3,1330.55,1056,'2025-04-18 13:09:12',NULL,NULL,NULL),(1075,3,1330.57,1076,'2025-04-18 13:09:25',NULL,NULL,NULL),(1076,3,1330.59,921,'2025-04-18 13:09:37',NULL,NULL,NULL),(1077,3,1330.61,977,'2025-04-18 13:09:50',NULL,NULL,NULL),(1078,3,1330.63,1102,'2025-04-18 13:10:02',NULL,NULL,NULL),(1079,3,1330.65,923,'2025-04-18 13:10:15',NULL,NULL,NULL),(1080,3,1330.67,874,'2025-04-18 13:10:27',NULL,NULL,NULL),(1081,3,1330.69,1099,'2025-04-18 13:10:40',NULL,NULL,NULL),(1082,3,1330.71,1058,'2025-04-18 13:10:53',NULL,NULL,NULL),(1083,3,1330.73,893,'2025-04-18 13:11:05',NULL,NULL,NULL),(1084,3,1330.75,1061,'2025-04-18 13:11:18',NULL,NULL,NULL),(1085,3,1330.77,1012,'2025-04-18 13:11:30',NULL,NULL,NULL),(1086,3,1330.79,956,'2025-04-18 13:11:43',NULL,NULL,NULL),(1087,3,1330.81,978,'2025-04-18 13:11:55',NULL,NULL,NULL),(1088,3,1330.83,890,'2025-04-18 13:12:08',NULL,NULL,NULL),(1089,3,1330.85,929,'2025-04-18 13:12:20',NULL,NULL,NULL),(1090,3,1330.87,925,'2025-04-18 13:12:33',NULL,NULL,NULL),(1091,3,1330.89,842,'2025-04-18 13:12:46',NULL,NULL,NULL),(1092,3,1330.91,945,'2025-04-18 13:12:58',NULL,NULL,NULL),(1093,3,1330.93,1006,'2025-04-18 13:13:11',NULL,NULL,NULL),(1094,3,1330.95,1112,'2025-04-18 13:13:24',NULL,NULL,NULL),(1095,3,1330.97,902,'2025-04-18 13:13:37',NULL,NULL,NULL),(1096,3,1330.99,1117,'2025-04-18 13:13:49',NULL,NULL,NULL),(1097,3,1331.01,1081,'2025-04-18 13:14:02',NULL,NULL,NULL),(1098,3,1331.03,1065,'2025-04-18 13:14:14',NULL,NULL,NULL),(1099,3,1331.05,852,'2025-04-18 13:14:27',NULL,NULL,NULL),(1100,3,1331.07,977,'2025-04-18 13:14:40',NULL,NULL,NULL),(1101,3,1331.09,915,'2025-04-18 13:14:52',NULL,NULL,NULL),(1102,3,1331.11,1132,'2025-04-18 13:15:05',NULL,NULL,NULL),(1103,3,1331.13,944,'2025-04-18 13:15:18',NULL,NULL,NULL),(1104,3,1331.15,909,'2025-04-18 13:15:31',NULL,NULL,NULL),(1105,3,1331.17,1025,'2025-04-18 13:15:43',NULL,NULL,NULL),(1106,3,1331.19,1116,'2025-04-18 13:15:56',NULL,NULL,NULL),(1107,3,1331.21,1043,'2025-04-18 13:16:08',NULL,NULL,NULL),(1108,3,1331.23,881,'2025-04-18 13:16:21',NULL,NULL,NULL),(1109,3,1331.25,926,'2025-04-18 13:16:34',NULL,NULL,NULL),(1110,3,1331.28,964,'2025-04-18 13:16:52',NULL,NULL,NULL),(1111,3,1331.3,927,'2025-04-18 13:17:04',NULL,NULL,NULL),(1112,3,1331.32,1041,'2025-04-18 13:17:17',NULL,NULL,NULL),(1113,3,1331.34,1083,'2025-04-18 13:17:30',NULL,NULL,NULL),(1114,3,1331.36,1060,'2025-04-18 13:17:42',NULL,NULL,NULL),(1115,3,1331.38,1120,'2025-04-18 13:17:55',NULL,NULL,NULL),(1116,3,1331.4,1107,'2025-04-18 13:18:08',NULL,NULL,NULL),(1117,3,1331.42,878,'2025-04-18 13:18:20',NULL,NULL,NULL),(1118,3,1331.44,925,'2025-04-18 13:18:33',NULL,NULL,NULL),(1119,3,1331.46,878,'2025-04-18 13:18:46',NULL,NULL,NULL),(1120,3,1331.48,849,'2025-04-18 13:18:58',NULL,NULL,NULL),(1121,3,1331.5,946,'2025-04-18 13:19:11',NULL,NULL,NULL),(1122,3,1331.52,871,'2025-04-18 13:19:24',NULL,NULL,NULL),(1123,3,1331.54,843,'2025-04-18 13:19:36',NULL,NULL,NULL),(1124,3,1331.56,1042,'2025-04-18 13:19:49',NULL,NULL,NULL),(1125,3,1331.58,911,'2025-04-18 13:20:02',NULL,NULL,NULL),(1126,3,1331.6,1020,'2025-04-18 13:20:14',NULL,NULL,NULL),(1127,3,1331.62,1017,'2025-04-18 13:20:27',NULL,NULL,NULL),(1128,3,1331.64,1125,'2025-04-18 13:20:39',NULL,NULL,NULL),(1129,3,1331.66,1080,'2025-04-18 13:20:52',NULL,NULL,NULL),(1130,3,1331.68,913,'2025-04-18 13:21:05',NULL,NULL,NULL),(1131,3,1331.7,943,'2025-04-18 13:21:17',NULL,NULL,NULL),(1132,3,1331.72,1110,'2025-04-18 13:21:30',NULL,NULL,NULL),(1133,3,1331.74,921,'2025-04-18 13:21:42',NULL,NULL,NULL),(1134,3,1331.76,853,'2025-04-18 13:21:55',NULL,NULL,NULL),(1135,3,1331.78,1095,'2025-04-18 13:22:09',NULL,NULL,NULL),(1136,3,1331.8,1031,'2025-04-18 13:22:24',NULL,NULL,NULL),(1137,3,1331.82,1112,'2025-04-18 13:22:36',NULL,NULL,NULL),(1138,3,1331.84,862,'2025-04-18 13:22:49',NULL,NULL,NULL),(1139,3,1331.86,1089,'2025-04-18 13:23:01',NULL,NULL,NULL),(1140,3,1331.88,1098,'2025-04-18 13:23:14',NULL,NULL,NULL),(1141,3,1331.9,1089,'2025-04-18 13:23:27',NULL,NULL,NULL),(1142,3,1331.92,852,'2025-04-18 13:23:39',NULL,NULL,NULL),(1143,3,1331.94,1044,'2025-04-18 13:23:52',NULL,NULL,NULL),(1144,3,1331.96,1097,'2025-04-18 13:24:07',NULL,NULL,NULL),(1145,3,1331.98,966,'2025-04-18 13:24:21',NULL,NULL,NULL),(1146,3,1332,1107,'2025-04-18 13:24:37',NULL,NULL,NULL),(1147,3,1332.03,1024,'2025-04-18 13:24:49',NULL,NULL,NULL),(1148,3,1332.05,1111,'2025-04-18 13:25:02',NULL,NULL,NULL),(1149,3,1332.07,974,'2025-04-18 13:25:16',NULL,NULL,NULL),(1150,3,1332.09,920,'2025-04-18 13:25:29',NULL,NULL,NULL),(1151,3,1332.11,1071,'2025-04-18 13:25:42',NULL,NULL,NULL),(1152,3,1332.13,871,'2025-04-18 13:25:55',NULL,NULL,NULL),(1153,3,1332.15,1010,'2025-04-18 13:26:08',NULL,NULL,NULL),(1154,3,1332.17,1126,'2025-04-18 13:26:21',NULL,NULL,NULL),(1155,3,1332.19,1015,'2025-04-18 13:26:34',NULL,NULL,NULL),(1156,3,1332.21,947,'2025-04-18 13:26:47',NULL,NULL,NULL),(1157,3,1332.23,1109,'2025-04-18 13:27:00',NULL,NULL,NULL),(1158,3,1332.25,1087,'2025-04-18 13:27:12',NULL,NULL,NULL),(1159,3,1332.27,1135,'2025-04-18 13:27:25',NULL,NULL,NULL),(1160,3,1332.29,888,'2025-04-18 13:27:38',NULL,NULL,NULL),(1161,3,1332.31,999,'2025-04-18 13:27:51',NULL,NULL,NULL),(1162,3,1332.33,886,'2025-04-18 13:28:03',NULL,NULL,NULL),(1163,3,1332.35,1130,'2025-04-18 13:28:16',NULL,NULL,NULL),(1164,3,1332.37,912,'2025-04-18 13:28:28',NULL,NULL,NULL),(1165,3,1332.39,1027,'2025-04-18 13:28:41',NULL,NULL,NULL),(1166,3,1332.41,1116,'2025-04-18 13:28:53',NULL,NULL,NULL),(1167,3,1332.43,850,'2025-04-18 13:29:06',NULL,NULL,NULL),(1168,3,1332.45,1139,'2025-04-18 13:29:19',NULL,NULL,NULL),(1169,3,1332.47,1040,'2025-04-18 13:29:31',NULL,NULL,NULL),(1170,3,1332.49,1127,'2025-04-18 13:29:44',NULL,NULL,NULL),(1171,3,1332.51,886,'2025-04-18 13:29:56',NULL,NULL,NULL),(1172,3,1332.53,1065,'2025-04-18 13:30:09',NULL,NULL,NULL),(1173,3,1332.55,1125,'2025-04-18 13:30:21',NULL,NULL,NULL),(1174,3,1332.57,1124,'2025-04-18 13:30:34',NULL,NULL,NULL),(1175,3,1332.59,1035,'2025-04-18 13:30:50',NULL,NULL,NULL),(1176,3,1332.62,1101,'2025-04-18 13:31:06',NULL,NULL,NULL),(1177,3,1332.65,1084,'2025-04-18 13:31:20',NULL,NULL,NULL),(1178,3,1332.67,841,'2025-04-18 13:31:32',NULL,NULL,NULL),(1179,3,1332.69,1031,'2025-04-18 13:31:45',NULL,NULL,NULL),(1180,3,1332.71,858,'2025-04-18 13:31:58',NULL,NULL,NULL),(1181,3,1332.73,884,'2025-04-18 13:32:11',NULL,NULL,NULL),(1182,3,1332.75,1098,'2025-04-18 13:32:24',NULL,NULL,NULL),(1183,3,1332.77,889,'2025-04-18 13:32:38',NULL,NULL,NULL),(1184,3,1332.79,884,'2025-04-18 13:32:54',NULL,NULL,NULL),(1185,3,1332.81,928,'2025-04-18 13:33:07',NULL,NULL,NULL),(1186,3,1332.83,1087,'2025-04-18 13:33:20',NULL,NULL,NULL),(1187,3,1332.85,886,'2025-04-18 13:33:33',NULL,NULL,NULL),(1188,3,1332.87,988,'2025-04-18 13:33:48',NULL,NULL,NULL),(1189,3,1332.89,898,'2025-04-18 13:34:02',NULL,NULL,NULL),(1190,3,1332.92,1112,'2025-04-18 13:34:18',NULL,NULL,NULL),(1191,3,1332.95,953,'2025-04-18 13:34:31',NULL,NULL,NULL),(1192,3,1332.97,848,'2025-04-18 13:34:44',NULL,NULL,NULL),(1193,3,1332.99,957,'2025-04-18 13:34:57',NULL,NULL,NULL),(1194,3,1333.01,921,'2025-04-18 13:35:10',NULL,NULL,NULL),(1195,3,1333.03,951,'2025-04-18 13:35:22',NULL,NULL,NULL),(1196,3,1333.05,1078,'2025-04-18 13:35:36',NULL,NULL,NULL),(1197,3,1333.07,946,'2025-04-18 13:35:48',NULL,NULL,NULL),(1198,3,1333.09,1103,'2025-04-18 13:36:01',NULL,NULL,NULL),(1199,3,1333.11,964,'2025-04-18 13:36:15',NULL,NULL,NULL),(1200,3,1333.13,1127,'2025-04-18 13:36:30',NULL,NULL,NULL),(1201,3,1333.16,840,'2025-04-18 13:36:43',NULL,NULL,NULL),(1202,3,1333.18,1047,'2025-04-18 13:36:55',NULL,NULL,NULL),(1203,3,1333.2,1111,'2025-04-18 13:37:12',NULL,NULL,NULL),(1204,3,1333.23,857,'2025-04-18 13:37:30',NULL,NULL,NULL),(1205,3,1333.26,873,'2025-04-18 13:37:45',NULL,NULL,NULL),(1206,3,1333.29,859,'2025-04-18 13:37:58',NULL,NULL,NULL),(1207,3,1333.31,1114,'2025-04-18 13:38:11',NULL,NULL,NULL),(1208,3,1333.33,1078,'2025-04-18 13:38:23',NULL,NULL,NULL),(1209,3,1333.35,955,'2025-04-18 13:38:37',NULL,NULL,NULL),(1210,3,1333.37,901,'2025-04-18 13:38:49',NULL,NULL,NULL),(1211,3,1333.39,1090,'2025-04-18 13:39:02',NULL,NULL,NULL),(1212,3,1333.41,869,'2025-04-18 13:39:15',NULL,NULL,NULL),(1213,3,1333.43,1104,'2025-04-18 13:39:28',NULL,NULL,NULL),(1214,3,1333.45,905,'2025-04-18 13:39:40',NULL,NULL,NULL),(1215,3,1333.47,919,'2025-04-18 13:39:53',NULL,NULL,NULL),(1216,3,1333.49,850,'2025-04-18 13:40:06',NULL,NULL,NULL),(1217,3,1333.51,875,'2025-04-18 13:40:21',NULL,NULL,NULL),(1218,3,1333.53,1048,'2025-04-18 13:40:33',NULL,NULL,NULL),(1219,3,1333.55,892,'2025-04-18 13:40:46',NULL,NULL,NULL),(1220,3,1333.57,1110,'2025-04-18 13:40:58',NULL,NULL,NULL),(1221,3,1333.59,951,'2025-04-18 13:41:14',NULL,NULL,NULL),(1222,3,1333.61,954,'2025-04-18 13:41:29',NULL,NULL,NULL),(1223,3,1333.64,1113,'2025-04-18 13:41:43',NULL,NULL,NULL),(1224,3,1333.66,1114,'2025-04-18 13:41:55',NULL,NULL,NULL),(1225,3,1333.68,955,'2025-04-18 13:42:08',NULL,NULL,NULL),(1226,3,1333.7,854,'2025-04-18 13:42:22',NULL,NULL,NULL),(1227,3,1333.72,849,'2025-04-18 13:42:35',NULL,NULL,NULL),(1228,3,1333.74,891,'2025-04-18 13:42:48',NULL,NULL,NULL),(1229,3,1333.76,1035,'2025-04-18 13:43:00',NULL,NULL,NULL),(1230,3,1333.78,983,'2025-04-18 13:43:13',NULL,NULL,NULL),(1231,3,1333.8,842,'2025-04-18 13:43:25',NULL,NULL,NULL),(1232,3,1333.82,860,'2025-04-18 13:43:38',NULL,NULL,NULL),(1233,3,1333.84,1041,'2025-04-18 13:43:50',NULL,NULL,NULL),(1234,3,1333.86,1110,'2025-04-18 13:44:03',NULL,NULL,NULL),(1235,3,1333.88,910,'2025-04-18 13:44:16',NULL,NULL,NULL),(1236,3,1333.9,1068,'2025-04-18 13:44:28',NULL,NULL,NULL),(1237,3,1333.92,926,'2025-04-18 13:44:41',NULL,NULL,NULL),(1238,3,1333.94,956,'2025-04-18 13:44:54',NULL,NULL,NULL),(1239,3,1333.96,1004,'2025-04-18 13:45:07',NULL,NULL,NULL),(1240,3,1333.98,847,'2025-04-18 13:45:21',NULL,NULL,NULL),(1241,3,1334,1005,'2025-04-18 13:45:34',NULL,NULL,NULL),(1242,3,1334.02,1137,'2025-04-18 13:45:47',NULL,NULL,NULL),(1243,3,1334.04,1139,'2025-04-18 13:46:03',NULL,NULL,NULL),(1244,3,1334.07,949,'2025-04-18 13:46:15',NULL,NULL,NULL),(1245,3,1334.09,1130,'2025-04-18 13:46:28',NULL,NULL,NULL),(1246,3,1334.11,1090,'2025-04-18 13:46:44',NULL,NULL,NULL),(1247,3,1334.14,890,'2025-04-18 13:46:59',NULL,NULL,NULL),(1248,3,1334.17,865,'2025-04-18 13:47:11',NULL,NULL,NULL),(1249,3,1334.19,988,'2025-04-18 13:47:24',NULL,NULL,NULL),(1250,3,1334.21,952,'2025-04-18 13:47:37',NULL,NULL,NULL),(1251,3,1334.23,1131,'2025-04-18 13:47:49',NULL,NULL,NULL),(1252,3,1334.25,1131,'2025-04-18 13:48:02',NULL,NULL,NULL),(1253,3,1334.27,1113,'2025-04-18 13:48:14',NULL,NULL,NULL),(1254,3,1334.29,1096,'2025-04-18 13:48:27',NULL,NULL,NULL),(1255,3,1334.31,974,'2025-04-18 13:48:39',NULL,NULL,NULL),(1256,3,1334.33,913,'2025-04-18 13:48:52',NULL,NULL,NULL),(1257,3,1334.35,999,'2025-04-18 13:49:05',NULL,NULL,NULL),(1258,3,1334.37,888,'2025-04-18 13:49:17',NULL,NULL,NULL),(1259,3,1334.39,910,'2025-04-18 13:49:30',NULL,NULL,NULL),(1260,3,1334.41,1083,'2025-04-18 13:49:42',NULL,NULL,NULL),(1261,3,1334.43,1038,'2025-04-18 13:49:59',NULL,NULL,NULL),(1262,3,1334.46,957,'2025-04-18 13:50:15',NULL,NULL,NULL),(1263,3,1334.49,932,'2025-04-18 13:50:28',NULL,NULL,NULL),(1264,3,1334.51,973,'2025-04-18 13:50:40',NULL,NULL,NULL),(1265,3,1334.53,1082,'2025-04-18 13:50:53',NULL,NULL,NULL),(1266,3,1334.55,1067,'2025-04-18 13:51:05',NULL,NULL,NULL),(1267,3,1334.57,1104,'2025-04-18 13:51:18',NULL,NULL,NULL),(1268,3,1334.59,909,'2025-04-18 13:51:31',NULL,NULL,NULL),(1269,3,1334.61,870,'2025-04-18 13:51:43',NULL,NULL,NULL),(1270,3,1334.63,918,'2025-04-18 13:51:56',NULL,NULL,NULL),(1271,3,1334.65,1012,'2025-04-18 13:52:09',NULL,NULL,NULL),(1272,3,1334.67,974,'2025-04-18 13:52:22',NULL,NULL,NULL),(1273,3,1334.69,1003,'2025-04-18 13:52:36',NULL,NULL,NULL),(1274,3,1334.71,872,'2025-04-18 13:52:48',NULL,NULL,NULL),(1275,3,1334.73,908,'2025-04-18 13:53:01',NULL,NULL,NULL),(1276,3,1334.75,981,'2025-04-18 13:53:14',NULL,NULL,NULL),(1277,3,1334.77,894,'2025-04-18 13:53:26',NULL,NULL,NULL),(1278,3,1334.79,1041,'2025-04-18 13:53:39',NULL,NULL,NULL),(1279,3,1334.81,1014,'2025-04-18 13:53:52',NULL,NULL,NULL),(1280,3,1334.83,977,'2025-04-18 13:54:04',NULL,NULL,NULL),(1281,3,1334.85,1005,'2025-04-18 13:54:17',NULL,NULL,NULL),(1282,3,1334.87,1096,'2025-04-18 13:54:30',NULL,NULL,NULL),(1283,3,1334.89,889,'2025-04-18 13:54:43',NULL,NULL,NULL),(1284,3,1334.91,955,'2025-04-18 13:54:58',NULL,NULL,NULL),(1285,3,1334.93,1014,'2025-04-18 13:55:12',NULL,NULL,NULL),(1286,3,1334.95,1118,'2025-04-18 13:55:25',NULL,NULL,NULL),(1287,3,1334.97,1134,'2025-04-18 13:55:38',NULL,NULL,NULL),(1288,3,1334.99,1035,'2025-04-18 13:55:53',NULL,NULL,NULL),(1289,3,1335.01,1118,'2025-04-18 13:56:07',NULL,NULL,NULL),(1290,3,1335.03,996,'2025-04-18 13:56:19',NULL,NULL,NULL),(1291,3,1335.05,954,'2025-04-18 13:56:32',NULL,NULL,NULL),(1292,3,1335.07,974,'2025-04-18 13:56:45',NULL,NULL,NULL),(1293,3,1335.09,995,'2025-04-18 13:56:57',NULL,NULL,NULL),(1294,3,1335.11,1089,'2025-04-18 13:57:10',NULL,NULL,NULL),(1295,3,1335.13,852,'2025-04-18 13:57:23',NULL,NULL,NULL),(1296,3,1335.15,1051,'2025-04-18 13:57:36',NULL,NULL,NULL),(1297,3,1335.17,899,'2025-04-18 13:57:48',NULL,NULL,NULL),(1298,3,1335.19,1053,'2025-04-18 13:58:01',NULL,NULL,NULL),(1299,3,1335.21,1072,'2025-04-18 13:58:14',NULL,NULL,NULL),(1300,3,1335.23,866,'2025-04-18 13:58:26',NULL,NULL,NULL),(1301,3,1335.25,899,'2025-04-18 13:58:39',NULL,NULL,NULL),(1302,3,1335.27,1109,'2025-04-18 13:58:52',NULL,NULL,NULL),(1303,3,1335.29,1138,'2025-04-18 13:59:06',NULL,NULL,NULL),(1304,3,1335.31,958,'2025-04-18 13:59:19',NULL,NULL,NULL),(1305,3,1335.33,866,'2025-04-18 13:59:32',NULL,NULL,NULL),(1306,3,1335.35,872,'2025-04-18 13:59:44',NULL,NULL,NULL),(1307,3,1335.37,1072,'2025-04-18 13:59:57',NULL,NULL,NULL),(1308,3,1335.39,906,'2025-04-18 14:00:10',NULL,NULL,NULL),(1309,3,1335.41,1053,'2025-04-18 14:00:23',NULL,NULL,NULL),(1310,3,1335.43,1086,'2025-04-18 14:00:35',NULL,NULL,NULL),(1311,3,1335.45,1037,'2025-04-18 14:00:49',NULL,NULL,NULL),(1312,3,1335.47,845,'2025-04-18 14:01:02',NULL,NULL,NULL),(1313,3,1335.49,891,'2025-04-18 14:01:17',NULL,NULL,NULL),(1314,3,1335.51,866,'2025-04-18 14:01:30',NULL,NULL,NULL),(1315,3,1335.53,857,'2025-04-18 14:01:42',NULL,NULL,NULL),(1316,3,1335.55,940,'2025-04-18 14:01:55',NULL,NULL,NULL),(1317,3,1335.57,1103,'2025-04-18 14:02:08',NULL,NULL,NULL),(1318,3,1335.59,1116,'2025-04-18 14:02:21',NULL,NULL,NULL),(1319,3,1335.61,1105,'2025-04-18 14:02:33',NULL,NULL,NULL),(1320,3,1335.63,914,'2025-04-18 14:02:47',NULL,NULL,NULL),(1321,3,1335.65,846,'2025-04-18 14:03:00',NULL,NULL,NULL),(1322,3,1335.67,975,'2025-04-18 14:03:13',NULL,NULL,NULL),(1323,3,1335.69,884,'2025-04-18 14:03:28',NULL,NULL,NULL),(1324,3,1335.69,1037,'2025-04-18 14:05:02',NULL,NULL,NULL),(1325,3,1335.71,887,'2025-04-18 14:05:14',NULL,NULL,NULL),(1326,3,1335.73,1134,'2025-04-18 14:05:29',NULL,NULL,NULL),(1327,3,1335.75,1127,'2025-04-18 14:05:42',NULL,NULL,NULL),(1328,3,1335.77,864,'2025-04-18 14:05:54',NULL,NULL,NULL),(1329,3,1335.79,1054,'2025-04-18 14:06:09',NULL,NULL,NULL),(1330,3,1335.79,914,'2025-04-19 01:49:46',NULL,NULL,NULL),(1331,3,1335.81,1048,'2025-04-19 01:49:59',NULL,NULL,NULL),(1332,3,1335.83,942,'2025-04-19 01:50:12',NULL,NULL,NULL),(1333,3,1335.85,844,'2025-04-19 01:50:25',NULL,NULL,NULL),(1334,3,1335.87,1070,'2025-04-19 01:50:37',NULL,NULL,NULL),(1335,3,1335.89,916,'2025-04-19 01:50:50',NULL,NULL,NULL),(1336,3,1335.91,898,'2025-04-19 01:51:02',NULL,NULL,NULL),(1337,3,1335.93,1076,'2025-04-19 01:51:15',NULL,NULL,NULL),(1338,3,1335.95,1114,'2025-04-19 01:51:27',NULL,NULL,NULL),(1339,3,1335.97,1087,'2025-04-19 01:51:40',NULL,NULL,NULL),(1340,3,1335.99,964,'2025-04-19 01:51:52',NULL,NULL,NULL),(1341,3,1336.01,980,'2025-04-19 01:52:05',NULL,NULL,NULL),(1342,3,1336.03,971,'2025-04-19 01:52:18',NULL,NULL,NULL),(1343,3,1336.05,1115,'2025-04-19 01:52:30',NULL,NULL,NULL),(1344,3,1336.07,903,'2025-04-19 01:52:43',NULL,NULL,NULL),(1345,3,1336.09,931,'2025-04-19 01:52:55',NULL,NULL,NULL),(1346,3,1336.11,1116,'2025-04-19 01:53:08',NULL,NULL,NULL),(1347,3,1336.13,1082,'2025-04-19 01:53:21',NULL,NULL,NULL),(1348,3,1336.15,1133,'2025-04-19 01:53:33',NULL,NULL,NULL),(1349,3,1336.17,1004,'2025-04-19 01:53:46',NULL,NULL,NULL),(1350,3,1336.19,1133,'2025-04-19 01:53:59',NULL,NULL,NULL),(1351,3,1336.21,1089,'2025-04-19 01:54:12',NULL,NULL,NULL),(1352,3,1336.23,869,'2025-04-19 01:54:26',NULL,NULL,NULL),(1353,3,1336.25,924,'2025-04-19 01:54:41',NULL,NULL,NULL),(1354,3,1336.27,958,'2025-04-19 01:54:56',NULL,NULL,NULL),(1355,3,1336.3,934,'2025-04-19 01:55:09',NULL,NULL,NULL),(1356,3,1336.32,927,'2025-04-19 01:55:21',NULL,NULL,NULL),(1357,3,1336.34,1083,'2025-04-19 01:55:35',NULL,NULL,NULL),(1358,3,1336.36,1062,'2025-04-19 01:55:51',NULL,NULL,NULL),(1359,3,1336.39,841,'2025-04-19 01:56:04',NULL,NULL,NULL),(1360,3,1336.41,844,'2025-04-19 01:56:18',NULL,NULL,NULL),(1361,3,1336.43,896,'2025-04-19 01:56:33',NULL,NULL,NULL),(1362,3,1336.45,858,'2025-04-19 01:56:45',NULL,NULL,NULL),(1363,3,1336.47,874,'2025-04-19 01:56:58',NULL,NULL,NULL),(1364,3,1336.49,913,'2025-04-19 01:57:11',NULL,NULL,NULL),(1365,3,1336.51,941,'2025-04-19 01:57:23',NULL,NULL,NULL),(1366,3,1336.53,920,'2025-04-19 01:57:36',NULL,NULL,NULL),(1367,3,1336.55,984,'2025-04-19 01:57:49',NULL,NULL,NULL),(1368,3,1336.57,1000,'2025-04-19 01:58:02',NULL,NULL,NULL),(1369,3,1336.59,1127,'2025-04-19 01:58:14',NULL,NULL,NULL),(1370,3,1336.61,968,'2025-04-19 01:58:27',NULL,NULL,NULL),(1371,3,1336.61,925,'2025-04-19 01:58:47',NULL,NULL,NULL),(1372,3,1336.61,864,'2025-04-19 02:57:32',NULL,NULL,NULL),(1373,3,1336.63,968,'2025-04-19 02:57:47',NULL,NULL,NULL),(1374,3,1336.66,1091,'2025-04-19 02:58:00',NULL,NULL,NULL),(1375,3,1336.68,1001,'2025-04-19 02:58:12',NULL,NULL,NULL),(1376,3,1336.68,1044,'2025-04-19 03:01:55',NULL,NULL,NULL),(1377,3,1336.7,1093,'2025-04-19 03:02:09',NULL,NULL,NULL),(1378,3,1336.72,1028,'2025-04-19 03:02:21',NULL,NULL,NULL),(1379,3,1336.74,875,'2025-04-19 03:02:34',NULL,NULL,NULL),(1380,3,1336.76,1124,'2025-04-19 03:02:47',NULL,NULL,NULL),(1381,3,1336.78,840,'2025-04-19 03:02:59',NULL,NULL,NULL),(1382,3,1336.8,864,'2025-04-19 03:03:12',NULL,NULL,NULL),(1383,3,1336.82,1065,'2025-04-19 03:03:25',NULL,NULL,NULL),(1384,3,1336.84,950,'2025-04-19 03:03:39',NULL,NULL,NULL),(1385,3,1336.86,1122,'2025-04-19 03:03:51',NULL,NULL,NULL),(1386,3,1336.88,984,'2025-04-19 03:04:04',NULL,NULL,NULL),(1387,3,1336.9,974,'2025-04-19 03:04:17',NULL,NULL,NULL),(1388,3,1336.92,841,'2025-04-19 03:04:30',NULL,NULL,NULL),(1389,3,1336.94,1065,'2025-04-19 03:04:43',NULL,NULL,NULL),(1390,3,1336.96,1058,'2025-04-19 03:04:56',NULL,NULL,NULL),(1391,3,1336.98,924,'2025-04-19 03:05:08',NULL,NULL,NULL),(1392,3,1337,933,'2025-04-19 03:05:21',NULL,NULL,NULL),(1393,3,1337.02,954,'2025-04-19 03:05:34',NULL,NULL,NULL),(1394,3,1337.04,1082,'2025-04-19 03:05:46',NULL,NULL,NULL),(1395,3,1337.06,1015,'2025-04-19 03:05:59',NULL,NULL,NULL),(1396,3,1337.08,893,'2025-04-19 03:06:12',NULL,NULL,NULL),(1397,3,1337.1,1011,'2025-04-19 03:06:24',NULL,NULL,NULL),(1398,3,1337.12,977,'2025-04-19 03:06:37',NULL,NULL,NULL),(1399,3,1337.14,871,'2025-04-19 03:06:49',NULL,NULL,NULL),(1400,3,1337.16,1088,'2025-04-19 03:07:02',NULL,NULL,NULL),(1401,3,1337.18,1065,'2025-04-19 03:07:14',NULL,NULL,NULL),(1402,3,1337.2,1015,'2025-04-19 03:07:27',NULL,NULL,NULL),(1403,3,1337.22,1040,'2025-04-19 03:07:39',NULL,NULL,NULL),(1404,3,1337.24,1117,'2025-04-19 03:07:52',NULL,NULL,NULL),(1405,3,1337.26,898,'2025-04-19 03:08:04',NULL,NULL,NULL),(1406,3,1337.28,890,'2025-04-19 03:08:17',NULL,NULL,NULL),(1407,3,1337.3,852,'2025-04-19 03:08:29',NULL,NULL,NULL),(1408,3,1337.32,878,'2025-04-19 03:08:42',NULL,NULL,NULL),(1409,3,1337.34,1046,'2025-04-19 03:08:54',NULL,NULL,NULL),(1410,3,1337.36,974,'2025-04-19 03:09:07',NULL,NULL,NULL),(1411,3,1337.38,1033,'2025-04-19 03:09:19',NULL,NULL,NULL),(1412,3,1337.4,853,'2025-04-19 03:09:32',NULL,NULL,NULL),(1413,3,1337.42,1037,'2025-04-19 03:09:44',NULL,NULL,NULL),(1414,3,1337.44,953,'2025-04-19 03:09:57',NULL,NULL,NULL),(1415,3,1337.46,1114,'2025-04-19 03:10:10',NULL,NULL,NULL),(1416,3,1337.48,867,'2025-04-19 03:10:22',NULL,NULL,NULL),(1417,3,1337.5,899,'2025-04-19 03:10:35',NULL,NULL,NULL),(1418,3,1337.52,986,'2025-04-19 03:10:47',NULL,NULL,NULL),(1419,3,1337.54,1125,'2025-04-19 03:11:00',NULL,NULL,NULL),(1420,3,1337.56,1101,'2025-04-19 03:11:12',NULL,NULL,NULL),(1421,3,1337.58,1097,'2025-04-19 03:11:25',NULL,NULL,NULL),(1422,3,1337.6,926,'2025-04-19 03:11:39',NULL,NULL,NULL),(1423,3,1337.62,894,'2025-04-19 03:11:53',NULL,NULL,NULL),(1424,3,1337.64,855,'2025-04-19 03:12:05',NULL,NULL,NULL),(1425,3,1337.66,994,'2025-04-19 03:12:18',NULL,NULL,NULL),(1426,3,1337.68,951,'2025-04-19 03:12:31',NULL,NULL,NULL),(1427,3,1337.7,999,'2025-04-19 03:12:44',NULL,NULL,NULL),(1428,3,1337.72,1102,'2025-04-19 03:12:56',NULL,NULL,NULL),(1429,3,1337.74,1010,'2025-04-19 03:13:09',NULL,NULL,NULL),(1430,3,1337.76,1055,'2025-04-19 03:13:21',NULL,NULL,NULL),(1431,3,1337.78,956,'2025-04-19 03:13:34',NULL,NULL,NULL),(1432,3,1337.8,868,'2025-04-19 03:13:46',NULL,NULL,NULL),(1433,3,1337.82,1005,'2025-04-19 03:13:59',NULL,NULL,NULL),(1434,3,1337.84,864,'2025-04-19 03:14:11',NULL,NULL,NULL),(1435,3,1337.86,1068,'2025-04-19 03:14:24',NULL,NULL,NULL),(1436,3,1337.88,880,'2025-04-19 03:14:36',NULL,NULL,NULL),(1437,3,1337.9,866,'2025-04-19 03:14:49',NULL,NULL,NULL),(1438,3,1337.92,1089,'2025-04-19 03:15:01',NULL,NULL,NULL),(1439,3,1337.94,1024,'2025-04-19 03:15:14',NULL,NULL,NULL),(1440,3,1337.96,1095,'2025-04-19 03:15:26',NULL,NULL,NULL),(1441,3,1337.98,1024,'2025-04-19 03:15:39',NULL,NULL,NULL),(1442,3,1338,930,'2025-04-19 03:15:51',NULL,NULL,NULL),(1443,3,1338.02,1037,'2025-04-19 03:16:05',NULL,NULL,NULL),(1444,3,1338.04,989,'2025-04-19 03:16:17',NULL,NULL,NULL),(1445,3,1338.06,918,'2025-04-19 03:16:30',NULL,NULL,NULL),(1446,3,1338.08,949,'2025-04-19 03:16:43',NULL,NULL,NULL),(1447,3,1338.1,1137,'2025-04-19 03:16:55',NULL,NULL,NULL),(1448,3,1338.12,1085,'2025-04-19 03:17:08',NULL,NULL,NULL),(1449,3,1338.14,874,'2025-04-19 03:17:21',NULL,NULL,NULL),(1450,3,1338.16,1074,'2025-04-19 03:17:33',NULL,NULL,NULL),(1451,3,1338.18,975,'2025-04-19 03:17:46',NULL,NULL,NULL),(1452,3,1338.2,872,'2025-04-19 03:17:58',NULL,NULL,NULL),(1453,3,1338.22,1105,'2025-04-19 03:18:11',NULL,NULL,NULL),(1454,3,1338.24,881,'2025-04-19 03:18:23',NULL,NULL,NULL),(1455,3,1338.26,1064,'2025-04-19 03:18:36',NULL,NULL,NULL),(1456,3,1338.28,857,'2025-04-19 03:18:49',NULL,NULL,NULL),(1457,3,1338.3,1049,'2025-04-19 03:19:01',NULL,NULL,NULL),(1458,3,1338.32,1075,'2025-04-19 03:19:14',NULL,NULL,NULL),(1459,3,1338.34,995,'2025-04-19 03:19:26',NULL,NULL,NULL),(1460,3,1338.36,866,'2025-04-19 03:19:40',NULL,NULL,NULL),(1461,3,1338.38,1081,'2025-04-19 03:19:54',NULL,NULL,NULL),(1462,3,1338.4,962,'2025-04-19 03:20:06',NULL,NULL,NULL),(1463,3,1338.42,1008,'2025-04-19 03:20:19',NULL,NULL,NULL),(1464,3,1338.44,940,'2025-04-19 03:20:32',NULL,NULL,NULL),(1465,3,1338.46,1076,'2025-04-19 03:20:45',NULL,NULL,NULL),(1466,3,1338.48,1033,'2025-04-19 03:20:58',NULL,NULL,NULL),(1467,3,1338.5,1088,'2025-04-19 03:21:10',NULL,NULL,NULL),(1468,3,1338.52,982,'2025-04-19 03:21:23',NULL,NULL,NULL),(1469,3,1338.54,985,'2025-04-19 03:21:35',NULL,NULL,NULL),(1470,3,1338.56,877,'2025-04-19 03:21:48',NULL,NULL,NULL),(1471,3,1338.58,956,'2025-04-19 03:22:00',NULL,NULL,NULL),(1472,3,1338.6,841,'2025-04-19 03:22:13',NULL,NULL,NULL),(1473,3,1338.62,877,'2025-04-19 03:22:25',NULL,NULL,NULL),(1474,3,1338.64,1066,'2025-04-19 03:22:38',NULL,NULL,NULL),(1475,3,1338.66,1120,'2025-04-19 03:22:50',NULL,NULL,NULL),(1476,3,1338.68,1046,'2025-04-19 03:23:03',NULL,NULL,NULL),(1477,3,1338.7,918,'2025-04-19 03:23:15',NULL,NULL,NULL),(1478,3,1338.72,1113,'2025-04-19 03:23:28',NULL,NULL,NULL),(1479,3,1338.74,1108,'2025-04-19 03:23:40',NULL,NULL,NULL),(1480,3,1338.76,1123,'2025-04-19 03:23:53',NULL,NULL,NULL),(1481,3,1338.78,1020,'2025-04-19 03:24:06',NULL,NULL,NULL),(1482,3,1338.8,954,'2025-04-19 03:24:18',NULL,NULL,NULL),(1483,3,1338.82,843,'2025-04-19 03:24:31',NULL,NULL,NULL),(1484,3,1338.84,902,'2025-04-19 03:24:43',NULL,NULL,NULL),(1485,3,1338.86,1136,'2025-04-19 03:24:56',NULL,NULL,NULL),(1486,3,1338.88,854,'2025-04-19 03:25:08',NULL,NULL,NULL),(1487,3,1338.9,1137,'2025-04-19 03:25:21',NULL,NULL,NULL),(1488,3,1338.92,1082,'2025-04-19 03:25:33',NULL,NULL,NULL),(1489,3,1338.94,1033,'2025-04-19 03:25:46',NULL,NULL,NULL),(1490,3,1338.96,1086,'2025-04-19 03:25:58',NULL,NULL,NULL),(1491,3,1338.98,958,'2025-04-19 03:26:11',NULL,NULL,NULL),(1492,3,1339,1121,'2025-04-19 03:26:23',NULL,NULL,NULL),(1493,3,1339.02,1128,'2025-04-19 03:26:36',NULL,NULL,NULL),(1494,3,1339.04,1022,'2025-04-19 03:26:49',NULL,NULL,NULL),(1495,3,1339.06,921,'2025-04-19 03:27:01',NULL,NULL,NULL),(1496,3,1339.08,859,'2025-04-19 03:27:14',NULL,NULL,NULL),(1497,3,1339.1,1044,'2025-04-19 03:27:27',NULL,NULL,NULL),(1498,3,1339.12,1012,'2025-04-19 03:27:40',NULL,NULL,NULL),(1499,3,1339.14,1052,'2025-04-19 03:27:52',NULL,NULL,NULL),(1500,3,1339.16,983,'2025-04-19 03:28:05',NULL,NULL,NULL),(1501,3,1339.18,941,'2025-04-19 03:28:18',NULL,NULL,NULL),(1502,3,1339.2,1105,'2025-04-19 03:28:30',NULL,NULL,NULL),(1503,3,1339.22,874,'2025-04-19 03:28:43',NULL,NULL,NULL),(1504,3,1339.24,841,'2025-04-19 03:28:56',NULL,NULL,NULL),(1505,3,1339.26,1113,'2025-04-19 03:29:08',NULL,NULL,NULL),(1506,3,1339.26,874,'2025-04-19 10:33:29',NULL,NULL,NULL),(1507,3,1339.28,1101,'2025-04-19 10:33:43',NULL,NULL,NULL),(1508,3,1339.3,846,'2025-04-19 10:33:56',NULL,NULL,NULL),(1509,3,1339.32,1031,'2025-04-19 10:34:08',NULL,NULL,NULL),(1510,3,1339.34,1052,'2025-04-19 10:34:21',NULL,NULL,NULL),(1511,3,1339.36,1006,'2025-04-19 10:34:36',NULL,NULL,NULL),(1512,3,1339.38,1121,'2025-04-19 10:34:48',NULL,NULL,NULL),(1513,3,1339.4,1053,'2025-04-19 10:35:01',NULL,NULL,NULL),(1514,3,1339.42,1016,'2025-04-19 10:35:15',NULL,NULL,NULL),(1515,3,1339.44,915,'2025-04-19 10:35:28',NULL,NULL,NULL),(1516,3,1339.46,1063,'2025-04-19 10:35:40',NULL,NULL,NULL),(1517,3,1339.48,878,'2025-04-19 10:35:53',NULL,NULL,NULL),(1518,3,1339.5,883,'2025-04-19 10:36:06',NULL,NULL,NULL),(1519,3,1339.52,976,'2025-04-19 10:36:19',NULL,NULL,NULL),(1520,3,1339.54,1034,'2025-04-19 10:36:31',NULL,NULL,NULL),(1521,3,1339.56,1031,'2025-04-19 10:36:44',NULL,NULL,NULL),(1522,3,1339.58,849,'2025-04-19 10:36:56',NULL,NULL,NULL),(1523,3,1339.6,985,'2025-04-19 10:37:09',NULL,NULL,NULL),(1524,3,1339.62,872,'2025-04-19 10:37:22',NULL,NULL,NULL),(1525,3,1339.64,864,'2025-04-19 10:37:34',NULL,NULL,NULL),(1526,3,1339.66,1082,'2025-04-19 10:37:47',NULL,NULL,NULL),(1527,3,1339.68,1066,'2025-04-19 10:38:00',NULL,NULL,NULL),(1528,3,1339.7,893,'2025-04-19 10:38:12',NULL,NULL,NULL),(1529,3,1339.7,1084,'2025-04-20 14:37:03',NULL,NULL,NULL),(1530,3,1339.72,1134,'2025-04-20 14:37:16',NULL,NULL,NULL),(1531,3,1339.74,1012,'2025-04-20 14:37:29',NULL,NULL,NULL),(1532,3,1339.76,987,'2025-04-20 14:37:41',NULL,NULL,NULL),(1533,3,1339.78,1024,'2025-04-20 14:37:54',NULL,NULL,NULL),(1534,3,1339.8,1135,'2025-04-20 14:38:07',NULL,NULL,NULL),(1535,3,1339.82,971,'2025-04-20 14:38:20',NULL,NULL,NULL),(1536,3,1339.84,849,'2025-04-20 14:38:32',NULL,NULL,NULL),(1537,3,1339.86,1079,'2025-04-20 14:38:45',NULL,NULL,NULL),(1538,3,1339.88,856,'2025-04-20 14:38:58',NULL,NULL,NULL),(1539,3,1339.9,1097,'2025-04-20 14:39:10',NULL,NULL,NULL),(1540,3,1339.92,1014,'2025-04-20 14:39:23',NULL,NULL,NULL),(1541,3,1339.92,1087,'2025-04-21 07:35:59',77.7,26.3,'good'),(1542,3,1339.94,918,'2025-04-21 07:36:12',74.2,35.3,'poor'),(1543,3,1339.94,1017,'2025-04-21 07:36:23',80.2,29.8,'medium'),(1544,3,1339.96,1033,'2025-04-21 07:36:36',70.9,25.1,'medium'),(1545,3,1339.98,1115,'2025-04-21 07:36:48',88.2,29.8,'good'),(1546,3,1339.98,850,'2025-04-21 10:43:52',76.8,32.7,'poor'),(1547,3,1340,994,'2025-04-21 10:44:05',81.3,38.7,'medium'),(1548,3,1340.02,1024,'2025-04-21 10:44:18',70.5,39,'medium'),(1549,3,1340.04,1130,'2025-04-21 10:44:31',80,36.4,'medium'),(1550,3,1340.06,1103,'2025-04-21 10:44:44',80.3,33.7,'good'),(1551,3,1340.08,916,'2025-04-21 10:44:56',81.7,39.8,'good'),(1552,3,1340.1,955,'2025-04-21 10:45:09',73.8,26.9,'good'),(1553,3,1340.12,991,'2025-04-21 10:45:21',87.2,30.9,'good'),(1554,3,1340.14,1109,'2025-04-21 10:45:34',86.5,36.7,'medium'),(1555,3,1340.16,956,'2025-04-21 10:45:46',71.9,25.3,'poor'),(1556,3,1340.18,1110,'2025-04-21 10:46:00',70.7,26.1,'medium'),(1557,3,1340.2,882,'2025-04-21 10:46:13',82.8,30.7,'good'),(1558,3,1340.22,1078,'2025-04-21 10:46:28',83.3,32.9,'medium'),(1559,3,1340.24,892,'2025-04-21 10:46:40',81.8,27.4,'good'),(1560,3,1340.26,925,'2025-04-21 10:46:53',88.1,25.6,'good'),(1561,3,1340.28,1000,'2025-04-21 10:47:06',84.1,33.9,'good'),(1562,3,1340.3,897,'2025-04-21 10:47:19',78.6,27.9,'poor'),(1563,3,1340.32,873,'2025-04-21 10:47:32',71.9,32.5,'good'),(1564,3,1340.34,907,'2025-04-21 10:47:44',74.5,30,'poor'),(1565,3,1340.36,936,'2025-04-21 10:47:57',78.7,25.7,'medium'),(1566,3,1340.38,848,'2025-04-21 10:48:09',82.6,25.7,'good'),(1567,3,1340.4,988,'2025-04-21 10:48:22',88.3,27.8,'good'),(1568,3,1340.42,964,'2025-04-21 10:48:34',72,29.2,'good'),(1569,3,1340.44,965,'2025-04-21 10:48:46',89.1,29.4,'medium'),(1570,3,1340.46,846,'2025-04-21 10:48:59',78.7,27.9,'medium'),(1571,3,1340.48,1032,'2025-04-21 10:49:13',84.2,35.2,'good'),(1572,3,1340.5,1030,'2025-04-21 10:49:27',85,29.4,'poor'),(1573,3,1340.52,999,'2025-04-21 10:49:40',70.7,36.4,'good'),(1574,3,1340.54,1135,'2025-04-21 10:49:52',89.3,31.5,'medium'),(1575,3,1340.56,842,'2025-04-21 10:50:06',89,36.1,'poor'),(1576,3,1340.58,1023,'2025-04-21 10:50:20',89.9,34.2,'good'),(1577,3,1340.6,937,'2025-04-21 10:50:33',77.6,36.5,'medium'),(1578,3,1340.62,994,'2025-04-21 10:50:46',74.5,25.1,'good'),(1579,3,1340.64,847,'2025-04-21 10:50:59',73.6,28.3,'medium'),(1580,3,1340.66,1077,'2025-04-21 10:51:14',80.5,29.3,'poor'),(1581,3,1340.69,917,'2025-04-21 10:51:28',88.3,36.8,'good'),(1582,3,1340.71,1112,'2025-04-21 10:51:41',74,34.3,'poor'),(1583,3,1340.73,1065,'2025-04-21 10:51:54',89.4,39.2,'good'),(1584,3,1340.75,1082,'2025-04-21 10:52:08',76.3,32.6,'medium'),(1585,3,1340.77,941,'2025-04-21 10:52:22',72.6,39.7,'good'),(1586,3,1340.79,959,'2025-04-21 10:52:34',83.7,32.9,'good'),(1587,3,1340.81,882,'2025-04-21 10:52:47',80.2,39.2,'good'),(1588,3,1340.83,1137,'2025-04-21 10:52:59',76,26.9,'good'),(1589,3,1340.85,1064,'2025-04-21 10:53:12',82.3,34.2,'poor'),(1590,3,1340.87,1067,'2025-04-21 10:53:25',71,29.3,'good'),(1591,3,1340.89,1129,'2025-04-21 10:53:37',84.1,28.1,'good'),(1592,3,1340.91,940,'2025-04-21 10:53:50',89.8,38.2,'good'),(1593,3,1340.93,1086,'2025-04-21 10:54:02',83.3,32.1,'poor'),(1594,3,1340.95,894,'2025-04-21 10:54:14',80.8,29.2,'good'),(1595,3,1340.97,1063,'2025-04-21 10:54:27',76.2,27.6,'medium'),(1596,3,1340.99,1013,'2025-04-21 10:54:39',84.8,30.8,'medium'),(1597,3,1341.01,1105,'2025-04-21 10:54:52',78,28.5,'poor'),(1598,3,1341.03,892,'2025-04-21 10:55:04',79.5,37.9,'medium'),(1599,3,1341.05,921,'2025-04-21 10:55:17',70.4,26.7,'medium'),(1600,3,1341.07,991,'2025-04-21 10:55:29',84.8,28.4,'good'),(1601,3,1341.07,1004,'2025-04-22 08:43:26',85.3,28.3,'medium'),(1602,3,1341.09,1138,'2025-04-22 08:43:40',86.3,25.3,'poor'),(1603,3,1341.11,890,'2025-04-22 08:43:55',80,38.9,'medium'),(1604,3,1341.13,861,'2025-04-22 08:44:09',82,31.4,'good'),(1605,3,1341.15,1019,'2025-04-22 08:44:24',75.7,39.2,'medium'),(1606,3,1341.17,1061,'2025-04-22 08:44:38',71.8,36.9,'poor'),(1607,3,1341.19,985,'2025-04-22 08:44:52',75.1,32.9,'medium'),(1608,3,1341.21,1041,'2025-04-22 08:45:07',81.3,36.2,'good'),(1609,3,1341.23,957,'2025-04-22 08:45:21',86.2,25.4,'poor'),(1610,3,1341.25,1082,'2025-04-22 08:45:36',80.6,38.1,'good'),(1611,3,1341.27,1093,'2025-04-22 08:45:51',88.6,32.2,'medium'),(1612,3,1341.29,1100,'2025-04-22 08:46:05',73.4,28,'medium'),(1613,3,1341.31,852,'2025-04-22 08:46:20',83.1,32.5,'medium'),(1614,3,1341.33,846,'2025-04-22 08:46:34',70.6,38.2,'good'),(1615,3,1341.35,1114,'2025-04-22 08:46:48',84.5,30.2,'medium'),(1616,3,1341.37,942,'2025-04-22 08:47:03',89.8,27.9,'good'),(1617,3,1341.39,1103,'2025-04-22 08:47:17',88.4,40,'good'),(1618,3,1341.41,912,'2025-04-22 08:47:31',78.3,29.3,'good'),(1619,3,1341.43,1000,'2025-04-22 08:47:45',86.8,31.6,'good'),(1620,3,1341.45,978,'2025-04-22 08:48:00',83.3,36.8,'good');
/*!40000 ALTER TABLE `production_line_status` ENABLE KEYS */;
UNLOCK TABLES;

--
-- Table structure for table `users`
--

DROP TABLE IF EXISTS `users`;
/*!40101 SET @saved_cs_client     = @@character_set_client */;
/*!50503 SET character_set_client = utf8mb4 */;
CREATE TABLE `users` (
  `id` int NOT NULL AUTO_INCREMENT,
  `username` varchar(255) NOT NULL,
  `password` varchar(64) NOT NULL,
  `role` varchar(20) NOT NULL,
  `created_at` timestamp NULL DEFAULT CURRENT_TIMESTAMP,
  `phone` varchar(20) DEFAULT NULL,
  `status` enum('在岗','离岗','请假') DEFAULT '在岗' COMMENT '员工状态',
  `employee_id` varchar(20) DEFAULT NULL,
  `group_id` int DEFAULT NULL COMMENT '所属分组ID',
  PRIMARY KEY (`id`),
  UNIQUE KEY `username` (`username`),
  UNIQUE KEY `username_2` (`username`),
  UNIQUE KEY `employee_id` (`employee_id`)
) ENGINE=InnoDB AUTO_INCREMENT=20 DEFAULT CHARSET=utf8mb4 COLLATE=utf8mb4_0900_ai_ci;
/*!40101 SET character_set_client = @saved_cs_client */;

--
-- Dumping data for table `users`
--

LOCK TABLES `users` WRITE;
/*!40000 ALTER TABLE `users` DISABLE KEYS */;
INSERT INTO `users` VALUES (1,'甲厂长','25f43b1486ad95a1398e3eeb3d83bc4010015fcc9bedb35b432e00298d5021f7','supervisor','2025-04-07 08:37:37','19999999998','在岗','SP0001',0),(2,'甲工长','50d2cec061dab3dc059c09b0bc8e167214fb9780739242687386e3ab978d68b3','foreman','2025-04-07 08:37:37','14578274578','离岗','FM0002',1),(3,'worker','87eba76e7f3164534045ba922e7770fb58bbd14ad732bbf5ba6f11cc56989e6e','member','2025-04-07 08:37:37','18874458888','在岗','WK0003',1),(4,'张安全员','9a72c3f322b7c34eef4c4558f6114664956bbcd448da5fa4377185a188b6a4ce','safety_officer','2025-04-07 08:37:37','15452987466','在岗','SF0004',3),(6,'乙工长','c02994d302dfc314bd1b67c07fb58dd783b0938cf58e4d5b55d94db5a4994550','foreman','2025-04-07 09:26:02','15895959595','在岗','FM0006',2),(8,'张工','312bba6ac1c4274943d7d3c1f346e8e27310c731e407ce5592d82f0d101fbff1','member','2025-04-07 13:26:52',NULL,'请假','WK0008',1),(9,'李安全员','9a72c3f322b7c34eef4c4558f6114664956bbcd448da5fa4377185a188b6a4ce','safety_officer','2025-04-07 13:26:52','15548794946','离岗','SF0009',1),(15,'123456','8d969eef6ecad3c29a3a629280e686cf0c3f5d5a86aff3ca12020c923adc6c92','safety_officer','2025-04-10 07:22:10',NULL,'在岗','SF0015',2),(16,'王工','c02994d302dfc314bd1b67c07fb58dd783b0938cf58e4d5b55d94db5a4994550','member','2025-04-10 14:03:47',NULL,'在岗','WK0016',1),(17,'user_1744294032153_156','b6197fe0d62a4e463edd2925382d4d268c4fce0859378682608efa4fda326f26','member','2025-04-10 14:07:12',NULL,'在岗','WK0017',4),(18,'丙工长','4625fd63b0e96fc0d656ae7381605e48d4a0f63a319fc743adf22688613883c7','foreman','2025-04-10 14:13:11',NULL,'在岗','FM0018',3),(19,'user_1745244134472_532','25f43b1486ad95a1398e3eeb3d83bc4010015fcc9bedb35b432e00298d5021f7','member','2025-04-21 14:02:15',NULL,'在岗','WK0019',NULL);
/*!40000 ALTER TABLE `users` ENABLE KEYS */;
UNLOCK TABLES;

--
-- Table structure for table `workorders`
--

DROP TABLE IF EXISTS `workorders`;
/*!40101 SET @saved_cs_client     = @@character_set_client */;
/*!50503 SET character_set_client = utf8mb4 */;
CREATE TABLE `workorders` (
  `id` int NOT NULL AUTO_INCREMENT,
  `workorder_number` varchar(20) NOT NULL COMMENT '工单编号',
  `task_type` varchar(20) NOT NULL COMMENT '任务类型',
  `task_details` text COMMENT '任务详情',
  `start_time` datetime DEFAULT NULL COMMENT '开始时间',
  `deadline` datetime DEFAULT NULL COMMENT '截止时间',
  `actual_end_time` datetime DEFAULT NULL COMMENT '实际结束时间',
  `creator` varchar(50) DEFAULT NULL COMMENT '发出人',
  `status` varchar(20) NOT NULL DEFAULT '未接受' COMMENT '工单状态',
  `foreman` varchar(50) DEFAULT NULL COMMENT '负责工长',
  `team` varchar(50) DEFAULT NULL COMMENT '负责班组',
  `team_members` varchar(100) DEFAULT NULL COMMENT '负责组员',
  `production_line` varchar(100) DEFAULT NULL COMMENT '产线信息',
  `note` text COMMENT '完成报告',
  `extension_fields` json DEFAULT NULL COMMENT '扩展字段',
  `created_at` timestamp NULL DEFAULT CURRENT_TIMESTAMP COMMENT '创建时间',
  `updated_at` timestamp NULL DEFAULT CURRENT_TIMESTAMP ON UPDATE CURRENT_TIMESTAMP COMMENT '更新时间',
  PRIMARY KEY (`id`),
  UNIQUE KEY `workorder_number` (`workorder_number`)
) ENGINE=InnoDB AUTO_INCREMENT=24 DEFAULT CHARSET=utf8mb4 COLLATE=utf8mb4_0900_ai_ci COMMENT='工单管理表';
/*!40101 SET character_set_client = @saved_cs_client */;

--
-- Dumping data for table `workorders`
--

LOCK TABLES `workorders` WRITE;
/*!40000 ALTER TABLE `workorders` DISABLE KEYS */;
INSERT INTO `workorders` VALUES (1,'WO202504100001','设备维护','数控车床XX-001出现异常噪音，需要检修','2025-04-10 16:40:32','2025-04-11 16:40:32','2025-04-16 21:29:30','FM0002','已完成','FM0002','1','WK0003','1','不是的风格','{\"device_id\": \"ZZT-G01\", \"device_info\": \"组装台G-01 (ZZT-G01)\", \"device_name\": \"组装台G-01\", \"discovery_time\": \"2025-04-03T13:44\"}','2025-04-10 08:40:32','2025-04-16 13:29:31'),(2,'WO202504100002','产线巡检','对1号产线进行例行巡检','2025-04-10 16:40:32','2025-04-10 20:40:32','2025-04-16 20:24:01','FM0002','已完成','FM0002','1','SF0009','1',NULL,'{}','2025-04-10 08:40:33','2025-04-16 12:24:02'),(3,'WO202504100003','排班任务','安排工人操作数控车床XX-001进行零件加工','2025-04-10 16:40:33','2025-04-12 16:40:33',NULL,'FM0002','未接受','FM0002','1',NULL,'1',NULL,'{\"device_id\": \"ZZT-G01\"}','2025-04-10 08:40:33','2025-04-11 13:46:02'),(4,'WO202504100004','设备维护','数控车床XX-001出现异常噪音，需要检修','2025-04-10 16:42:54','2025-04-11 16:42:54','2025-04-16 21:24:05','FM0002','已完成','FM0002','1','WK0003','1','发疯发疯','{\"device_id\": \"ZZT-G01\", \"device_info\": \"组装台G-01 (ZZT-G01)\", \"device_name\": \"组装台G-01\", \"discovery_time\": \"2025-04-03T13:44\"}','2025-04-10 08:42:54','2025-04-16 13:24:05'),(5,'WO202504100005','产线巡检','对1号产线进行例行巡检','2025-04-10 16:42:54','2025-04-10 20:42:54','2025-04-16 20:33:39','FM0002','已完成','FM0002','1','SF0009','1','完成\n','{}','2025-04-10 08:42:55','2025-04-16 12:42:56'),(6,'WO202504100006','排班任务','安排工人操作数控车床XX-001进行零件加工','2025-04-10 16:42:55','2025-04-12 16:42:55',NULL,'FM0002','未接受','FM0002','1',NULL,'1',NULL,'{\"device_id\": \"ZZT-G01\"}','2025-04-10 08:42:55','2025-04-11 13:46:02'),(8,'WO202504110002','排班任务','发发','2025-04-11 21:43:00','2025-04-25 21:43:00',NULL,'FM0002','未接受','FM0002','1','WK0003','3',NULL,'{\"device_id\": \"BZJ-H01\", \"device_info\": \"包装机H-01 (BZJ-H01)\", \"device_name\": \"包装机H-01\"}','2025-04-11 13:43:08','2025-04-11 13:43:08'),(9,'WO202504110003','产线巡检','阿发','2025-04-04 21:44:00','2025-04-13 21:44:00','2025-04-16 20:22:44','FM0002','已完成','FM0002','1','SF0009','1',NULL,'{}','2025-04-11 13:44:47','2025-04-16 12:42:56'),(10,'WO202504110004','设备维修','发发','2025-04-06 21:45:00','2025-04-24 21:45:00',NULL,'FM0002','未接受','FM0002','1','SF0004','1',NULL,'{\"device_id\": \"ZZT-G01\", \"device_info\": \"组装台G-01 (ZZT-G01)\", \"device_name\": \"组装台G-01\", \"discovery_time\": \"2025-04-03T13:44\"}','2025-04-11 13:45:21','2025-04-16 12:42:30'),(11,'WO202504110005','排班任务','发疯','2025-04-20 10:18:19','2025-05-03 22:33:00','2025-04-20 10:18:19','FM0002','已完成','FM0002','1','WK0008','3','方法发疯发疯','{\"device_id\": \"ZZT-G01\", \"device_info\": \"组装台G-01 (ZZT-G01)\", \"device_name\": \"组装台G-01\"}','2025-04-11 14:33:45','2025-04-20 02:18:20'),(12,'WO202504160001','排班任务','bnbb\'','2025-04-17 20:00:12','2025-04-16 21:15:00','2025-04-17 20:00:12','FM0002','已完成','FM0002','1','WK0008','3','完成','{\"device_id\": \"ZZT-G01\", \"device_info\": \"组装台G-01 (ZZT-G01)\", \"device_name\": \"组装台G-01\"}','2025-04-16 13:15:42','2025-04-17 12:00:12'),(14,'WO202504170001','设备维护','非嘎巴v发','2025-04-17 20:31:37','2025-04-18 20:31:37','2025-04-20 10:17:32','WK0008','已完成',NULL,'1',NULL,'3','已维护该设备','{\"device_id\": 6, \"device_info\": \"包装机H-01 (BZJ-H01)\", \"device_name\": \"包装机H-01\", \"discovery_time\": \"2025-04-17 12:31:00\"}','2025-04-17 12:31:37','2025-04-20 02:17:33'),(15,'WO202504200001','设备维护','[紧急] 发疯发疯','2025-04-20 12:35:28','2025-05-02 06:35:00',NULL,'SP0001','未接受','FM0002','1',NULL,'2',NULL,'{\"is_emergency\": true}','2025-04-20 12:35:28','2025-04-20 12:35:28'),(16,'WO202504200002','设备维护','[紧急] 方法','2025-04-20 04:56:00','2025-04-20 06:56:00','2025-04-20 21:07:16','SP0001','已完成','FM0002','1','WK0008','3','方法','{\"device_id\": 5, \"device_info\": 5, \"device_name\": 5, \"is_emergency\": true, \"discovery_time\": \"2025-04-20T04:56:00.000Z\"}','2025-04-20 12:57:59','2025-04-20 13:07:17'),(17,'WO202504200003','设备维护','[紧急]  ERROR ','2025-04-20 05:08:00','2025-04-20 07:08:00','2025-04-20 21:11:25','SP0001','已完成','FM0002','1','SF0009','3','格哈尔','{\"device_id\": 6, \"device_info\": 6, \"device_name\": 6, \"is_emergency\": true, \"discovery_time\": \"2025-04-20T05:08:00.000Z\"}','2025-04-20 13:10:08','2025-04-20 13:11:27'),(18,'WO202504200004','设备维护','故障','2025-04-20 21:47:25','2025-04-21 21:47:25','2025-04-20 21:48:01','WK0008','已完成',NULL,'1',NULL,'3','完成','{\"device_id\": 6, \"device_info\": \"包装机H-01 (BZJ-H01)\", \"device_name\": \"包装机H-01\", \"discovery_time\": \"2025-04-20 13:47:00\"}','2025-04-20 13:47:26','2025-04-20 13:48:02'),(19,'WO202504200005','设备维护','帆帆帆帆','2025-04-20 21:48:29','2025-04-21 21:48:29','2025-04-20 21:48:48','WK0008','已完成',NULL,'1',NULL,'3','你是','{\"device_id\": 6, \"device_info\": \"包装机H-01 (BZJ-H01)\", \"device_name\": \"包装机H-01\", \"discovery_time\": \"2025-04-20 13:48:00\"}','2025-04-20 13:48:30','2025-04-20 13:48:50'),(20,'WO202504220001','产线巡检','[紧急] 紧急','2025-04-22 03:14:00','2025-04-22 05:14:00',NULL,'SP0001','未接受','FM0002','1','WK0008','3',NULL,'{\"is_emergency\": true}','2025-04-22 11:16:23','2025-04-22 11:16:23'),(21,'WO202504220002','产线巡检','发发发发发方法','2025-04-22 19:19:00','2025-04-24 19:19:00',NULL,'FM0002','未接受','FM0002','1','SF0009','3',NULL,'{}','2025-04-22 11:19:36','2025-04-22 11:19:36'),(22,'WO202504220003','设备维护','帆帆帆帆','2025-04-22 19:20:27','2025-04-23 19:20:27',NULL,'WK0008','未接受',NULL,'1',NULL,'3',NULL,'{\"device_id\": 6, \"device_info\": \"包装机H-01 (BZJ-H01)\", \"device_name\": \"包装机H-01\", \"discovery_time\": \"2025-04-22 11:20:00\"}','2025-04-22 11:20:28','2025-04-22 11:20:28'),(23,'WO202504220004','设备维护','test','2025-04-22 19:27:41','2025-04-23 19:27:41',NULL,'WK0008','未接受',NULL,'1',NULL,'3',NULL,'{\"device_id\": 6, \"device_info\": \"包装机H-01 (BZJ-H01)\", \"device_name\": \"包装机H-01\", \"discovery_time\": \"2025-04-22 11:27:00\"}','2025-04-22 11:27:42','2025-04-22 11:27:42');
/*!40000 ALTER TABLE `workorders` ENABLE KEYS */;
UNLOCK TABLES;

--
-- Dumping events for database 'industry_db'
--

--
-- Dumping routines for database 'industry_db'
--
/*!40103 SET TIME_ZONE=@OLD_TIME_ZONE */;

/*!40101 SET SQL_MODE=@OLD_SQL_MODE */;
/*!40014 SET FOREIGN_KEY_CHECKS=@OLD_FOREIGN_KEY_CHECKS */;
/*!40014 SET UNIQUE_CHECKS=@OLD_UNIQUE_CHECKS */;
/*!40101 SET CHARACTER_SET_CLIENT=@OLD_CHARACTER_SET_CLIENT */;
/*!40101 SET CHARACTER_SET_RESULTS=@OLD_CHARACTER_SET_RESULTS */;
/*!40101 SET COLLATION_CONNECTION=@OLD_COLLATION_CONNECTION */;
/*!40111 SET SQL_NOTES=@OLD_SQL_NOTES */;

-- Dump completed on 2025-04-24  9:07:20
